id,date_premier_courriel,mois,theme,sous_theme,bogue,langue,pays,no_commande,date_commande,delai_jours,etiquettes,sujet
019f8a94-b585-73a2-b3f7-f1414615c08e,2026-07-27,2026-07,suivi_livraison,,,fr,,,,,,RE: Tarif Drop-off
e4b03cab-563e-4061-b089-204aaab8b92e,2026-07-30,2026-07,douane_international,,,en,,,,,,回复： SHENZHEN-TUNIS 18rolls SB-YWS26070417
691c16e3-fd90-40a2-b730-8641f0cfb9d4,2025-12-18,2025-12,modification_annulation_commande,,,fr,CA,L-50448,2026-05-30,,Support/Draft AI Support|Support/MERGE|Support/Mise à jour commande,Re: Commande L-50448 confirmée
0d5dad19-30a4-424c-a470-ee63c4a2145b,2026-05-28,2026-05,autre,,,fr,,,,,,"Re: Bonjour,bonne idée ""les oreillers"",mais quel est le produit de remplissage qui complète le 35% d'asclépiade?Merci,"
cf9ae5cd-b11f-4f6f-aba8-a5bbee5071a7,2026-05-24,2026-05,wholesale_b2b,,,fr,,,,,,Re: Merci de ton soutien
9c5bd27f-c06f-4765-adbc-6573fa13d327,2026-06-23,2026-06,question_pre_achat,,,fr,,,,,,RE: [EXTERNAL\EXTERNE:] Re: PARI Assistance Défense - Invitation à soumettre une demande - Lasclay
ce3cf348-5245-4e1b-a911-03cbf5061769,2026-07-06,2026-07,douane_international,,,en,,,,,Opérations/Draft créé,Re: Re: Quote GUANGZHOU---MONTREAL 1Bag+31Rollls+3Wooden Cases//1366KG//7CBM SB-YWS22050137
141d68e7-1e6c-4b41-96a4-8c9526dc7bb8,2026-05-24,2026-05,modification_annulation_commande,,,fr,,,,,,annulation de commande!!!!
1bfe3343-500a-47a7-a4b5-fb85cd18d306,2025-10-15,2025-10,wholesale_b2b,,,fr,,,,,Aménagement,Message from Lasclay
14b7abe4-23b0-4655-8c4f-d67940e07209,2025-12-16,2025-12,probleme_produit_garantie,,,fr,,,,,Opérations/Draft créé,Re: Information - Camping d'hiver
70071189-694f-412a-a419-63da4bb2128f,2026-03-26,2026-03,autre,,,fr,,,,,Opérations/Draft créé,Re: Semences
e26f6dee-21d8-4640-8b02-942300d19b26,2026-05-26,2026-05,retour_echange_remboursement,,,fr,,,,,Opérations/Draft créé,RE: Suite à la matinée Québec International/Auvergne-Rhône-Alpes
78023277-3742-4c48-85d2-f412ee2a8ff2,2026-05-06,2026-05,suivi_livraison,,,en,,,,,Opérations/Draft créé,Re: Fw: Lasclay x ITA Group | Corporate Gifting
01066820-5ee1-4c45-82f4-343526aae6e3,2026-01-15,2026-01,suivi_livraison,,,fr,,,,,Opérations/Draft créé,Re: Partenariat Expédition Himalaya 2026 - Lhotse (8516m)
07fdcc0e-27bd-479e-ab45-8a093cb6e058,2026-02-02,2026-02,wholesale_b2b,,,fr,,,,,Opérations/Draft créé,Réponse automatique : [EXTERNE] Re: Information Sépaq
5ad8ce2b-5265-4363-ba58-1054d747922d,2026-06-04,2026-06,wholesale_b2b,,,fr,,,,,Opérations/Draft créé,Re: White label??
26d3cb90-01f5-47de-a94d-7af0aa759214,2025-11-19,2025-11,question_pre_achat,points_de_vente,,fr,,,,,Opérations/Draft créé|Support/⚡ Ventes - info pré-achat,Re: Point de vente Lac-Mégantic
17f02ba4-3b05-4ba9-a6d1-cc1ab74fe7d1,2025-12-04,2025-12,probleme_produit_garantie,,,fr,,,,,Opérations/Draft créé|Support/R&D/Idées de produits,Re: Gant isolé travail pour inspecteurs
6641d260-4463-4946-9d49-b4c9a830f177,2025-11-18,2025-11,retour_echange_remboursement,,,fr,,,,,À snooze|Support/Draft AI Support|Support/↩️ RETOURS - ECHANGES,Re: Merci de ton soutien
82a1c5de-0742-4b91-827e-5da7648d1c00,2025-12-17,2025-12,retour_echange_remboursement,,,fr,CA,L-43686,2025-12-11,6,Draft AI RÉVISÉ PAR HUMAIN|Support/Draft AI Support|Support/📨Expéditions prioritaires|Support/R&D/Produits horticoles|Support/↩️ RETOURS - ECHANGES,Re: commande L-43686
c3c3f3fa-f28e-4853-b4ff-c4c67b3f648f,2026-02-20,2026-02,retour_echange_remboursement,,,fr,,,,,Support/Draft AI Support|Support/↩️ RETOURS - ECHANGES,Re: Mitaines de four
9c1c70b4-6dd1-4a9a-b3dd-66cb6eaf73ed,2026-07-15,2026-07,reponse_marketing,,,fr,,,,,À snooze|Support/Draft AI Support,Bonjour Gabriel
e4542820-b129-4903-af59-91bae2e9aa1c,2025-12-20,2025-12,retour_echange_remboursement,,,fr,CA,L-40120,2025-10-11,70,Support/Draft AI Support|Support/📨Expéditions prioritaires|Support/↩️ RETOURS - ECHANGES,Re: Commande L-40120 confirmée
8521a83e-5fa4-4385-805f-a78b9a551d67,2026-05-30,2026-05,douane_international,,,fr,,,,,,Résumé de l'activité du compte
e2886165-3694-482a-a9c7-f22671720cc1,2026-07-22,2026-07,autre,,,en,,,,,,"Welcome to Miro, operations! 👋"
ae97e09b-9f9a-48a7-819f-a0129abd9d90,2026-07-22,2026-07,question_pre_achat,,,en,,,,,,You've set a new password
fd7f1523-4b3f-4f61-b8b5-7827c431193a,2026-07-22,2026-07,autre,,,en,,,,,,Sign in to Miro
c6ed70eb-4566-4136-8ce6-ba7e117347f2,2026-07-22,2026-07,autre,,,en,,,,,,Edit on the Miro board: Charte produits Lasclay
96827347-b8bc-4486-bd23-2baf6591c83b,2026-07-22,2026-07,autre,,,en,,,,,,Sign in to Miro
9fd0a4ce-567a-413a-beb7-562e4b99b23e,2026-02-21,2026-02,retour_echange_remboursement,,,fr,CA,L-47242,2026-02-20,1,Draft AI RÉVISÉ PAR HUMAIN|Support/↩️ RETOURS - ECHANGES|Support/⚡ Ventes - info pré-achat,Re: Commande L-47242 confirmée
6ad88b68-5356-4c50-91b5-1bc43c02c574,2026-02-02,2026-02,retour_echange_remboursement,,,en,,,,,Opérations/Draft créé,Re: Re: Milkweed products end of season sale
8a1b0c4d-df1c-421a-b0a2-424e1d5a5ae0,2026-05-31,2026-05,retour_echange_remboursement,,,fr,,,,,À snooze|Draft AI RÉVISÉ PAR HUMAIN|Support/↩️ RETOURS - ECHANGES,Re: 🚨 Il reste moins de 2 jours à la prévente 👀
08af44bf-05b2-49a9-86b0-d2bdcc86542f,2025-11-15,2025-11,retour_echange_remboursement,,,fr,CA,L-40867,2025-11-04,11,Support/Draft AI Support|Support/↩️ RETOURS - ECHANGES|Support/review à traiter,Re: Une commande L-40867 a été livrée
9fa76f73-747d-416d-b499-8b179eeaa070,2025-12-19,2025-12,retour_echange_remboursement,,,fr,,,,,À snooze|Draft AI RÉVISÉ PAR HUMAIN|Support/Draft AI Support|Support/↩️ RETOURS - ECHANGES,Re: Les manteaux sont à Québec!
4704a936-177c-47a9-9fd1-6702b3d24dfc,2026-05-26,2026-05,modification_annulation_commande,,,fr,CA,L-50270,2026-05-30,,À snooze|Support/Draft AI Support|Support/Mise à jour commande,Re: Commande no L-50270
57d172fb-de95-4944-b7c5-5643bf53ff9f,2025-12-14,2025-12,retour_echange_remboursement,,,fr,,,,,Draft AI RÉVISÉ PAR HUMAIN|Support/Draft AI Support|Support/📨Expéditions prioritaires|Support/↩️ RETOURS - ECHANGES,Re: Suivi de commande - on continue de travailler fort
130e5dd6-ad84-4dc5-acf0-ace27825a616,2026-02-01,2026-02,modification_annulation_commande,,,en,,,,,Support/Draft AI Support|Support/Mise à jour commande,Re: 🚨 Annonce majeure 👀
fb071dd9-abf6-4add-bd99-17681cf61fb7,2026-03-02,2026-03,retour_echange_remboursement,,,fr,CA,L-43468,2025-12-09,83,Support/Draft AI Support|Support/Mise à jour commande|Support/↩️ RETOURS - ECHANGES|Support/review à traiter,Re: 🚨 Prévente Printanière 2026 - énorme succès 👀
cd95f31b-a46d-4451-888b-e7e74728c52e,2026-01-13,2026-01,retour_echange_remboursement,,,fr,CA,L-42230,2025-11-29,45,Support/Draft AI Support|Support/Exemple service client|Support/Mise à jour commande|Support/↩️ RETOURS - ECHANGES,Facture L-42230
079a4198-513e-417b-8b0b-fb1044222ef2,2026-01-20,2026-01,retour_echange_remboursement,,,en,CA,L-45509,2026-01-13,7,Support/Mise à jour commande|Support/↩️ RETOURS - ECHANGES,Re: Order L-45509
4243fe68-3ddc-4cb0-8dfc-3808ef8af65a,2025-10-25,2025-10,retour_echange_remboursement,,,en,US,L-38778,2025-09-05,50,Support/Mise à jour commande|Support/↩️ RETOURS - ECHANGES|Support/Réponses / Responses/EN/🚚Tracking / shipping/USA graines shipping,Re: Please refund me
1cc2d89f-6fd7-40c7-b9be-c0996eaafdfd,2025-12-31,2025-12,question_pre_achat,,,fr,CA,L-45136,2025-12-31,0,Support/Mise à jour commande|Support/⚡ Ventes - info pré-achat,Re: Une commande L-45136 est en transit
6e2f41b3-190e-472e-ac76-278f782626b2,2025-11-12,2025-11,question_pre_achat,,,fr,,,,,Support/Code Promo|Support/📨Expéditions prioritaires|Support/Mise à jour commande|Support/⚡ Ventes - info pré-achat,Re: Erratum (vente de fin de saison Lasclay)
ef048a62-4098-45dd-9dfc-c7b40d24a9fb,2026-06-12,2026-06,retour_echange_remboursement,,,fr,,,,,Draft AI RÉVISÉ PAR HUMAIN|Opérations/🌱 Problème germination bombes ou graines ❗|Support/↩️ RETOURS - ECHANGES,Re: Boules de semences
379bec71-99d6-4cf6-a796-7a974efcf41b,2026-01-04,2026-01,suivi_livraison,,,fr,,,,,Support/Carte Cadeau|Support/📨Expéditions prioritaires,Re: Carte cadeau
a92fa5b6-c891-4045-bb49-8cd5be66dddc,2025-09-06,2025-09,retour_echange_remboursement,,,en,,,,,À snooze|Support/Mise à jour commande|Opérations/🌱 Problème germination bombes ou graines ❗|Support/↩️ RETOURS - ECHANGES,Re: Milkweed seeds
a901b973-837c-42dd-8e07-f64803278c81,2026-05-24,2026-05,retour_echange_remboursement,,,fr,,,,,À snooze|Draft AI RÉVISÉ PAR HUMAIN|Opérations/🌱 Problème germination bombes ou graines ❗|Support/↩️ RETOURS - ECHANGES,Re: UrgentFwd: Prévente automnale 2025 - Produits d'asclépiade
25d8c50d-8e4a-4b17-9a86-f6c1a11f82c8,2025-11-22,2025-11,retour_echange_remboursement,,,en,US,L-40992,2025-11-08,14,À snooze|Draft AI RÉVISÉ PAR HUMAIN|Support/↩️ RETOURS - ECHANGES|Support/Réponses / Responses/EN/🚚Tracking / shipping/USA graines shipping,Re: L 40992
f33acb0b-f73d-4a3c-a555-e6e3a40eda85,2025-10-23,2025-10,retour_echange_remboursement,,,en,,,,,Support/↩️ RETOURS - ECHANGES|Support/USA|Support/Réponses / Responses/EN/🚚Tracking / shipping/USA graines shipping,Re: Milkweed planting campaign to save monarchs 🦋
ab8ba319-f7c6-4248-b652-67ffed22b517,2026-01-01,2026-01,suivi_livraison,,,fr,,,,,Support/Carte Cadeau|Draft AI RÉVISÉ PAR HUMAIN|Support/📨Expéditions prioritaires,Re: Comment obtenir le certificat de 25$
aeed87af-24b3-4831-81d6-64968942d109,2025-08-16,2025-08,retour_echange_remboursement,,,fr,,,,,Opérations/🌱 Problème germination bombes ou graines ❗|Support/↩️ RETOURS - ECHANGES,Re: Re : Re: Mauvaise expérience...
407ffe35-159f-47e6-bc95-6e0d8125aa3f,2026-01-25,2026-01,retour_echange_remboursement,,promo,fr,CA,L-45805,2026-01-24,1,Support/Code Promo,Re: Rabais de 10% non appliqué sur ma commande
e8341e17-6bdf-48a6-9db1-7626346b1252,2026-02-05,2026-02,question_pre_achat,delai_expedition|prix,promo,fr,,,,,Support/Code Promo|Draft AI RÉVISÉ PAR HUMAIN|Support/⚡ Ventes - info pré-achat,Re: 🚨 Prévente dans 2 heures 👀
ccf43fcf-e8bd-4642-aa4d-fbfddd461e38,2026-03-23,2026-03,question_pre_achat,origine_fabrication,,fr,,,,,Opérations/🌱 Problème germination bombes ou graines ❗|Support/⚡ Ventes - info pré-achat,Re: Garantie de germes
bc294a59-6928-4d7c-80fc-9abb2231912b,2026-03-05,2026-03,retour_echange_remboursement,,,fr,,,,,Support/↩️ RETOURS - ECHANGES,Re: Remboursement
75fac233-21ea-4b5a-a103-be7b4af1fcd7,2026-01-09,2026-01,retour_echange_remboursement,,,fr,CA,L-45351,2026-01-06,3,Support/↩️ RETOURS - ECHANGES,Re: commande
3daa5f21-98ed-4949-92d3-55cfb71c3da4,2026-01-24,2026-01,retour_echange_remboursement,,,fr,CA,L-45843,2026-01-24,0,,Re: Notification de remboursement
27c4127a-c40d-4b9c-9494-b49224414d40,2026-01-30,2026-01,retour_echange_remboursement,,,fr,CA,L-43118,2025-12-07,54,Support/↩️ RETOURS - ECHANGES,Re: URGENT: Une commande L-43118 a été livrée
194fa68f-1547-45fe-b230-e55561bd12b2,2026-01-02,2026-01,retour_echange_remboursement,,,fr,,,,,Support/↩️ RETOURS - ECHANGES,Re: Mitaines retournées.
449995c8-1bbf-419b-a1e1-44cef15e0f9e,2026-02-09,2026-02,wholesale_b2b,,,en,,,,,Opérations/Facture,Fwd: RE: [EXTERNAL] Commande
16318e18-b7aa-4ea0-a2f3-ebf471f8637e,2026-01-26,2026-01,question_pre_achat,points_de_vente,,fr,,,,,Support/⚡ Ventes - info pré-achat,Re:
c2260f70-ea59-46c1-912f-1bc0ee39ea10,2026-01-24,2026-01,modification_annulation_commande,,,fr,CA,L-45518,2026-01-13,11,Support/Mise à jour commande,Re: Une commande L-45518 est en transit
e8cfac7f-b90e-4399-87b6-ed3693e78b69,2026-02-21,2026-02,question_pre_achat,taille,,fr,,,,,Support/⚡ Ventes - info pré-achat,Re: Mitaine/ grandeur
2e6b15d1-8faa-4942-a2e1-700f022e36dd,2025-11-06,2025-11,modification_annulation_commande,,,fr,,L-39174,2025-09-13,54,Support/Mise à jour commande,Ma commande
44bf7ab2-e392-4638-8c02-93a2c5bf4fbc,2025-12-03,2025-12,retour_echange_remboursement,,,fr,CA,L-36112,2025-05-31,186,Support/↩️ RETOURS - ECHANGES,Re: Une commande L-36112 a été livrée
54c8a194-0284-4cc8-a61b-d52e4f70d123,2025-12-15,2025-12,retour_echange_remboursement,,,fr,,,,,Support/↩️ RETOURS - ECHANGES,Re: 2 mois plus tard!
3522eea3-c7a7-4cce-abfd-09eb4874756a,2026-01-15,2026-01,retour_echange_remboursement,,,fr,CA,L-45062,2025-12-29,17,,Re: COMMANDE L-45062
7afd2af4-e7a4-457d-873f-4c3c96f88a47,2026-02-13,2026-02,retour_echange_remboursement,,,fr,,,,,,Re: Achat de mitaines
933e5b0e-abfc-4e36-b682-c7112a6ec3f7,2025-11-29,2025-11,retour_echange_remboursement,,,fr,CA,L-41575,2025-11-19,10,Support/↩️ RETOURS - ECHANGES,Re: Bonjour
2f63ac8e-dc45-4ee0-9f15-060755ffc640,2026-02-10,2026-02,suivi_livraison,,,fr,,,,,,Re: Commande impossible?
38956099-d8ff-4894-9886-33719393e76f,2026-01-13,2026-01,retour_echange_remboursement,,,fr,CA,L-45171,2026-01-01,12,Support/↩️ RETOURS - ECHANGES,Re: Colis reçu mais em double?
143c9011-87f3-48f1-a672-bd4cd87f5dde,2025-12-02,2025-12,retour_echange_remboursement,,,fr,CA,L-41905,2025-11-24,8,Support/R&D/Mitaine|Support/↩️ RETOURS - ECHANGES,Re: commande L-41905 - commentaires
01bcc653-3139-4ff4-9b65-9133674d16dc,2026-01-24,2026-01,wholesale_b2b,,,fr,,,,,Support/Code Promo,Re: Vente de fin de saison 2026
cd52c3d0-f764-4317-ba37-86c730df5adc,2025-09-13,2025-09,retour_echange_remboursement,,,fr,CA,L-38222,2025-08-02,42,Support/R&D/Glacière/glacière brisée|Support/Réponses / Responses/FR/🤔Problèmes et erreurs/Produit défectueux|Support/↩️ RETOURS - ECHANGES,Re: Lasclay Commande L-38222
107883bd-d579-4fdb-be0d-0a147cf4ad87,2025-08-15,2025-08,retour_echange_remboursement,,,fr,CA,L-38123,2025-07-25,21,Support/Cas à voir|Support/Réponses / Responses/FR/🤔Problèmes et erreurs/Produit défectueux|Support/↩️ RETOURS - ECHANGES,Re: Défectuosité concernant vos mitaines de cuisine commande no. L-38123
30a5db31-6245-4ab4-ad85-433226c711a4,2026-01-11,2026-01,retour_echange_remboursement,,,fr,CA,L-41964,2025-11-25,47,Support/↩️ RETOURS - ECHANGES,Re: Commande L-41964 confirmée
492d4c74-e9f9-4342-b7da-6aa38084d94f,2026-01-21,2026-01,suivi_livraison,,,fr,CA,L-45426,2026-01-09,12,Support/📨Expéditions prioritaires,Re: ma commande L-45426 est problématique
c46dc19a-ae25-4725-8bbf-a68f9cd77702,2026-01-25,2026-01,suivi_livraison,,,fr,CA,L-45794,2026-01-24,1,Support/Code Promo,Re: Commande L-45794 confirmée
b90247cd-b6f3-4121-8c93-9f79d1c7ba93,2026-01-24,2026-01,autre,,,fr,,,,,Support/Code Promo,Re: Vente de fin de saison 2026
ab521231-ee73-4e41-b591-a2e6b5043d4e,2026-01-25,2026-01,suivi_livraison,,,en,,,,,Support/Code Promo,Re: end of season - bug with the discounts
b01f6f2b-7fbe-4f3d-a813-c0867ea11441,2026-01-25,2026-01,suivi_livraison,,,fr,,,,,Support/Code Promo|Support/RÉPONSES PRIORITAIRES,Re: Livraison
82a5ab4e-6185-4212-b1b5-24201603c4ad,2026-01-26,2026-01,modification_annulation_commande,,,fr,CA,L-46003,2026-01-26,0,Support/Code Promo,Modification de commande L-46003
1005226e-2b1b-4c59-88fa-2ec9bf219af4,2026-01-15,2026-01,probleme_produit_garantie,,,fr,CA,L-44384,2025-12-17,29,Support/R&D/Glacière|Support/R&D,Re: Contrôle Qualité
79879361-c970-4514-89f5-933d18bca3eb,2026-01-04,2026-01,retour_echange_remboursement,,,fr,CA,L-45263,2026-01-04,0,Support/↩️ RETOURS - ECHANGES,Re: Commande L-45263 confirmée
35f77c0a-1737-47ba-a50d-111bcd65702c,2026-01-01,2026-01,retour_echange_remboursement,,,fr,,,,,Support/↩️ RETOURS - ECHANGES,Re: Commande reçu hier
e9a3d741-4552-4c19-acef-f8499ae01759,2025-10-08,2025-10,question_pre_achat,,,en,,,,,Support/🚚Suivi d'expédition/Chit Chats|Support/🚚Suivi d'expédition/Problème de livraison|Support/⚡ Ventes - info pré-achat,Re: Ear band
818dd8e1-8ae5-4930-9308-945a4df04fc5,2025-12-03,2025-12,retour_echange_remboursement,,,en,CA,L-40910,2025-11-05,28,Support/↩️ RETOURS - ECHANGES,Re: Return and Refund for L-40910
ccdca45d-12db-4d21-aa0d-afc343a4edea,2025-12-16,2025-12,retour_echange_remboursement,,,fr,,,,,Support/↩️ RETOURS - ECHANGES,Re: Retour.
bdd34a26-fc27-49b2-8129-6830a6cfff3f,2025-11-22,2025-11,retour_echange_remboursement,,,fr,CA,L-45587,2026-01-16,,Support/Mise à jour commande|Support/↩️ RETOURS - ECHANGES,Rép. : Une commande L-45587 a été livrée
68aa1445-5d29-41ca-8eb1-3af2b372cfb6,2025-12-10,2025-12,suivi_livraison,,,fr,CA,L-40401,2025-10-23,48,,Re: Une commande L-40401 est en cours de livraison
dbcbea7f-8ded-43ab-81b2-606bfd6b0c4b,2026-01-19,2026-01,suivi_livraison,,,fr,,L-45087,2025-12-29,21,,Re: Vous pouvez retirer le colis de la commande L-45087
9cbd8626-1bca-4a64-a05e-30310fd7369c,2025-11-22,2025-11,modification_annulation_commande,,,fr,CA,L-41302,2025-11-14,8,Support/Mise à jour commande,RE: Commande L-41302 confirmée
683b4436-687f-4344-99a0-ed4cc429e3e7,2025-11-18,2025-11,autre,,,fr,,,,,,Re: Attente de commande
25547fa4-9a18-4618-b766-4856f5a531a7,2025-11-29,2025-11,retour_echange_remboursement,,,fr,,,,,Support/Mise à jour commande|Support/↩️ RETOURS - ECHANGES,Re: Panier d'achat toujours ouvert. Des questions? 😊
c139d909-718d-4593-b081-7242ebde9393,2025-10-03,2025-10,autre,,,fr,,,,,Support/Réponses / Responses/FR/🌱Botanique,Message from Lasclay
2c1c7a25-2bc2-4d3f-b5ee-64621ea9ad5f,2025-08-30,2025-08,probleme_produit_garantie,,,en,,,,,Opérations/🌱 Problème germination bombes ou graines ❗,Re: Fall 2025 Milkweed Products Presale
4778c4e7-b9b1-46ad-9916-789a25cde56e,2025-08-31,2025-08,probleme_produit_garantie,,,fr,,,,,Support/R&D/Glacière/glacière brisée|Support/Réponses / Responses/FR/🤔Problèmes et erreurs/Produit défectueux,Re: TR : Glacière 30L - Lasclay
5c783d7e-6ed1-4bd7-9e0e-b76b283a9e2a,2025-09-15,2025-09,probleme_produit_garantie,,,fr,,,,,Support/Réponses / Responses/FR/🤔Problèmes et erreurs|Support/Réponses / Responses/FR/🧺Usage et entretien,Re: Porte-gobelets qui suintent
a10cfd53-e2db-4fc9-8761-e6c23ccc472b,2025-09-13,2025-09,probleme_produit_garantie,,,en,,,,,Opérations/🌱 Problème germination bombes ou graines ❗,Re: Milkweed products - Fall Launch 2025
b13e1226-edf9-4ce4-a32e-3a6804e2b664,2025-09-07,2025-09,probleme_produit_garantie,,,en,,,,,Opérations/🌱 Problème germination bombes ou graines ❗,Re: Fall 2025 Milkweed Products Presale
f345f110-4724-4872-a439-90a8de975e98,2025-08-30,2025-08,probleme_produit_garantie,,,en,US,L-36963,2025-06-17,74,Opérations/🌱 Problème germination bombes ou graines ❗,Re: Fall 2025 Milkweed Products Presale
24c1a574-a9b8-4616-9b13-17835c380783,2025-09-07,2025-09,probleme_produit_garantie,,,fr,,,,,Opérations/🌱 Problème germination bombes ou graines ❗,Re: Prévente automnale 2025 - Produits d'asclépiade
24ceee28-8bcc-441a-bbbe-e41221cb67b8,2025-08-30,2025-08,probleme_produit_garantie,,,en,,,,,Support/Réponses / Responses/FR/🌱Botanique/Guide et suivi de plantation|Opérations/🌱 Problème germination bombes ou graines ❗,Re: Fall 2025 Milkweed Products Presale
38489565-1cbe-4c2b-a9b3-ab7ecb672945,2025-09-18,2025-09,suivi_livraison,,,en,US,L-39686,2025-09-18,0,Support/Suivi de commande|Support/Réponses / Responses/EN/🚚Tracking / shipping/USA graines shipping,FW: Order L-39686 confirmed
5f103dd7-10f7-40d2-9a6e-aa716835d529,2025-09-06,2025-09,probleme_produit_garantie,,,en,US,L-37024,2025-06-18,80,Opérations/🌱 Problème germination bombes ou graines ❗,Issue with Order L-37024
615280bf-c034-4e40-ab64-c5de4fc1738d,2025-08-30,2025-08,probleme_produit_garantie,,,en,,,,,Opérations/🌱 Problème germination bombes ou graines ❗,Re: Milkweed products - Fall Launch 2025
982f642b-c060-4bb4-bd62-516177c5e97a,2025-08-30,2025-08,probleme_produit_garantie,,,en,,,,,Opérations/🌱 Problème germination bombes ou graines ❗,Milkweed bombs
fc163a06-dc28-4eda-a51d-1aa840a829fe,2025-09-06,2025-09,probleme_produit_garantie,,,en,,,,,Support/Réponses / Responses/FR/🌱Botanique/Guide et suivi de plantation|Opérations/🌱 Problème germination bombes ou graines ❗,Re: Fall 2025 Milkweed Products Presale
2c21f09f-e08b-41ff-84b3-d330183649b0,2025-10-01,2025-10,suivi_livraison,,,en,US,L-39295,2025-09-13,18,Support/🚚Suivi d'expédition/Chit Chats|Support/🚚Suivi d'expédition/Problème de livraison,Status Order L-39295
8419832b-1c2b-49f0-ada8-c9587101716c,2025-09-06,2025-09,probleme_produit_garantie,,,en,,,,,Opérations/🌱 Problème germination bombes ou graines ❗,Re: Fall 2025 Milkweed Products Presale
852f787a-dfba-4bc5-8c27-248d2081957b,2025-09-06,2025-09,probleme_produit_garantie,,,fr,,,,,Support/Réponses / Responses/FR/🤔Problèmes et erreurs/Produit défectueux,Fwd: 6 mois pantoufles
cd6f86a1-9d3a-43c7-9fb3-4eac7be96093,2025-08-30,2025-08,probleme_produit_garantie,,,en,,,,,Opérations/🌱 Problème germination bombes ou graines ❗,Re: Fall 2025 Milkweed Products Presale
e09288a3-cae8-47a9-9fce-ac018876be5a,2025-09-06,2025-09,probleme_produit_garantie,,,en,,,,,Opérations/🌱 Problème germination bombes ou graines ❗,Re: Fall 2025 Milkweed Products Presale
bd6ffc25-2fb0-4ce1-a7ea-d8409cf33c64,2025-10-01,2025-10,suivi_livraison,,,en,US,L-39428,2025-09-13,18,Support/🚚Suivi d'expédition/Chit Chats|Support/🚚Suivi d'expédition/Problème de livraison,My order hasn’t arrived
1badb20b-ed09-4555-bd05-f2d087f5051d,2025-09-06,2025-09,probleme_produit_garantie,,,en,,,,,Opérations/🌱 Problème germination bombes ou graines ❗,Re: Fall 2025 Milkweed Products Presale
2a6152fc-0637-4ac9-9726-dd2cbac33312,2025-08-03,2025-08,probleme_produit_garantie,,,fr,,L-34659,2025-05-09,86,Opérations/🌱 Problème germination bombes ou graines ❗,Re: Suivi de la commande L-34659
2f1f1208-3fba-4e19-a855-d1e0cda6d7a9,2025-09-06,2025-09,probleme_produit_garantie,,,en,,,,,Opérations/🌱 Problème germination bombes ou graines ❗,Re: Fall 2025 Milkweed Products Presale
8531a397-aa5c-4568-8066-ab000af90714,2025-08-26,2025-08,probleme_produit_garantie,,,en,,,,,Opérations/🌱 Problème germination bombes ou graines ❗,Re: Failed seed bombs
bef788d6-dfa7-458f-94a2-33f865512e47,2025-08-30,2025-08,probleme_produit_garantie,,,en,,,,,Opérations/🌱 Problème germination bombes ou graines ❗,Re: Fall 2025 Milkweed Products Presale
e451884d-e8d2-40ed-b583-12b4f6b5f4df,2025-08-14,2025-08,modification_annulation_commande,,,fr,,,,,Support/Mise à jour commande|Support/Suivi de commande,Re: Suivi de ta commande
f7603d8c-b13f-4aba-bd86-8bde55191de7,2025-08-25,2025-08,probleme_produit_garantie,,,fr,,,,,Support/Réponses / Responses/FR/🤔Problèmes et erreurs/Mauvais item reçu|Support/Réponses / Responses/FR/🤔Problèmes et erreurs,Erreur d’ expédition de semelles commande 38312
114e95ea-6194-4ad3-8a13-ca0f3b63e455,2025-09-24,2025-09,suivi_livraison,,,en,,,,,Support/🚚Suivi d'expédition/Chit Chats|Support/🚚Suivi d'expédition/Problème de livraison,
41927094-e333-40af-b83b-10b4001ce0df,2025-09-06,2025-09,probleme_produit_garantie,,,en,,,,,Opérations/🌱 Problème germination bombes ou graines ❗,Re: Fall 2025 Milkweed Products Presale
65971fde-94e0-4f27-875a-d058a19cc1bc,2025-09-11,2025-09,modification_annulation_commande,,,en,,,,,Support/Suivi de commande/Commande introuvable|Support/Suivi de commande,Re: Missing seeds
829cd6b6-c485-4a60-ac2b-7acee5b9f281,2025-09-06,2025-09,probleme_produit_garantie,,,en,,,,,Opérations/🌱 Problème germination bombes ou graines ❗,Re: Fall 2025 Milkweed Products Presale
8db7b2a2-0794-46b2-a5ae-a747415b261d,2025-09-06,2025-09,probleme_produit_garantie,,,en,,,,,Opérations/🌱 Problème germination bombes ou graines ❗,Re: Fall 2025 Milkweed Products Presale
8f2d65d9-633d-46f4-83ea-bc3754c96430,2025-09-20,2025-09,autre,,,fr,,,,,Support/Réponses / Responses/FR/🧺Usage et entretien,Message from Anne LẼpine
bc598ed9-20bb-47e4-bfa8-74477f0fa218,2025-08-30,2025-08,probleme_produit_garantie,,,en,,,,,Opérations/🌱 Problème germination bombes ou graines ❗,Re: Fall 2025 Milkweed Products Presale
5e894c7a-4e2a-4315-9bce-29dbb47da908,2025-10-04,2025-10,suivi_livraison,,,en,US,L-38689,2025-09-03,31,Support/🚚Suivi d'expédition/Chit Chats|Support/🚚Suivi d'expédition/Problème de livraison,Re: A shipment from order L-38689 is on the way
7796c4f5-960b-4cbf-a8aa-33574feafbab,2025-09-13,2025-09,probleme_produit_garantie,,,en,US,L-37275,2025-06-24,81,Opérations/🌱 Problème germination bombes ou graines ❗,Order L-37275
7f680fd0-d0f3-4d98-811c-4875a9205afc,2025-09-29,2025-09,suivi_livraison,,,en,US,L-38686,2025-09-03,26,Support/🚚Suivi d'expédition/Chit Chats|Support/🚚Suivi d'expédition/Problème de livraison,Message from Donn Vitek
80a4ba40-c7ea-48e1-853c-27f318732243,2025-09-15,2025-09,probleme_produit_garantie,,,fr,,,,,Support/Réponses / Responses/FR/🧺Usage et entretien,Re: Défaut
b482b6bd-5846-48a7-a521-ad210016dcbb,2025-08-31,2025-08,probleme_produit_garantie,,,en,,,,,Opérations/🌱 Problème germination bombes ou graines ❗,Re: Milkweed products - Fall Launch 2025
bfc224be-9d80-4fc1-abf6-9192155f320f,2025-09-06,2025-09,probleme_produit_garantie,,,en,,,,,Opérations/🌱 Problème germination bombes ou graines ❗,Re: Fall 2025 Milkweed Products Presale
e04f91a4-448f-4f69-8a14-953183e487c9,2025-08-31,2025-08,probleme_produit_garantie,,,en,,,,,Opérations/🌱 Problème germination bombes ou graines ❗,Re: Fall 2025 Milkweed Products Presale
47f9496a-6856-4600-9931-4396648a4bfc,2025-08-30,2025-08,probleme_produit_garantie,,,en,,,,,Opérations/🌱 Problème germination bombes ou graines ❗,Re: Fall 2025 Milkweed Products Presale
86c46deb-e8f1-41c4-8e77-531d84cddde4,2025-08-26,2025-08,probleme_produit_garantie,,,en,,,,,Support/Réponses / Responses/FR/🤔Problèmes et erreurs/Mauvais item reçu|Support/Réponses / Responses/FR/🤔Problèmes et erreurs,Order-38335
db7cb03c-59c3-4eed-99f3-0cf7afa47063,2025-11-01,2025-11,probleme_produit_garantie,,,en,,,,,Opérations/🌱 Problème germination bombes ou graines ❗,Re: Win a trip to the Monarch Butterfly Sanctuary in Mexico 🦋
d2a4b34a-5ab0-4699-9ee6-d007ebfb322e,2025-08-18,2025-08,probleme_produit_garantie,,,fr,,,,,Opérations/🌱 Problème germination bombes ou graines ❗,Re: Prévente automnale 2025 - Produits d'asclépiade
c9686cc2-97ee-46ba-91f4-2598f072f10e,2025-11-20,2025-11,suivi_livraison,,,en,CA,L-41120,2025-11-10,10,Support/📨Expéditions prioritaires|Support/Réponses / Responses/FR/🤔Problèmes et erreurs/item manquant reship,Re: A shipment from order L-41120 has been delivered
8f2b1dcf-7308-4c99-b85a-73267812a36d,2025-12-04,2025-12,suivi_livraison,,,fr,CA,L-41880,2025-11-24,10,,Commande non reçue malgré l'avis de livraison
94a94544-ae50-49ee-97fe-0cc619bb5b16,2025-12-03,2025-12,retour_echange_remboursement,,,fr,,,,,Support/↩️ RETOURS - ECHANGES,Re: Important: avez-vous bien choisi votre grandeur de mitaines?
65692632-04b6-4e94-99bf-38ddc0cd8086,2025-11-13,2025-11,probleme_produit_garantie,,,en,,,,,Opérations/🌱 Problème germination bombes ou graines ❗,Re: Try Milkweed Products: you could win the trip of a lifetime 🦋
69c8e2f2-a388-4f5d-83dc-df21ec699c7f,2025-11-08,2025-11,probleme_produit_garantie,,,fr,,,,,Opérations/🌱 Problème germination bombes ou graines ❗,Re: Try Milkweed Products: you could win the trip of a lifetime 🦋
5d568204-6a07-4ecf-9cae-416a9092f68a,2025-10-31,2025-10,probleme_produit_garantie,,,en,,,,,Opérations/🌱 Problème germination bombes ou graines ❗,Re: Wondering
5de07040-c0a8-48fc-a845-e25b1a36f612,2025-11-12,2025-11,probleme_produit_garantie,,,en,,,,,Opérations/🌱 Problème germination bombes ou graines ❗,Stratfied seeds
5376273b-7f39-4e8b-8d92-ba9a950a08f5,2025-11-08,2025-11,probleme_produit_garantie,,,en,,,,,Opérations/🌱 Problème germination bombes ou graines ❗,Re: Try Milkweed Products: you could win the trip of a lifetime 🦋
58043811-6adf-4aa5-acfc-2c4d445417ec,2025-12-05,2025-12,retour_echange_remboursement,,,fr,CA,L-41738,2025-11-22,13,,Mitaines trop grandes L-41738
495411a7-030c-41f4-a5f3-fde7259fc5b4,2025-12-03,2025-12,modification_annulation_commande,,,fr,,,,,Support/Mise à jour commande,Re: Important: avez-vous bien choisi votre grandeur de mitaines?
4dbc5a34-fb2e-4d00-b631-20cd57e85f90,2025-11-08,2025-11,suivi_livraison,,,en,CA,L-39132,2025-09-13,56,,Re: Milkweed urban mittens order follow-up
3b60315f-0598-4d01-85e4-c6933749c1ba,2025-11-08,2025-11,probleme_produit_garantie,,,en,,,,,Opérations/🌱 Problème germination bombes ou graines ❗,Re: Try Milkweed Products: you could win the trip of a lifetime 🦋
2929359c-7fae-4a04-b8a3-3fddff005253,2025-10-17,2025-10,question_pre_achat,taille,,fr,,,,,Support/⚡ Ventes - info pré-achat,Re: Poids de la veste en pre-vente
2055bda9-b29e-48f8-983b-52c3ee166453,2025-09-16,2025-09,modification_annulation_commande,,,fr,,L-39238,2025-09-13,3,Support/Mise à jour commande,Re: Suivi de ta précommande Lasclay
2349fa56-59b2-45a7-a4c5-3cc044e6e666,2025-09-13,2025-09,question_pre_achat,points_de_vente,,fr,,,,,Support/Réponses / Responses/FR/🤔Problèmes et erreurs|Support/⚡ Ventes - info pré-achat,Re: Merci énormément pour votre commande
79ba5a6e-1bba-4c7b-a159-5dc3054e61d1,2025-12-21,2025-12,autre,,,?,,,,,,Impossible d’acheter les les mitaines de four . Impossible de les mettre dans le panier pour les commander depuis la mi décembre
a2deaad3-b310-4591-9840-89646d00f0e2,2025-11-25,2025-11,probleme_produit_garantie,,,fr,,,,,,Erreur dans le guide de taille : Tuque sport
dd9a25c9-87e0-4944-91b7-d09f52dfb30b,2025-11-22,2025-11,question_pre_achat,delai_expedition,,fr,,,,,Support/⚡ Ventes - info pré-achat,Re: Pré-commande
7f42c4ca-bd42-4c87-a20b-2537db08bcc6,2025-12-08,2025-12,modification_annulation_commande,,,en,,,,,Support/Mise à jour commande,Shipping
d1f3d0fa-ac51-49cd-9414-d1eb6fbb1162,2025-12-10,2025-12,retour_echange_remboursement,,,fr,CA,L-28688,2024-12-31,344,Support/📨Expéditions prioritaires|Support/↩️ RETOURS - ECHANGES,Re: Commande L-28688 confirmée
e52ca93d-32d9-4a59-83fe-276166c41204,2025-12-22,2025-12,modification_annulation_commande,,,fr,CA,L-43264,2025-12-08,14,Support/Mise à jour commande,Re: Commande L-43264
fc32c047-e532-4021-8d84-0e86027a768e,2025-12-23,2025-12,modification_annulation_commande,,,fr,CA,L-44710,2025-12-22,1,,Doublon de commande
ed152ee5-b6e2-44e2-97d5-87895a2eceb1,2025-10-21,2025-10,suivi_livraison,,,fr,CA,L-40149,2025-10-13,8,,RE: Merci de ton soutien
d20e23ac-65e7-41a7-9f3a-0e7eab4487d0,2025-12-22,2025-12,suivi_livraison,,,fr,,,,,,Rép. : Suivi de commande - on continue de travailler fort
c8aa5e9c-4152-41db-af3b-400eb9acd4fa,2025-12-21,2025-12,suivi_livraison,,,fr,,,,,,Re: Les manteaux sont à Québec!
a99bc258-8ba9-4387-9a79-1955b1c7e9f4,2025-12-09,2025-12,suivi_livraison,,,fr,CA,L-43404,2025-12-09,0,,Re: Commande L-43404 confirmée
ad6251b1-02cd-47f7-844b-c7d852738e61,2025-12-10,2025-12,modification_annulation_commande,,,fr,CA,L-42688,2025-12-03,7,Support/Mise à jour commande,
b138bdc4-bf5a-4c6e-976d-f03036b12d95,2025-12-09,2025-12,modification_annulation_commande,,,fr,,L-42081,2025-11-27,12,Support/Mise à jour commande,Re: Commande L-42081 confirmée
b52c6b92-9f66-4015-a838-2804ed90853b,2025-12-21,2025-12,suivi_livraison,,,fr,,,,,,Re: Suivi de commande - on continue de travailler fort
841f9f5e-9083-4fbc-81c8-0ec8f65d319f,2025-12-21,2025-12,suivi_livraison,,,fr,,,,,,Re: Suivi de commande - on continue de travailler fort
8ea75cea-e6b3-4742-9dcb-64619a10048c,2025-12-20,2025-12,retour_echange_remboursement,,,fr,,,,,Support/↩️ RETOURS - ECHANGES,Re: Suivi de commande - on continue de travailler fort
909ed2b9-4b01-4520-9dac-5b61149d6ca9,2025-12-11,2025-12,modification_annulation_commande,,,fr,,,,,,Re: Merci énormément pour votre commande
6c4c24ea-35d0-434f-9d4b-ca646368e2e6,2025-12-15,2025-12,modification_annulation_commande,,,fr,,,,,Support/Mise à jour commande,Produit jamais reçu.
6cccfcd9-b462-4cd1-8a5e-9d28bf70462c,2025-12-20,2025-12,retour_echange_remboursement,,,fr,,,,,Support/↩️ RETOURS - ECHANGES,Re: Suivi de commande - on continue de travailler fort
795039d6-4140-4ad2-bd19-08a0102dc3ed,2025-12-12,2025-12,suivi_livraison,,,fr,CA,L-43132,2025-12-07,5,Support/📨Expéditions prioritaires,Commande L-43132
6369f3c4-87bb-42f9-8207-82e491a4fe3b,2025-12-20,2025-12,retour_echange_remboursement,,,fr,,,,,Support/↩️ RETOURS - ECHANGES,Re: Suivi de commande - on continue de travailler fort
6949c92c-c852-4647-ad64-cacdff7c92c9,2025-12-02,2025-12,suivi_livraison,,,fr,CA,L-42242,2025-11-29,3,Support/📨Expéditions prioritaires,Re: Important: avez-vous bien choisi votre grandeur de mitaines?
45e7b661-b9a4-4466-abe5-76116e3921aa,2025-12-18,2025-12,suivi_livraison,,,fr,,,,,,Livraison
46afe576-6f5f-416e-a2ea-b38d092b4aa0,2025-12-19,2025-12,suivi_livraison,,,fr,CA,L-43956,2025-12-13,6,,Re: Une commande L-43956 a été livrée
3925e1aa-b333-4359-8e10-ce7f60dd2772,2025-12-14,2025-12,suivi_livraison,,,fr,,,,,Support/R&D/Feedbacks manteaux infolettre,Re: Suivi de ta précommande de manteau d'asclépiade
3b1994ac-6410-49f7-815c-bab6ffc150f7,2025-09-26,2025-09,suivi_livraison,,,en,US,L-39295,2025-09-13,13,Support/🚚Suivi d'expédition/Chit Chats|Support/🚚Suivi d'expédition/Problème de livraison,Re: Refund request: A shipment from order L-39295 is on the way
3f7c1710-5429-46ac-9f30-a355c94c4628,2025-12-16,2025-12,suivi_livraison,,,fr,,,,,,Re: Les manteaux sont arrivés à Montréal
279d9b64-7744-49ea-8e1a-5c01ed8d3257,2025-12-17,2025-12,suivi_livraison,,,fr,CA,L-43122,2025-12-07,10,,Re: Commande L-43122 confirmée
2abd46b0-c4db-4297-99f1-800c7d6f7d2d,2025-12-10,2025-12,modification_annulation_commande,,,fr,CA,L-42733,2025-12-04,6,Support/Mise à jour commande,Re: Commande L-42733 confirmée
2d2b90c6-a75d-41d6-ac6f-f0bf10df4461,2025-12-19,2025-12,retour_echange_remboursement,,,fr,CA,L-42302,2025-11-29,20,Support/↩️ RETOURS - ECHANGES,Re: Une commande L-42302 est en cours de livraison
0d2fc473-2999-441b-b509-b60cf42d62fd,2026-01-01,2026-01,retour_echange_remboursement,,,fr,CA,L-39207,2025-09-13,110,Support/↩️ RETOURS - ECHANGES,Re: Une commande L-39207 est en transit
0f3635ab-f93f-45fd-8b8f-7d2895d3e1c2,2025-11-25,2025-11,question_pre_achat,,,fr,,,,,Support/⚡ Ventes - info pré-achat,Re: Demande d’information articles en pré vente
5bf40c70-d522-43d0-8e76-2d1dceb919da,2025-11-24,2025-11,suivi_livraison,,,fr,CA,L-41299,2025-11-14,10,Support/📨Expéditions prioritaires,Re: Une commande L-41299 est en transit
d161681d-2928-4520-b163-b886d6d5e023,2025-11-23,2025-11,question_pre_achat,taille,,fr,,,,,Support/⚡ Ventes - info pré-achat,Re: Mitaine
c91d6369-4026-469d-8ca7-e26ab86c9632,2025-11-18,2025-11,question_pre_achat,,,fr,,,,,,Message from Robert Delorme
f05cf0d0-ab70-441f-b5a7-3f5826c8087c,2025-11-17,2025-11,wholesale_b2b,,,fr,,,,,,Re: Question - prévente
2e8b611a-70e4-41ff-8d69-97d7006d7c15,2025-11-16,2025-11,autre,,,fr,,,,,,Re: Manteau
55a3fed4-2232-40c9-974b-ebd14bb66b93,2025-09-17,2025-09,retour_echange_remboursement,,,en,,,,,,Re: ATTN: INVOICE OVERDUE - FREIGHTCOM $6628.82
feba29ab-e5d6-4648-8b62-c4ea35664165,2025-11-18,2025-11,suivi_livraison,,,fr,,,,,,Re: Suivi de ta précommande de manteau d'asclépiade
bc53e7e8-e63e-4e9e-a24c-e9674e32fd54,2025-11-17,2025-11,wholesale_b2b,,,fr,,,,,,Re: TELUS
b0d146d4-32f3-46e7-866f-7c59df08e60f,2025-11-18,2025-11,suivi_livraison,,,fr,,,,,,Re: Suivi de ta précommande de manteau d'asclépiade
159cf452-cf1d-4bbd-b77a-e0861ac4ce76,2025-11-06,2025-11,question_pre_achat,chaleur_performance|prix,,en,,,,,,Re: Your order was not completed. Any questions? 😊
62bba087-4ed1-47e6-9cde-d9c021001408,2025-10-25,2025-10,suivi_livraison,,,fr,,,,,,Re: Suivi de ta commande de manteau / veste d'asclépiade
7cbc9013-4a11-4b95-a1cd-27ac9649679d,2025-11-05,2025-11,question_pre_achat,,,fr,,,,,,Re: Vos produits
6bb08f0a-d52a-40f2-8eca-e0f79119118f,2025-10-29,2025-10,retour_echange_remboursement,,,fr,,,,,,Re: Mesur de la main
c28ce28c-3dd4-4890-8021-dbae8bf51cb4,2025-08-17,2025-08,autre,,,fr,,,,,,Re:
cdd655e7-0b0e-4351-a5c9-03d4d7cd8a54,2025-10-15,2025-10,suivi_livraison,,,en,,,,,,Order #e1qbpk - Art of Where
0c84b931-3495-4834-9ee9-e9ca75256476,2025-10-17,2025-10,probleme_produit_garantie,,,fr,CA,L-40213,2025-10-17,0,,Re: Merci de ton soutien
07444476-97d6-495e-899b-214eccc705fd,2025-10-21,2025-10,reponse_marketing,,,fr,,,,,,Re: Merci énormément pour votre commande
ca9cc0f4-545d-491b-9613-32bd3bc20add,2025-10-13,2025-10,question_pre_achat,prix,,en,,,,,Support/⚡ Ventes - info pré-achat,Re: Purchase Milkweed Insulating Non-Woven Batting
595ef45b-fc97-4d59-9999-306da4c341e8,2025-08-28,2025-08,suivi_livraison,,,?,CA,L-34906,2025-05-12,108,Support/🚚Suivi d'expédition/Problème de livraison,Re: Une commande L-34906 est en transit
f2bbc644-f145-46a1-96ec-577501b54fdf,2025-10-09,2025-10,autre,,,fr,,,,,,Re: Besace isotherme en asclépiade
2e3f84e8-0133-4641-a528-bd121f61afcf,2025-08-19,2025-08,retour_echange_remboursement,,,fr,,,,,,Re: Retour de mitaines défectueuse
8156ab28-57bb-4d6d-8a5a-f4cf5b3c2514,2025-10-07,2025-10,autre,,,fr,,,,,,Re: Transporteur
98d1a43f-a3bd-4dc7-b062-03ee4de7f666,2025-10-07,2025-10,suivi_livraison,,,fr,,,,,,Re: suivi 1658
f3b58b2f-0498-41cb-b2c3-77c6074954ef,2025-10-07,2025-10,question_pre_achat,chaleur_performance,,fr,,,,,,Re: Infos
3b87bff0-2514-4659-b5aa-12dc1f6f4b26,2025-10-01,2025-10,probleme_produit_garantie,,,fr,,,,,,Re: Suivi suite à un achat
dc0383db-4e56-4ea5-964c-cf057c7ec9d2,2025-10-05,2025-10,question_pre_achat,,,fr,,,,,,Message from Bruno Hay
f364db68-d93a-427b-9458-4179b723667d,2025-10-02,2025-10,suivi_livraison,,,fr,,,,,,Message from Natalie Saint-Pierre
9dd290d4-a553-40a0-80a5-fdf223b6e87f,2025-08-23,2025-08,suivi_livraison,,,fr,CA,L-38309,2025-08-16,7,Support/🚚Suivi d'expédition/Problème de livraison,Re:
0e2589aa-c22e-415e-88dc-d43eb1b5f0c8,2025-08-14,2025-08,wholesale_b2b,,,en,,,,,Opérations/Facture,Fwd: Facture d’Axxess / Axxess Invoice. Dossier/File (SQSI00135772) Facture/Invoice (SQSI00135772/B)
075d366f-0f19-45b0-9b91-685949330482,2025-08-18,2025-08,wholesale_b2b,,,fr,,,,,Opérations/Facture,Fwd: Facturation Bague monarque Taille 5.5
90714a9d-6201-4b06-8211-cd3493ef2bb1,2025-09-20,2025-09,question_pre_achat,delai_expedition|prix,,fr,,,,,Support/Suivi de commande|Support/⚡ Ventes - info pré-achat,Re: Suivi de ta précommande Lasclay
20696c41-61a2-4f00-91fe-0d382a8f8f06,2025-08-30,2025-08,suivi_livraison,,,fr,,,,,Support/🚚Suivi d'expédition,Re: Commande
28b0973c-40df-47c3-8c67-6ca49a5670e6,2025-09-22,2025-09,suivi_livraison,,,fr,,,,,,Re: Panier d'achat toujours ouvert. Des questions? 😊
c2fabeeb-dfdf-402f-b7e9-cab0dc48310d,2025-09-04,2025-09,retour_echange_remboursement,,,fr,CA,L-38382,2025-08-22,13,,Re: Commande L-38382: Demande de retour le 4 septembre et toujours pas de réponse de votre part
3c8e1064-a8f8-42ff-a065-b9507f23057c,2025-09-23,2025-09,autre,,,fr,,,,,,Message from Marcelle Fafard-Godbout
d6381247-ee05-4a3b-9419-17cec210791c,2025-09-18,2025-09,suivi_livraison,,,fr,,,,,,Re: Panier d'achat toujours ouvert. Des questions? 😊
bf19b0a1-48b2-4f69-b01f-1ea40518444e,2025-09-22,2025-09,autre,,,fr,,,,,,Re: Grandeurs - manteau
77b3fd7c-e203-4758-b93b-24fd2422fde5,2025-09-21,2025-09,reponse_marketing,,,fr,,,,,,Re: Commandes à envoyer
690a13ed-2ed6-4540-99a3-ac29be058c2d,2025-09-18,2025-09,autre,,,fr,,,,,,Message from Marie-Chantal Grégoire
b304ad75-8352-43d1-8b3f-2e2be012df92,2025-09-15,2025-09,autre,,,fr,,,,,,Re: demande entrevue - Pleins feux sur Québec
c6de92fb-cc83-40b3-907e-3f8ab3d6e430,2025-09-13,2025-09,suivi_livraison,,,fr,CA,L-39302,2025-09-13,0,,Re: Commande L-39302 confirmée
dd70ef73-072d-4ff9-9cea-5a605b57a443,2025-09-13,2025-09,autre,,,fr,CA,L-39243,2025-09-13,0,,Re: Commande L-39243 confirmée
67c61615-ec9c-4494-bae1-f6400f098574,2025-09-13,2025-09,autre,,,fr,,,,,,Re: Promotion
78f13353-195b-4233-818b-7919b35a7362,2025-09-13,2025-09,probleme_produit_garantie,,,fr,CA,L-39360,2025-09-13,0,,Re: COMMANDE L-39360
d67a5705-0c6a-4e96-895c-aef249ce91ce,2025-09-15,2025-09,wholesale_b2b,,,fr,CA,L-39138,2025-09-13,2,,Re: commande
4d51ac57-5e77-4028-ad6c-e5b21e9ff674,2025-09-13,2025-09,reponse_marketing,,,en,,,,,,Re: Thank you for your support
cdb5bcdf-a622-4ec6-80e3-2deddcdd33bb,2025-09-13,2025-09,question_pre_achat,chaleur_performance|origine_fabrication,,fr,,,,,,Message from Daphné Touzin
9b7b69a7-da4c-4ea6-97fe-0389af929ba5,2025-09-12,2025-09,wholesale_b2b,,promo,fr,,,,,,Re: Grande Prévente 2025 - Produits d'asclépiade
9664e382-a198-49a2-afdb-f884e8c3fdca,2025-09-08,2025-09,wholesale_b2b,,,fr,,,,,,Re: Prévente automnale 2025 - Produits d'asclépiade
bfbbcb60-7d56-4405-85ae-b7feacc813c0,2025-09-03,2025-09,retour_echange_remboursement,,,fr,,,,,,Message from Marie-Eve Deschenes
e9a8e27d-2923-4778-926a-59c7d97e099b,2025-08-31,2025-08,retour_echange_remboursement,,,fr,,,,,,"Re: Grandeur, cadeau,"
a7196932-72c4-4f69-8dbb-cee537160cbe,2025-08-16,2025-08,wholesale_b2b,,,fr,,,,,,Re: Annonce des nouveaux produits de l'automne
e292e017-6d72-4adc-b061-5db7e0ba1cae,2025-09-08,2025-09,autre,,,en,CA,L-38910,2025-09-07,1,,Re: Commande L-38910 confirmée
650a0490-d661-406a-9c43-109c9079120a,2025-09-06,2025-09,autre,,,en,,,,,,Message from Wendy Stewart Lyons
9ce18122-055a-44fe-96bb-154aec3f2339,2025-08-16,2025-08,probleme_produit_garantie,,,fr,,,,,,Re: Suivi de ta commande
ea974bb8-aade-4e8b-85a2-358c1ad75755,2025-08-13,2025-08,probleme_produit_garantie,,,fr,CA,L-30561,2025-03-08,158,,Re: Sac à dos glacière 30L - Bris
aefcbe78-95f6-4660-b314-c33378b80f27,2025-08-30,2025-08,question_pre_achat,prix,,en,,,,,,Re: Question about milkweed
137582ad-0990-47a3-8f0e-fe87de3bff46,2025-09-03,2025-09,suivi_livraison,,,fr,CA,L-23451,2024-07-15,,,Re: Une commande L-23451 a été livrée
f727135a-b174-459b-a8a7-4cf9fa11c304,2025-08-20,2025-08,probleme_produit_garantie,,,en,US,L-37199,2025-06-22,59,Opérations/🌱 Problème germination bombes ou graines ❗,Re: A shipment from order L-37199 is on the way
7a146e9c-d7cd-4f33-869f-653e90ae3c03,2025-08-30,2025-08,probleme_produit_garantie,,,en,,,,,Opérations/🌱 Problème germination bombes ou graines ❗,Re: Fall 2025 Milkweed Products Presale
f7f2b55f-81d1-41e0-928b-c3edf77f637d,2025-08-25,2025-08,question_pre_achat,chaleur_performance,,fr,,,,,,Re: Coussin d'assise
7e37f7e3-b3c8-4e83-9146-f9e8040d6719,2025-08-05,2025-08,probleme_produit_garantie,,,en,,,,,Opérations/🌱 Problème germination bombes ou graines ❗,Re: Milkweed Bomb Issue
6d5e2447-1b02-498c-8388-ad67b7c1b2a4,2025-08-30,2025-08,probleme_produit_garantie,,,en,,,,,Opérations/🌱 Problème germination bombes ou graines ❗,Re: Fall 2025 Milkweed Products Presale
9e3d3e7c-806c-493e-8ad6-eb9a7e4806b1,2025-08-31,2025-08,probleme_produit_garantie,,,en,,,,,Opérations/🌱 Problème germination bombes ou graines ❗,Re: Fall 2025 Milkweed Products Presale
0c04d016-5291-477d-b2d2-c885feda86db,2025-08-11,2025-08,retour_echange_remboursement,,,fr,,,,,,Re: Garantie
c37bcef0-75eb-498b-92dd-b03de31b4fc6,2025-08-19,2025-08,suivi_livraison,,,fr,,,,,,Re: Commande
93dfae4a-da70-4a2a-b4d4-e08ee8f85fd9,2025-08-23,2025-08,reponse_marketing,,,en,,,,,,Re: Thanks for your support
13411e41-9682-418f-acc5-0efe9235517f,2025-08-17,2025-08,autre,,,fr,,,,,,Re: Veste sans manche
da312705-f248-45c9-b4e3-631b36f0a707,2025-08-12,2025-08,question_pre_achat,,paiement,fr,,,,,,Re: Ton panier est resté ouvert. Avais-tu des questions? 😊
1140c967-e3c6-4d76-9b97-341c7922ba02,2025-08-02,2025-08,suivi_livraison,,,fr,,,,,Support/R&D/Feedbacks manteaux infolettre,Re: Suivi de ta précommande de manteau / veste d'asclépiade
02568858-0bf0-449e-8311-5754e83d96a1,2025-08-03,2025-08,autre,,,fr,,,,,,Re: Quoi faire
520ade0d-2ecc-4b1c-a7c4-3ac22c2ecaa4,2025-10-07,2025-10,suivi_livraison,,,en,,,,,,RE: Following up – Getting Lasclay started with eShipper
d27b9d4a-b00c-4bad-9eff-4e81ed98ea03,2025-10-05,2025-10,wholesale_b2b,,,fr,,,,,,Re: RAMASSAGE 18 OCTOBRE + Rapport de ventes septembre 2025
c6352642-6c13-4be6-8b06-b3a255102bde,2025-10-15,2025-10,retour_echange_remboursement,,,fr,,,,,Support/Réponses / Responses/FR/🌱Botanique,Re: Durée de conservation
fdf20c30-bfda-4d71-af5f-e61cd366cf92,2025-09-28,2025-09,wholesale_b2b,,,fr,,,,,Support/Réponses / Responses/FR/🌱Botanique,Re: Grande Prévente 2025 - Produits d'asclépiade
817e286d-5c6f-4b84-a6bc-0968ede00656,2026-02-21,2026-02,retour_echange_remboursement,,,fr,,,,,Support/Carte Cadeau,Re: Panier d'achat toujours ouvert. Des questions? 😊
5cb3315a-1909-4cff-976f-f7dafa8d43a8,2025-10-01,2025-10,suivi_livraison,,,en,US,L-39533,2025-09-15,16,Support/🚚Suivi d'expédition/Chit Chats|Support/Mise à jour commande|Support/🚚Suivi d'expédition/Problème de livraison,Re: Fwd: Milkweed planting campaign to save monarchs 🦋
c3d57760-9dcc-4310-b7c4-382dfac6a4f6,2025-10-11,2025-10,suivi_livraison,,,en,US,L-39736,2025-09-20,21,Support/🚚Suivi d'expédition/Chit Chats|Support/🚚Suivi d'expédition,Re: Order L-39736
eccf8cf6-e3e9-4e5f-b752-7d8074d8b2db,2025-10-16,2025-10,suivi_livraison,,,en,US,L-39916,2025-09-24,22,Support/🚚Suivi d'expédition/Chit Chats|Support/🚚Suivi d'expédition/Problème de livraison,Order L-39916 confirmed
49cc553a-0d87-4ac4-a05a-83d3bd28b1cc,2025-10-16,2025-10,suivi_livraison,,,en,US,L-39373,2025-09-13,33,Support/🚚Suivi d'expédition/Chit Chats|Support/🚚Suivi d'expédition/Problème de livraison,Re: order # L-39373
904e3bc7-18dd-48c2-b30f-337c17df0fca,2025-10-11,2025-10,suivi_livraison,,,en,US,L-38824,2025-09-06,35,Support/🚚Suivi d'expédition/Chit Chats|Support/🚚Suivi d'expédition/Problème de livraison,Re: A shipment from order L-38824 is on the way
3027040c-204d-4223-a759-58e9bdfbce47,2025-09-16,2025-09,reponse_marketing,,,en,,,,,Marketing/Choix de langue pour Klaviyo,Re: Thank you for your support
a7b1508a-e7f7-4f1a-bd68-f76eca234374,2026-03-05,2026-03,modification_annulation_commande,,promo,fr,CA,L-46593,2026-02-06,27,Support/Code Promo|Support/Draft AI Support|Support/Mise à jour commande,Re: Erratum (vente de fin de saison Lasclay)
030a06db-d1de-436d-bd22-bab366d02f27,2026-02-05,2026-02,modification_annulation_commande,,,fr,,,,,Support/Code Promo|Support/Draft AI Support|Support/Mise à jour commande,Re: Erreur d'adresse
625a7a6b-4c5f-41f2-8e53-764d3e68a07f,2026-03-05,2026-03,modification_annulation_commande,,,fr,,,,,Support/Code Promo|Support/Draft AI Support|Support/Mise à jour commande,Re: Erratum (vente de fin de saison Lasclay)
5d0704a2-8829-4c69-967d-b4f7ccdc0f8f,2026-03-13,2026-03,modification_annulation_commande,,,fr,CA,L-48273,2026-03-13,0,Support/Code Promo|Support/Draft AI Support|Support/Mise à jour commande,Re: Commande L-48273 confirmée
c108ef00-f64a-41f6-be09-5eab2e7618c9,2026-02-05,2026-02,modification_annulation_commande,,,fr,CA,L-46541,2026-02-05,0,Support/Code Promo|Support/Draft AI Support|Support/Mise à jour commande,Re: Commande L-46541 confirmée
a0159383-bc2f-439e-b81c-5a56338dbf02,2026-02-24,2026-02,modification_annulation_commande,,promo,fr,CA,L-47404,2026-02-24,0,Support/Code Promo|Support/Draft AI Support|Support/Mise à jour commande,Re: Commande L-47404
99679635-5134-4628-a2ad-50e0aa6b5634,2026-03-02,2026-03,modification_annulation_commande,,promo,fr,CA,L-47685,2026-03-02,0,Support/Code Promo|Support/Draft AI Support|Support/Mise à jour commande,Re: L-47685 - Rabais 15% non appliquée
e2322ad8-cb24-41fc-8127-02508bd324cc,2026-03-21,2026-03,modification_annulation_commande,,,en,,,,,Support/Code Promo|Support/Draft AI Support|Support/Mise à jour commande,Re: Reminder: your Lasclay order awaits you 😊
a3e1f5ff-3f76-48cf-8e9a-295dfe228b5e,2026-03-06,2026-03,question_pre_achat,prix,,en,,,,,Support/Code Promo|Support/Mise à jour commande|Support/⚡ Ventes - info pré-achat,Re: Your order was not completed. Any questions? 😊
07d7ecac-50f7-48c9-9e52-10908f9ed96e,2026-03-03,2026-03,modification_annulation_commande,,,fr,CA,L-47524,2026-02-27,4,Support/Code Promo|Support/Mise à jour commande,Re: Erratum (vente de fin de saison Lasclay)
3c6fe138-515a-4ceb-b3bc-a3bd0aa0a1cb,2026-03-02,2026-03,retour_echange_remboursement,,promo,fr,CA,L-47804,2026-03-03,,Support/Code Promo|Support/↩️ RETOURS - ECHANGES,Re: Une commande L-47804 a été livrée
ec26938e-91ce-426c-8c6b-6032b17554a8,2026-03-15,2026-03,modification_annulation_commande,,,fr,CA,L-48413,2026-03-15,0,Support/Code Promo|Draft AI RÉVISÉ PAR HUMAIN,Re: Commande L-48413 confirmée
1a3e1557-b125-455a-9e5f-403ce0c19177,2026-03-02,2026-03,question_pre_achat,prix,promo,fr,,,,,Support/Code Promo|Support/⚡ Ventes - info pré-achat,Re: Panier d'achat toujours ouvert. Des questions? 😊
50da004b-c758-41a0-aaf0-8ef84d568976,2026-03-02,2026-03,question_pre_achat,prix,,fr,,,,,Support/Code Promo|Support/⚡ Ventes - info pré-achat,Re: Code promo.
82d209e5-cdad-4371-a264-c024387d7a3f,2026-02-28,2026-02,question_pre_achat,prix,promo,en,,,,,Support/Code Promo|Support/⚡ Ventes - info pré-achat,Re: Discount code
b6cb93ca-4137-421a-a1a6-39c10e8dacb7,2026-03-04,2026-03,question_pre_achat,prix,promo,fr,,,,,Support/Code Promo|Support/⚡ Ventes - info pré-achat,Re: Commande ne fonctionne pas
338ead1d-3a75-4484-bfda-d1b17a88a5ff,2026-03-17,2026-03,suivi_livraison,,,fr,,,,,Support/Code Promo|Draft AI RÉVISÉ PAR HUMAIN,Re: Merci de ton soutien
d84a8130-1baf-4cd5-9edc-72b3cb4260f4,2026-03-06,2026-03,autre,,promo,en,,,,,Support/Code Promo|Draft AI RÉVISÉ PAR HUMAIN,Re: Discount
65dac195-99b4-427d-b570-efbddf20d617,2026-03-11,2026-03,modification_annulation_commande,,promo,fr,CA,L-48168,2026-03-11,0,Support/Code Promo|Support/Mise à jour commande,Re: Rabais non appliqué -commande L-48168
b6160a8f-a369-4ae3-bed6-cf764dd65755,2026-03-03,2026-03,autre,,,fr,,,,,Support/Code Promo,RE: Erratum (vente de fin de saison Lasclay)
44aeca06-2e54-4391-a03d-e910966d5ea1,2026-02-19,2026-02,autre,,,en,,,,,Support/Code Promo,Discount code
dbcd4feb-05fe-4b2f-b715-fad99a6e3680,2026-03-04,2026-03,autre,,,en,,,,,Support/Code Promo,Message from Linda Collins King
0629f7af-6e55-42f8-a69e-92af18f80dbf,2026-03-15,2026-03,modification_annulation_commande,,,en,US,L-48450,2026-03-15,0,Support/Code Promo,Re: Order nimber L-48450
073d80d6-830d-41be-9862-e2d2d05c3edc,2026-02-24,2026-02,autre,,promo,fr,CA,L-47395,2026-02-24,0,Support/Code Promo,Re: Melanie Ducharme # L-47395
599cad6b-6f51-491f-ac7a-0e0959d451f9,2026-02-06,2026-02,probleme_produit_garantie,,,fr,,,,,Support/Code Promo,Re: Comment obtenir le certificat de 25$
a44c8cf2-5c08-46f0-8c55-bba2dc51ee1a,2026-02-01,2026-02,suivi_livraison,,,fr,,,,,Support/Code Promo,Re: Vente fin de saison - bug avec les rabais
cb638fdb-0fdb-483c-abd6-5a457e973ca3,2026-02-05,2026-02,suivi_livraison,,,fr,CA,L-46019,2026-01-26,10,Support/Code Promo|Support/review à traiter,Re: Une commande L-46019 est en transit
e92f6294-0220-490d-ad68-49fa39068b49,2026-02-10,2026-02,question_pre_achat,prix,promo,fr,,,,,Support/Code Promo,Re: Impossible d’appliquer le code de réduction
5977ffc1-75fe-4f44-b431-21e49222cd10,2026-01-24,2026-01,suivi_livraison,,,fr,CA,L-45777,2026-01-24,0,Support/Code Promo,Re: Merci énormément pour votre commande - L-45777
ee830808-7633-41f5-a5a5-cda2611e7120,2026-02-04,2026-02,autre,,,fr,CA,L-46466,2026-02-04,0,Support/Code Promo,Re: Commande L-46466 confirmée
d164f42a-8d63-4921-94d2-6bab8c9b9cc4,2026-02-07,2026-02,probleme_produit_garantie,,,fr,,,,,Support/Code Promo,Re: Fin de saison 2026 - Produits d'asclépiade
3f5f39dc-e487-40d3-ab28-e2b829461d18,2026-02-06,2026-02,suivi_livraison,,promo|livraison_checkout,fr,,,,,Support/Code Promo,Re: Panier d'achat toujours ouvert. Des questions? 😊
92db247c-807f-436c-a645-544ed40fa57b,2025-09-25,2025-09,wholesale_b2b,,,fr,CA,L-39945,2025-09-25,0,Opérations/Facture/Facture - Payée/Contestation du prix,Re: Commande L-39945 confirmée
7fc8b8ba-179f-4bf7-88fd-05a1f0909baf,2025-09-25,2025-09,wholesale_b2b,,,en,,,,,Opérations/Facture/Facture - Payée/Contestation du prix,Re: Discount not showing up on pay pal
98405a91-62a2-4880-8de9-8549aad78f9b,2026-02-04,2026-02,modification_annulation_commande,,,en,,,,,Support/Draft AI Support|Support/Mise à jour commande|Support/USA,Re: Milkweed planting campaign to save monarchs 🦋
95570ced-ca76-4e38-bae9-43be71c81d44,2026-04-22,2026-04,suivi_livraison,,,en,US,L-45225,2026-01-03,109,Support/Draft AI Support|Support/🚚Suivi d'expédition/Graines non livrées|Support/Mise à jour commande,Re: A shipment from order L-45225 is on the way
28280327-7597-43af-a05d-c623029a19fe,2025-11-01,2025-11,suivi_livraison,,,en,US,L-39417,2025-09-13,49,Support/Draft AI Support|Support/Mise à jour commande|Support/Réponses / Responses/EN/🚚Tracking / shipping/USA graines shipping,Re: Order Placed in September
af3d42e4-5691-4d2d-8cc4-6b6b6a9c2c18,2025-11-13,2025-11,suivi_livraison,,,en,US,L-40821,2025-11-02,11,Support/Draft AI Support|Support/Mise à jour commande|Support/Réponses / Responses/EN/🚚Tracking / shipping/USA graines shipping,Re: A shipment from order L-40821 is on the way
485872d0-4d57-48e4-a82b-bef6c77b7b5a,2025-12-03,2025-12,suivi_livraison,,,en,US,L-40687,2025-10-31,33,Support/Draft AI Support|Support/Mise à jour commande|Support/Réponses / Responses/EN/🚚Tracking / shipping/USA graines shipping,Re: Order L-40687 confirmed
8473b1af-7693-423d-8f98-783ecddcc26a,2025-10-02,2025-10,retour_echange_remboursement,,,en,US,L-39572,2025-09-16,16,Support/Draft AI Support|Support/Mise à jour commande|Support/↩️ RETOURS - ECHANGES|Support/Réponses / Responses/EN/🚚Tracking / shipping/USA graines shipping,A shipment from order L-39572 is on the way
5dd82dcb-a28e-4f69-a6e6-df04427f088c,2026-01-05,2026-01,retour_echange_remboursement,,,en,US,L-43474,2025-12-09,27,Support/Draft AI Support|Support/↩️ RETOURS - ECHANGES|Support/USA,Re: Return policy and process
2359a6bf-43b1-472c-971c-80cd09196c3d,2026-01-17,2026-01,retour_echange_remboursement,,,fr,,,,,Opérations/Draft créé,Re: Testeur de matériel Lasclay
244cbbb8-4f1e-4e1e-9b53-22b5d47fe4f1,2025-12-31,2025-12,question_pre_achat,chaleur_performance,,fr,,,,,Opérations/Draft créé,Re: Patronniste pour manteaux manteaux
f302b56b-103b-423d-83c7-30c176bc230b,2025-08-27,2025-08,question_pre_achat,,,en,,,,,Opérations/Draft créé,Re: Milkweed harvest
11f57f35-e077-462f-9d76-612a688f6667,2025-09-20,2025-09,probleme_produit_garantie,,,fr,CA,L-39155,2025-09-13,7,Support/Réponses / Responses/FR/Échantillon manquant,Re: Une commande L-39155 a été livrée
eb43c685-8ee0-4fd8-b167-9badf71565fd,2026-02-13,2026-02,suivi_livraison,,,fr,CA,L-46889,2026-02-10,3,Support/📨Expéditions prioritaires,RE: commande L-46889
0599104e-2a11-4eaa-b73b-82ed6ce0714b,2026-01-03,2026-01,suivi_livraison,,,fr,,,,,Support/📨Expéditions prioritaires,Re: Comment obtenir le certificat de 25$
162c1f00-71cd-4c29-bc33-0f29d7289cdd,2025-12-28,2025-12,retour_echange_remboursement,,,fr,CA,L-42800,2025-12-04,24,Support/📨Expéditions prioritaires|Support/↩️ RETOURS - ECHANGES,Re: Retour tuque
7347317c-64b5-4ff6-8f50-9529c1a986c3,2026-01-06,2026-01,suivi_livraison,,,fr,CA,L-42397,2025-12-01,36,Support/📨Expéditions prioritaires,Re: Carte-cadeau Lasclay d'un montant de $25
7116d01c-5810-4787-b73e-7663d60e9104,2025-12-27,2025-12,suivi_livraison,,,fr,CA,L-45011,2025-12-27,0,Support/📨Expéditions prioritaires,Re: Commande l-45011
29dd22b4-eb0a-4fca-923b-5f74d4c08b38,2025-12-16,2025-12,suivi_livraison,,,fr,,,,,Support/📨Expéditions prioritaires,Re: Produit defectueux
4c26aa2f-5e7a-4f80-a286-600bd93e143a,2025-12-01,2025-12,suivi_livraison,,,fr,,,,,Support/📨Expéditions prioritaires,ERREUR SUR MA COMMANDE
81d70f2d-ca6c-4583-a801-7ef8e0ecde7f,2025-11-15,2025-11,suivi_livraison,,,fr,CA,L-41357,2025-11-15,0,Support/📨Expéditions prioritaires|Support/R&D/Feedbacks manteaux infolettre,Re: Commande L-41357 confirmée
f169824e-ab0d-49f6-832b-77bb60de4133,2025-11-27,2025-11,suivi_livraison,,,fr,CA,L-41585,2025-11-19,8,Support/📨Expéditions prioritaires,Re: Demande de retour
c17b6757-6567-4127-bcfd-661843288aab,2025-11-19,2025-11,suivi_livraison,,,fr,,,,,Support/📨Expéditions prioritaires,Re: Suivi de commande - mitaines urbaines d'asclépiade
bd712cf0-1c70-4767-a633-a2996e3b8abd,2025-12-09,2025-12,suivi_livraison,,,fr,,L-42622,2025-12-03,6,Support/📨Expéditions prioritaires,Re: Commande L-42622
0cee2743-2d5b-4ad6-b045-3bb9bca83735,2025-11-05,2025-11,suivi_livraison,,,en,US,L-40448,2025-10-25,11,Support/📨Expéditions prioritaires,Re: ORDER L-40448
88846e6c-b946-4dd9-9586-d3877447b137,2025-11-07,2025-11,suivi_livraison,,,fr,CA,L-40503,2025-10-26,12,Support/📨Expéditions prioritaires,Re: Commande L-40503 confirmée
e01c82b8-46d6-4c64-9931-c7104a4951b1,2025-11-20,2025-11,suivi_livraison,,,fr,,,,,Support/📨Expéditions prioritaires|Support/Réponses / Responses/FR/🤔Problèmes et erreurs/item manquant reship,Coussin manquant dans la commande
78d2773a-e33c-4cc0-9da5-2f32753429fc,2026-02-22,2026-02,wholesale_b2b,,,en,,,,,Opérations/Facture,Fwd: Payment Receipt for your A2X Subscription (Invoice-39BCB659-0019)
babee4c1-9b23-4d10-ab6f-33fef9be5c62,2026-02-06,2026-02,wholesale_b2b,,,en,,,,,Opérations/Facture,Fwd: Your receipt from Missive #2192-1134
13d97293-25a7-40bf-a267-17da84f689bd,2026-02-05,2026-02,wholesale_b2b,,,?,,,,,Opérations/Facture,TR: Facture a produire.
1b632cbb-6be9-4582-adf5-7d6778523a7f,2026-01-14,2026-01,wholesale_b2b,,,en,,,,,Opérations/Facture,Re: Laser service
da15718d-360d-4539-911b-48700c983442,2026-01-25,2026-01,wholesale_b2b,,,en,,,,,Opérations/Facture,Fwd: Your receipt from Klaviyo Inc #2230-0081
56eb5e5f-c3e7-403f-bec3-857e77ec5194,2025-11-21,2025-11,wholesale_b2b,,,fr,,,,,Opérations/Facture,Fwd: Facture - Besaces
8041acbe-f452-4b5a-8740-912022d214b0,2025-11-25,2025-11,wholesale_b2b,,,fr,,,,,Opérations/Facture,Fwd: Facture
b17c9ed4-8860-464d-91c3-85bfcd170c42,2025-12-11,2025-12,wholesale_b2b,,,?,,,,,Opérations/Facture,Fwd: TR: Facture a produire.
b6d98b0a-24c0-472d-8c50-2d0c46868456,2025-12-20,2025-12,wholesale_b2b,,,fr,,,,,Opérations/Facture,Fwd: Votre paiement a été traité avec succès
2fa4f23c-5219-4f0b-aaaa-c30f8cb2ac2d,2025-12-09,2025-12,wholesale_b2b,,,fr,,,,,Opérations/Facture,Fwd: Votre facture mensuelle électronique de Virgin Plus est prête!
ccb5018e-56f9-453f-a060-50edf5d6f8fe,2025-12-05,2025-12,wholesale_b2b,,,en,,,,,Opérations/Facture,Fwd: Thank you for your payment
272315f5-00e2-4347-a19a-0fd7492832f5,2025-11-25,2025-11,wholesale_b2b,,,fr,,,,,Opérations/Facture,Fwd: Facture
78e4c3a7-f506-478b-b9c4-ed857f61b9a4,2025-11-23,2025-11,wholesale_b2b,,,fr,,,,,Opérations/Facture,Fwd: facture FMR-2025-004
79a56de2-200f-46f3-a026-cb573a359455,2025-11-22,2025-11,wholesale_b2b,,,en,,,,,Opérations/Facture,Fwd: Payment Receipt for your A2X Subscription (Invoice-39BCB659-0015)
33145eb6-8883-4e2d-87f7-80709edc958b,2025-11-20,2025-11,wholesale_b2b,,,fr,,,,,Opérations/Facture,Fwd: Facture
c06d481a-4b8c-4bdd-82ca-82ddd389469f,2025-11-19,2025-11,wholesale_b2b,,,fr,,,,,Opérations/Facture,Re: facture Dernières envoies
fc304165-ac33-48aa-b650-f94405e28fdc,2025-11-09,2025-11,wholesale_b2b,,,fr,,,,,Opérations/Facture,Fwd: Votre facture mensuelle électronique de Virgin Plus est prête!
183e23ec-455a-40e1-9ff3-cf06d9ff9a84,2025-11-05,2025-11,wholesale_b2b,,,en,,,,,Opérations/Facture,"Fwd: Nov 5, 2025 bill for Lasclay"
4277c29d-4dd9-409e-8c96-e9efe5f4a808,2025-11-01,2025-11,wholesale_b2b,,,en,,,,,Opérations/Facture,Fwd: Google Workspace: Your invoice is available for lasclay.com
79f3b1f7-08e3-4098-b8ce-c33655389e91,2025-10-22,2025-10,wholesale_b2b,,,fr,,,,,Opérations/Facture,Fwd: Facture  [Nº de la Facture ] de Impôts Match inc
21c3025a-9682-47a8-a792-ee47fb35d7e2,2025-10-25,2025-10,wholesale_b2b,,,en,,,,,Opérations/Facture,Fwd: Your receipt from Klaviyo Inc #2280-9501
ac5d1d3f-ec5d-462a-9f7c-19822db1f2b2,2025-10-22,2025-10,wholesale_b2b,,,en,,,,,Opérations/Facture,Fwd: Payment Receipt for your A2X Subscription (Invoice-39BCB659-0014)
8834744f-ed73-4a14-ac92-7767e03ca60d,2025-09-27,2025-09,wholesale_b2b,,,fr,,,,,Opérations/Facture,Fwd: Facture - Rappel : Votre paiement à Gestion Conseils JF Inc. est dû
f06bbc03-4170-40bd-b398-c7d84091e204,2025-08-12,2025-08,wholesale_b2b,,,fr,,,,,Opérations/Facture,Fwd: RE: Facture 25646
90e28479-2d60-439a-8aa0-3a6bc5041aec,2025-10-01,2025-10,wholesale_b2b,,,fr,,,,,Opérations/Facture,Fwd: Facture  [Nº de la Facture ] de Gestion Conseils JF Inc.
b0e004a7-e9cd-4fb8-8645-f141d9a0e25e,2025-10-20,2025-10,wholesale_b2b,,,fr,,,,,Opérations/Facture,Fwd: Votre paiement a été traité avec succès
55818414-499d-45bc-a158-7bde1c5b133d,2025-09-19,2025-09,wholesale_b2b,,,fr,,,,,Opérations/Facture,Fwd: Re: bague 8.5
7bc5b072-3d13-4808-8826-a5806a1940ed,2025-10-06,2025-10,wholesale_b2b,,,en,,,,,Opérations/Facture,"Fwd: Oct 6, 2025 bill for Lasclay"
85fbbae4-1505-49b2-820f-4e22669c19b9,2025-10-05,2025-10,wholesale_b2b,,,en,,,,,Opérations/Facture,Fwd: Thank you for your payment
1d3176fe-c318-4d46-b3d5-99cca4dec7b7,2025-10-02,2025-10,wholesale_b2b,,,en,,,,,Opérations/Facture,Fwd: Google Workspace: Your invoice is available for lasclay.com
d6681774-0d72-4d2d-821b-fe0d65776a94,2025-09-22,2025-09,wholesale_b2b,,,fr,,,,,Opérations/Facture,Fwd: Facture Lasclay
08cdf0ac-c08a-4bc6-bfd0-1a50d98f30dd,2025-09-20,2025-09,wholesale_b2b,,,fr,,,,,Opérations/Facture,Fwd: Votre paiement a été traité avec succès
9836055a-6c6d-4805-be63-326da6348e70,2025-09-09,2025-09,wholesale_b2b,,,fr,,,,,Opérations/Facture,Fwd: Votre facture mensuelle électronique de Virgin Plus est prête!
1ca58eee-387c-416e-8e21-698de13811da,2025-08-30,2025-08,wholesale_b2b,,,fr,,,,,Opérations/Facture,Fwd: Facture  [Nº de la Facture ] de Gestion Conseils JF Inc.
cdbcd1ac-de3e-413a-a533-949d49e8c1c6,2025-09-01,2025-09,wholesale_b2b,,,en,,,,,Opérations/Facture,Fwd: Google Workspace: Your invoice is available for lasclay.com
f0e2c0f3-8d75-486c-80da-4d8c8ee6dab5,2025-08-21,2025-08,wholesale_b2b,,,fr,,,,,Opérations/Facture,Fwd: Facture - livraison vendredi.
86d0dcb3-46ad-4f4d-8d53-980f25749833,2025-08-20,2025-08,wholesale_b2b,,,fr,,,,,Opérations/Facture,Fwd: Votre paiement a été traité avec succès
70174d04-d1fc-4a65-a740-f9524ead64b9,2025-08-13,2025-08,wholesale_b2b,,,en,,,,,Opérations/Facture,Fwd: A bill payment failed for Lasclay
cf5dda57-18ba-4dd3-be88-63651f29b219,2025-08-11,2025-08,wholesale_b2b,,,en,,,,,Opérations/Facture,Fwd: Your receipt from Missive #2799-9883
3c4608d7-33bc-4c6f-912c-3c8437f37cf3,2025-08-11,2025-08,wholesale_b2b,,,en,,,,,Opérations/Facture,Fwd: A bill payment failed for Lasclay
bf477f8d-8770-4eda-a62a-f921b1abc5b6,2025-08-09,2025-08,wholesale_b2b,,,en,,,,,Opérations/Facture,Fwd: A bill payment failed for Lasclay
ea84431c-dddf-41a5-8fcc-dbda8865a1d1,2025-08-07,2025-08,wholesale_b2b,,,en,,,,,Opérations/Facture,Fwd: A bill payment failed for Lasclay
866e57eb-7e4f-4fce-b5d0-66cef5ddb7d3,2025-08-05,2025-08,wholesale_b2b,,,fr,,,,,Opérations/Facture,Fwd: Facture  [Nº de la Facture ] de Pur Soyer Inc.
c20c03f2-2aff-4828-add9-a0510ab54931,2025-08-05,2025-08,wholesale_b2b,,,fr,,,,,Opérations/Facture,Fwd: Facture  [Nº de la Facture ] de Pur Soyer Inc.
7cda55fd-92e3-46f9-9f30-560c741bcee2,2025-08-05,2025-08,wholesale_b2b,,,fr,,,,,Opérations/Facture,Fwd: Facture  [Nº de la Facture ] de Pur Soyer Inc.
716ebfac-231c-4046-a3f1-5e993aef27cf,2025-08-02,2025-08,suivi_livraison,,,fr,,,,,Support/R&D/Feedbacks manteaux infolettre,Re: Suivi de ta précommande de manteau / veste d'asclépiade
efa9cd5d-49e4-473c-af21-41a4dddc7dab,2025-08-02,2025-08,question_pre_achat,taille|chaleur_performance|delai_expedition,,fr,,,,,Support/R&D/Feedbacks manteaux infolettre,Re: Suivi de ta précommande de manteau / veste d'asclépiade
9dfc7ab7-78c9-4fcb-8dfd-7e8eeadb4e6d,2025-08-03,2025-08,suivi_livraison,,,fr,CA,L-36108,2025-05-31,64,Support/R&D/Feedbacks manteaux infolettre,Re: Suivi de ta précommande de manteau / veste d'asclépiade
0cf12103-4667-427e-9e40-90c80e8a1c5c,2025-08-02,2025-08,suivi_livraison,,,fr,,,,,Support/R&D/Feedbacks manteaux infolettre,Re: Suivi de ta précommande de manteau / veste d'asclépiade
beac9401-8d2e-428a-9286-26b79ce88818,2025-08-04,2025-08,modification_annulation_commande,,,fr,CA,L-36607,2025-06-08,57,Support/R&D/Feedbacks manteaux infolettre,Re: Commande L-36607 à modifier
f906d928-f5ad-4463-a8f4-347906862751,2025-08-04,2025-08,suivi_livraison,,,en,US,L-38022,2025-07-19,16,Support/R&D/Feedbacks manteaux infolettre,Re: Suivi de ta précommande de manteau / veste d'asclépiade
d63d100b-6126-4c47-9566-70717d7e9e8f,2025-08-03,2025-08,modification_annulation_commande,,,fr,CA,L-36169,2025-05-31,64,Support/R&D/Feedbacks manteaux infolettre,Re: Suivi de ta précommande de manteau / veste d'asclépiade
66112364-534f-462f-ae46-155c6f5ddae8,2025-08-03,2025-08,modification_annulation_commande,,,fr,CA,L-36105,2025-05-31,64,Support/R&D/Feedbacks manteaux infolettre,Re: Commande L-36105
8aed5a0d-8b6f-4b9b-b225-05a9770825f6,2025-08-02,2025-08,modification_annulation_commande,,,fr,CA,L-36583,2025-06-08,55,Support/R&D/Feedbacks manteaux infolettre,Re: Commande L-36583 confirmée
c5e67f67-cfcc-437a-8564-27e635b99cd0,2025-08-02,2025-08,question_pre_achat,taille|delai_expedition,,fr,,,,,Support/R&D/Feedbacks manteaux infolettre,Re: Suivi de ta précommande de manteau / veste d'asclépiade
fd470820-1f9b-4237-87b9-9783a70b6c8b,2025-08-02,2025-08,suivi_livraison,,,fr,,,,,Support/R&D/Feedbacks manteaux infolettre,Re: Suivi de ta précommande de manteau / veste d'asclépiade
890b7843-2243-46c6-a625-15a64bb533e5,2025-08-02,2025-08,suivi_livraison,,,fr,,,,,Support/R&D/Feedbacks manteaux infolettre,Re: Suivi de ta précommande de manteau / veste d'asclépiade
95cb28a4-9a28-43c2-b1e4-509124105576,2025-08-06,2025-08,suivi_livraison,,,fr,,,,,Support/R&D/Feedbacks manteaux infolettre,Re: Suivi de ta précommande de manteau / veste d'asclépiade
b1884754-cba6-40e9-ba4c-ce3dcde8515b,2025-08-05,2025-08,suivi_livraison,,,fr,,,,,Support/R&D/Feedbacks manteaux infolettre,Re: Suivi de ta précommande de manteau / veste d'asclépiade
12667cc8-b7ab-48e4-b254-d8eb8ea2ba4b,2025-08-06,2025-08,suivi_livraison,,,fr,,,,,Support/R&D/Feedbacks manteaux infolettre,Re: Suivi de ta précommande de manteau / veste d'asclépiade
dad8d327-b5b6-486e-a061-a1a3f38eae99,2025-08-02,2025-08,suivi_livraison,,,en,,,,,Support/R&D/Feedbacks manteaux infolettre,Re: Suivi de ta précommande de manteau / veste d'asclépiade
ecee5728-44f0-49bc-9e12-ce1a61ad6b70,2025-08-04,2025-08,suivi_livraison,,,fr,,,,,Support/R&D/Feedbacks manteaux infolettre,Re: Suivi de ta précommande de manteau / veste d'asclépiade
beaba36b-a34a-4ccb-82b4-7f42523031c9,2025-08-04,2025-08,suivi_livraison,,,fr,,,,,Support/R&D/Feedbacks manteaux infolettre,Re: Suivi de ta précommande de manteau / veste d'asclépiade
8757491a-5da4-4ebb-94e3-2cdd1fe17380,2025-08-04,2025-08,suivi_livraison,,,fr,,,,,Support/R&D/Feedbacks manteaux infolettre,Re: Suivi de ta précommande de manteau / veste d'asclépiade
81eb9c81-71c4-4c16-9852-d39f537f7c2c,2025-08-04,2025-08,suivi_livraison,,,fr,,,,,Support/R&D/Feedbacks manteaux infolettre,Re: Suivi de ta précommande de manteau / veste d'asclépiade
870d4b7a-3b38-48e1-aec8-cb3840681129,2025-08-03,2025-08,suivi_livraison,,,fr,,,,,Support/R&D/Feedbacks manteaux infolettre,Re: Suivi de ta précommande de manteau / veste d'asclépiade
0854e3fd-3775-4656-8145-05786a1e7185,2025-08-03,2025-08,suivi_livraison,,,fr,,,,,Support/R&D/Feedbacks manteaux infolettre,Re: Suivi de ta précommande de manteau / veste d'asclépiade
afb8a3da-7d2c-43cd-a943-37a81450ee8c,2025-08-03,2025-08,autre,,,fr,CA,L-36058,2025-05-31,64,Support/R&D/Feedbacks manteaux infolettre,Re: Commande L-36058 confirmée
a248cb31-2037-464c-bc98-2680193b5069,2025-08-03,2025-08,suivi_livraison,,,fr,,,,,Support/R&D/Feedbacks manteaux infolettre,Re: Suivi de ta précommande de manteau / veste d'asclépiade
1a3dbfa3-683b-40d3-afe9-862203d16356,2025-08-03,2025-08,suivi_livraison,,,fr,,,,,Support/R&D/Feedbacks manteaux infolettre,Re: Suivi de ta précommande de manteau / veste d'asclépiade
d1823b0d-e71d-41d1-a642-1e410e329470,2025-08-02,2025-08,suivi_livraison,,,fr,CA,L-36050,2025-05-31,63,Support/R&D/Feedbacks manteaux infolettre,Re: Suivi de ta précommande de manteau / veste d'asclépiade
64b195c7-b5d6-43e3-a946-4cd2c260e28e,2025-08-02,2025-08,suivi_livraison,,,fr,,,,,Support/R&D/Feedbacks manteaux infolettre,Re: Suivi de ta précommande de manteau / veste d'asclépiade
561aa535-5e84-4ebf-be83-d3f80e50acc8,2025-08-02,2025-08,suivi_livraison,,,fr,,,,,Support/R&D/Feedbacks manteaux infolettre,Re: Suivi de ta précommande de manteau / veste d'asclépiade
a90a3ae1-cfcb-465e-8eb6-f1db14565bcf,2025-08-02,2025-08,suivi_livraison,,,fr,,,,,Support/R&D/Feedbacks manteaux infolettre,Re: Suivi de ta précommande de manteau / veste d'asclépiade
86e2b585-5dbb-4a4e-bbb8-a62f51d20478,2025-08-02,2025-08,suivi_livraison,,,fr,,,,,Support/R&D/Feedbacks manteaux infolettre,Re: Suivi de ta précommande de manteau / veste d'asclépiade
014e872a-c4d6-4e0a-ab50-0168ee168473,2025-08-02,2025-08,suivi_livraison,,,fr,,,,,Support/R&D/Feedbacks manteaux infolettre,Re: Suivi de ta précommande de manteau / veste d'asclépiade
e5727d70-23a4-4758-b8d9-8302f23cdd01,2025-08-02,2025-08,suivi_livraison,,,fr,CA,L-36137,2025-05-31,63,Support/R&D/Feedbacks manteaux infolettre,Re: Suivi de ta précommande de manteau / veste d'asclépiade
17689fda-718c-40f3-b592-0486680a0065,2025-08-02,2025-08,question_pre_achat,taille|delai_expedition,,fr,,,,,Support/R&D/Feedbacks manteaux infolettre,Re: Suivi de ta précommande de manteau / veste d'asclépiade
6317a3e2-7bc8-4b35-befd-dd30a109369b,2025-08-02,2025-08,suivi_livraison,,,fr,,,,,Support/R&D/Feedbacks manteaux infolettre,Re: Suivi de ta précommande de manteau / veste d'asclépiade
54124ad2-732c-4161-b274-565f249b5262,2025-08-02,2025-08,autre,,,fr,CA,L-36077,2025-05-31,63,Support/R&D/Feedbacks manteaux infolettre,Re: Commande L-36077 confirmée
e987161b-a32c-440e-bf6d-da93aa58829b,2025-08-02,2025-08,suivi_livraison,,,fr,,,,,Support/R&D/Feedbacks manteaux infolettre,Re: Ré: Suivi de ta précommande de manteau / veste d'asclépiade
d16c71fe-ad0f-40e5-a833-a688cae63e8f,2025-09-02,2025-09,probleme_produit_garantie,,,fr,CA,L-38260,2025-08-06,27,Support/R&D/Glacière/glacière brisée,Re: Glacière défectueuse
34b06890-0333-4b42-9958-5976aebfd8cb,2025-10-02,2025-10,probleme_produit_garantie,,,fr,,,,,Support/R&D/Glacière/glacière brisée|Support/Réponses / Responses/FR/🤔Problèmes et erreurs/Produit défectueux,Re: Sac défectueux.
d06bd7a4-4b5a-4685-8f7a-38e140155483,2025-09-01,2025-09,probleme_produit_garantie,,,fr,CA,L-37847,2025-07-12,51,Support/R&D/Glacière/glacière brisée,Re: Sac à dos glacière
68a419ea-fa67-461c-839e-aa82229c5f23,2025-08-20,2025-08,probleme_produit_garantie,,,fr,,,,,Support/R&D/Glacière/glacière brisée,Re: Sangle décousue
6f7b6f75-597d-44ac-bfea-3efdbe71aac6,2025-08-16,2025-08,probleme_produit_garantie,,,fr,,,,,Support/R&D/Glacière/glacière brisée,Re: 2e sac brisé en une utilisation
1ed11c46-e552-4236-a865-0356969093ca,2025-08-17,2025-08,probleme_produit_garantie,,,fr,,,,,Support/R&D/Glacière/glacière brisée,Re: Réparation sac à dos
371c7e9e-76b5-457b-92e0-2941f65c9831,2025-10-20,2025-10,autre,,,en,,,,,Support/Réponses / Responses/FR/🌱Botanique/Guide et suivi de plantation,Re: Milkweed seeds
34f49468-d7f4-4976-83cd-2b7f13bc1276,2025-12-08,2025-12,question_pre_achat,,,fr,,,,,ADMIN/Embauches/Helpers,Re: Nous avons besoin d'un coup de main 💪
39c1b222-3b22-4848-abe0-3b9dee320416,2025-12-15,2025-12,autre,,,fr,,,,,ADMIN/Embauches/Helpers,Re: Nous avons besoin d'un coup de main 💪
697b219d-b3eb-4c9a-b450-820061120378,2025-12-08,2025-12,question_pre_achat,chaleur_performance|points_de_vente,,fr,,,,,ADMIN/Embauches/Helpers,Re: Nous avons besoin d'un coup de main 💪
66070ddf-8e32-436f-92d3-7e287f675f0f,2025-12-08,2025-12,question_pre_achat,,,fr,,,,,ADMIN/Embauches/Helpers,Re: Nous avons besoin d'un coup de main 💪
2964d22a-891b-4edc-a753-70867dfc0f2e,2025-12-08,2025-12,question_pre_achat,,,fr,,,,,ADMIN/Embauches/Helpers,Re: Nous avons besoin d'un coup de main 💪
a5860bd3-cfb4-4bf2-9dfd-df72db5726c4,2025-12-08,2025-12,probleme_produit_garantie,,,fr,,,,,ADMIN/Embauches/Helpers,Re: Nous avons besoin d'un coup de main 💪
8fee4557-5bd1-40c0-9453-b874ad3ea05c,2025-12-08,2025-12,question_pre_achat,,,fr,,,,,ADMIN/Embauches/Helpers,Re: Nous avons besoin d'un coup de main 💪
73992cdc-5bfe-4de1-a84d-51062ef29d71,2026-06-21,2026-06,question_pre_achat,taille|chaleur_performance|prix,,fr,,,,,Support/R&D/Idées de produits|Support/⚡ Ventes - info pré-achat,Re: Il n’y a pas de bouton pour ajouter le coussin avec défauts dans le panier
1930e1e4-c771-4c5e-b57d-da585d35baae,2025-09-01,2025-09,probleme_produit_garantie,,,fr,,,,,Support/R&D/Idées de produits,Re: Fwd: suggestion de produit
f3385b7d-e637-49b9-ad50-1818559dd895,2025-09-20,2025-09,autre,,,fr,,,,,Support/R&D/Idées de produits,Article
c55f00a9-9b87-4dcd-bd39-186c12c0cbd8,2025-09-12,2025-09,probleme_produit_garantie,,,fr,,,,,Support/R&D/Idées de produits,Re: Grande Prévente 2025 - Produits d'asclépiade
c0ad261a-9521-4a0a-97a6-3aa6a6b7911c,2025-09-05,2025-09,autre,,,en,,,,,Support/R&D/Idées de produits,Message from Marie Dionne
35e6dfdc-0cc0-458e-84fd-a8b0e8585b5a,2025-11-11,2025-11,probleme_produit_garantie,,,fr,CA,L-40837,2025-11-03,8,Support/Réponses / Responses/FR/🤔Problèmes et erreurs/item manquant reship,Re: Une commande L-40837 a été livrée
993a9b0c-1d74-4d0a-a86c-5ff3f5dce5c0,2025-11-07,2025-11,probleme_produit_garantie,,,fr,CA,L-40776,2025-11-02,5,Support/Réponses / Responses/FR/🤔Problèmes et erreurs/item manquant reship,Re: Une commande L-40776 a été livrée
db06edff-6e84-4349-94b1-abfc4cb73df8,2026-01-08,2026-01,modification_annulation_commande,,,en,US,L-42209,2025-11-29,40,Support/Mise à jour commande|Support/USA,Order number L-42209
1a4ebd28-b75e-4e75-9965-c9f870e9780c,2025-11-08,2025-11,suivi_livraison,,,en,US,L-40388,2025-10-23,16,Support/Mise à jour commande|Support/Réponses / Responses/EN/🚚Tracking / shipping/USA graines shipping,Re: Try Milkweed Products: you could win the trip of a lifetime 🦋
78ff06b3-012a-4f2e-b5e6-ea029f2b16d3,2026-04-05,2026-04,modification_annulation_commande,,,en,,,,,Support/Mise à jour commande|Opérations/🌱 Problème germination bombes ou graines ❗,Re: Plant milkweed - Huge discount on seeds! 🦋
8592ae5d-ca5a-44ab-bdeb-b840958e739c,2026-03-15,2026-03,modification_annulation_commande,,,fr,CA,L-48445,2026-03-15,0,Support/Mise à jour commande,Re: Commande L-48445
9e577f6c-491d-443d-b9da-88f2a5a04592,2026-03-30,2026-03,modification_annulation_commande,,,en,US,L-48338,2026-03-14,16,Support/Mise à jour commande,Re: Order L-48338 confirmed
237ce7a5-f561-499a-ac89-8e6334b1545a,2026-03-24,2026-03,modification_annulation_commande,,,fr,CA,L-48688,2026-03-20,4,Support/Mise à jour commande,Re: Commande L-48688
324857e8-0bdf-41d9-813e-bef628660dbf,2026-03-13,2026-03,modification_annulation_commande,,,fr,CA,L-47094,2026-02-16,25,Support/Mise à jour commande,Re: Commande L-47094
9c7b3721-70aa-4735-a31e-e030878b8de7,2026-03-14,2026-03,modification_annulation_commande,,,en,US,L-47677,2026-03-01,13,Support/Mise à jour commande,Re: A shipment from order L-47677 is on the way
2c1094e4-8244-4924-b3f2-88f64b611ac2,2026-03-17,2026-03,modification_annulation_commande,,,en,,,,,Support/Mise à jour commande,Message from Julie Couch
877b8d0e-6c40-46ae-8ade-d4e9c1c7266d,2026-03-10,2026-03,modification_annulation_commande,,,en,US,L-47650,2026-03-01,9,Support/Mise à jour commande,Re: Order L-47650
cfe57781-3c26-48b8-a473-b89268999faa,2026-03-12,2026-03,modification_annulation_commande,,,en,US,L-47431,2026-02-25,15,Support/Mise à jour commande,Re: A shipment from order L-47431 is on the way
3d050607-50a4-4ab9-b61d-8da0068702f9,2026-02-28,2026-02,modification_annulation_commande,,,fr,CA,L-47622,2026-02-28,0,Support/Mise à jour commande,Re: L-47622
08988713-8d2a-4121-8622-0bf824c0680d,2026-02-19,2026-02,modification_annulation_commande,,,fr,CA,L-46982,2026-02-12,7,Support/Mise à jour commande,Re: Commande L-46982
9a0fdb1e-68ac-4678-a435-bd5f6fe8fe64,2026-03-05,2026-03,modification_annulation_commande,,,fr,,,,,Support/Mise à jour commande,RE: Livraison d'une commande
dddacda9-79b5-418f-9471-26ef0e989878,2026-03-05,2026-03,modification_annulation_commande,,,fr,CA,L-47558,2026-02-27,6,Support/Mise à jour commande,Re: Une commande L-47558 est en transit
397e6a49-7412-4285-a87f-0939b6ea1a1f,2025-12-04,2025-12,modification_annulation_commande,,,en,CA,L-45243,2026-01-03,,Support/Mise à jour commande,Re: Commande toujours pas arrivée
2b0bf058-f3f7-47a9-910e-a7c5c4bcd3fc,2025-11-30,2025-11,modification_annulation_commande,,,fr,CA,L-43267,2025-12-08,,Support/Mise à jour commande,Re: Commande non-reçue
9a288551-d5cd-4777-af8a-316581ca0fcb,2026-02-01,2026-02,modification_annulation_commande,,,fr,,,,,Support/Mise à jour commande,Re: Suivi de commande
77f189ba-0cce-4850-870b-a42a187ba0f8,2025-12-19,2025-12,modification_annulation_commande,,,fr,,,,,Support/Mise à jour commande,Re: Message de Lasclay
5d1e8e1d-9337-4f5d-9876-ca0bde366483,2025-12-31,2025-12,modification_annulation_commande,,,fr,,,,,Support/Mise à jour commande,Re: Comment obtenir le certificat de 25$
0b94fa1a-1909-41d2-bc97-b75071163273,2025-12-24,2025-12,modification_annulation_commande,,,fr,,,,,Support/Mise à jour commande|XPRESS MANTEAU,Message from François Paquette
71a9f290-88eb-443b-9fff-27ac0c52479a,2025-11-20,2025-11,modification_annulation_commande,,,fr,,,,,Support/Mise à jour commande,Re: manteau
24afaf1f-cd47-422f-90f2-f901d49b2577,2025-12-15,2025-12,modification_annulation_commande,,,fr,,,,,Support/Mise à jour commande,Re:
a56c3e8c-0ed0-4cfc-a5f3-f7a546f82514,2025-11-25,2025-11,modification_annulation_commande,,,fr,CA,L-40212,2025-10-17,39,Support/Mise à jour commande,Re: Commande L-40212
27a0464a-38c3-4a78-bf12-39e915490e20,2025-11-21,2025-11,modification_annulation_commande,,,fr,,,,,Support/Mise à jour commande,Re: L41574
22065c60-528d-442c-a59e-7544ba354622,2025-11-18,2025-11,modification_annulation_commande,,,fr,CA,L-39494,2025-09-14,65,Support/Mise à jour commande,Re:
bae228e5-8d45-4a94-b5c8-6906efb265fd,2025-10-30,2025-10,modification_annulation_commande,,,fr,CA,L-40127,2025-10-12,18,Support/Mise à jour commande,Re: Commande no. L-40127
d89872a9-46d5-408d-9f02-b4d9c2e05ab0,2025-09-22,2025-09,modification_annulation_commande,,,fr,CA,L-39104,2025-09-12,10,Support/Mise à jour commande,Re: Rappel: Votre commande Lasclay vous attend 😊
aba854a9-c57d-4602-87dc-e69c5fb57cba,2025-11-26,2025-11,modification_annulation_commande,,,fr,CA,L-41031,2025-11-08,18,Support/Mise à jour commande,Re: Commande L-41031
001ca2c2-976a-4666-aff9-51e64e69a22d,2025-11-15,2025-11,modification_annulation_commande,,,fr,CA,L-41278,2025-11-13,2,Support/Mise à jour commande,Re: Bonjour
1e97e40e-8917-42dc-9a93-d7deaa24ccc2,2025-12-13,2025-12,modification_annulation_commande,,,fr,,,,,Support/R&D/Mitaine,Re: Mitaines de couleur pour Vélo
6782432b-889a-4043-a5ac-858569dc17c5,2025-09-27,2025-09,suivi_livraison,saisie,,en,,,,,Support/🚚Suivi d'expédition/Problème de livraison,Re: My recent order
80cbf801-318a-43e3-b21f-e6ba8ff3db3c,2025-09-05,2025-09,suivi_livraison,,,en,,,,,Support/🚚Suivi d'expédition/Problème de livraison|Support/Réponses / Responses/EN/🚚Tracking / shipping/USA graines shipping,Re: Milkweed seeds
cfeadcdd-334c-4782-81ff-14a9c85dad26,2025-09-06,2025-09,suivi_livraison,,,en,,,,,Support/🚚Suivi d'expédition/Problème de livraison|Support/Réponses / Responses/EN/🚚Tracking / shipping/USA graines shipping,Re: Fall 2025 Milkweed Products Presale
a67659af-1349-41ac-b399-daf03c79b2ce,2025-09-06,2025-09,suivi_livraison,,,fr,CA,L-38445,2025-08-26,11,Support/🚚Suivi d'expédition/Problème de livraison,Re: Commande L-38445
b96ff388-b6e3-45cc-b884-93304bbdfd5d,2025-09-18,2025-09,suivi_livraison,,,en,US,L-38630,2025-09-01,17,Support/🚚Suivi d'expédition/Problème de livraison,Re: Fwd: URGENT Re: A shipment from order L-38630 is NOT on the way
233a8840-c934-438e-a407-c46974d1dbbb,2025-09-23,2025-09,suivi_livraison,,,en,,,,,Support/🚚Suivi d'expédition/Problème de livraison,Re: Package not delivered
ac76fc19-f45b-44cf-803d-ab9e95bd2cd2,2025-09-21,2025-09,suivi_livraison,,,en,US,L-38983,2025-09-09,12,Support/🚚Suivi d'expédition/Problème de livraison,L-38983
055d2973-ba9a-4abf-b2e6-02db975b02d4,2026-04-29,2026-04,retour_echange_remboursement,,,en,,,,,Opérations/🌱 Problème germination bombes ou graines ❗|Support/↩️ RETOURS - ECHANGES,Re: Try Milkweed Products: you could win the trip of a lifetime 🦋
8f39e10e-ec01-4577-bcc3-67c405b670c4,2026-05-12,2026-05,retour_echange_remboursement,,,fr,,,,,Opérations/🌱 Problème germination bombes ou graines ❗|Support/↩️ RETOURS - ECHANGES,Re: Problème de germination
6bfe71d6-0a9c-4fad-b55d-9e5470027888,2026-04-06,2026-04,retour_echange_remboursement,,,en,US,L-36569,2025-06-07,303,Opérations/🌱 Problème germination bombes ou graines ❗|Support/↩️ RETOURS - ECHANGES,Re: Order L-36569 confirmed
724987bf-2326-4a23-ae2e-bc91d1b6d9db,2026-05-05,2026-05,retour_echange_remboursement,,,en,,,,,Opérations/🌱 Problème germination bombes ou graines ❗|Support/↩️ RETOURS - ECHANGES|Support/⚡ Ventes - info pré-achat,Re: Try Milkweed Products: you could win the trip of a lifetime 🦋
6e4e2c70-7d28-4b6b-a687-9b8952ff9f5c,2026-05-02,2026-05,retour_echange_remboursement,,,fr,,,,,Opérations/🌱 Problème germination bombes ou graines ❗|Support/↩️ RETOURS - ECHANGES,Re: Lancement de la Vente d'été 2026
f41f66a1-8a76-4d58-88b4-5cb37d9ffe07,2026-03-23,2026-03,probleme_produit_garantie,,,en,,,,,Opérations/🌱 Problème germination bombes ou graines ❗,Message from Jo-al Dench
9acf01f5-acc6-4718-81a2-2819f6821c90,2026-03-16,2026-03,probleme_produit_garantie,,,fr,,,,,Opérations/🌱 Problème germination bombes ou graines ❗,Re: Plant milkweed - Huge discount on seeds! 🦋
cc26d04a-f025-48fb-8965-12d66f760b2f,2026-04-04,2026-04,probleme_produit_garantie,,,en,,,,,Opérations/🌱 Problème germination bombes ou graines ❗,Re: Plant milkweed - Huge discount on seeds! 🦋
a510c7a9-ad17-4f51-9cdb-2803405c5a48,2026-04-07,2026-04,probleme_produit_garantie,,,en,,,,,Opérations/🌱 Problème germination bombes ou graines ❗,Re: Plant milkweed - Huge discount on seeds! 🦋
07dbb08c-1790-4257-9bf9-14c5d56787e1,2026-04-04,2026-04,probleme_produit_garantie,,,en,,,,,Opérations/🌱 Problème germination bombes ou graines ❗,Re: Plant milkweed - Huge discount on seeds! 🦋
044ed3bd-285f-49e0-92cb-fc00bf6e333d,2025-11-22,2025-11,probleme_produit_garantie,,,en,,,,,Opérations/🌱 Problème germination bombes ou graines ❗,Re: Try Milkweed Products: you could win the trip of a lifetime 🦋
c719884a-04e7-451f-aceb-179fb312029d,2025-08-15,2025-08,probleme_produit_garantie,,,en,US,L-37659,2025-07-04,42,Opérations/🌱 Problème germination bombes ou graines ❗,Re: Order L-37659
94117996-bca1-446c-a0d0-bb093342cbf6,2025-09-11,2025-09,probleme_produit_garantie,,,fr,CA,L-37613,2025-07-03,70,Support/Réponses / Responses/FR/🤔Problèmes et erreurs/Produit défectueux,Re: Commande L-37613 confirmée
36c435aa-ae6c-408e-8552-1d0c25932dd3,2025-10-02,2025-10,probleme_produit_garantie,,,fr,CA,L-39251,2025-09-13,19,Support/Réponses / Responses/FR/🤔Problèmes et erreurs/Produit défectueux,Re: Une commande L-39251 a été livrée
97fa804d-b8b4-4cd9-9a5a-1475d5a51261,2025-09-27,2025-09,question_pre_achat,taille|origine_fabrication,,fr,,,,,Support/Quantité d'isolant,Re: Quantité pour couette
606cd6bd-7d77-48da-b5e2-e42e7f30be36,2025-12-10,2025-12,suivi_livraison,,,fr,CA,L-43595,2025-12-10,0,Support/RÉPONSES PRIORITAIRES,Re: Commande L-43595 confirmée
741f6896-d63d-4d5b-a4e2-63bea8f149be,2026-02-18,2026-02,retour_echange_remboursement,,,en,US,L-46015,2026-01-26,23,Support/↩️ RETOURS - ECHANGES|Support/USA,Re: Product Flaw
d24c8a5f-d99a-4664-9632-f7c228858eaf,2026-04-14,2026-04,retour_echange_remboursement,,,fr,CA,L-44632,2025-12-21,114,Support/↩️ RETOURS - ECHANGES,Re: Rép. : retour commande L-44 632 :-(bordereau pre-Paye?)
732d1b45-a76d-4162-b1bd-682464ec210f,2026-02-21,2026-02,retour_echange_remboursement,,,fr,CA,L-46996,2026-02-12,9,Support/↩️ RETOURS - ECHANGES,Re: Commande L-46996
956f0a27-a075-4971-b246-5bafa432d24d,2026-03-23,2026-03,retour_echange_remboursement,,,fr,CA,L-48171,2026-03-11,12,Support/↩️ RETOURS - ECHANGES,Re: Retour Commande L-48171
5f1235e4-6e7f-4916-875c-630484d486e3,2026-02-10,2026-02,retour_echange_remboursement,,,fr,,,,,Support/↩️ RETOURS - ECHANGES,Re: Commentaire
957b2cb8-97e8-4b61-8c12-272fb5623b53,2026-03-09,2026-03,retour_echange_remboursement,,,fr,CA,L-43158,2025-12-07,92,Support/↩️ RETOURS - ECHANGES,Re : Re: Commande L-43158
e416b1d9-b241-4bab-b3d9-788e3a2a51f6,2026-03-07,2026-03,retour_echange_remboursement,,,en,,,,,Support/↩️ RETOURS - ECHANGES,Re: Return items
7511cbcc-9acc-4284-8a15-d57ac0782877,2026-02-04,2026-02,retour_echange_remboursement,,,fr,CA,L-46193,2026-01-30,5,Support/↩️ RETOURS - ECHANGES,Re: Retour
c65210dc-79cb-4196-aae6-4051482cf7c8,2026-01-24,2026-01,retour_echange_remboursement,,,fr,CA,L-41394,2025-11-16,69,Support/↩️ RETOURS - ECHANGES,Re: Numéro de commande L-41394
6cc506cf-2350-4467-b01e-7e3ba9e88a43,2026-02-19,2026-02,retour_echange_remboursement,,,fr,CA,L-46061,2026-01-27,23,Support/↩️ RETOURS - ECHANGES,Re: Commande L-46061
956c41eb-ba6e-4065-9273-39a1da70cc68,2026-01-14,2026-01,retour_echange_remboursement,,,en,,,,,Support/↩️ RETOURS - ECHANGES,Re: neck warmer
59e7d9ce-4391-479c-bcf4-9d4090669cfb,2026-02-12,2026-02,retour_echange_remboursement,,,fr,CA,L-46055,2026-01-27,16,Support/↩️ RETOURS - ECHANGES,Re: Une commande L-46055 a été livrée
0acd2078-8017-4b40-8d01-25b8d8c0ac1f,2026-02-07,2026-02,retour_echange_remboursement,,,fr,CA,L-46474,2026-02-04,3,Support/↩️ RETOURS - ECHANGES,Re: Une commande L-46474 a été livrée
0fa7551c-d723-4a58-826f-872470bd9517,2026-02-12,2026-02,retour_echange_remboursement,,,fr,CA,L-46216,2026-01-30,13,Support/↩️ RETOURS - ECHANGES,Re: Commande L-46216
04f9d9ec-d7cb-4868-bf35-d56b51e43a7b,2026-02-03,2026-02,retour_echange_remboursement,,,fr,CA,L-45200,2026-01-02,32,Support/↩️ RETOURS - ECHANGES,Re: Problème avec les tuques jaunes
2334e18e-e5b7-49b8-84d1-b1589d41428e,2026-01-01,2026-01,retour_echange_remboursement,,,fr,CA,L-36198,2025-05-31,215,Support/↩️ RETOURS - ECHANGES|Support/review à traiter|XPRESS MANTEAU,Re: COMMANDE L-36198
73228c5c-64dd-4361-8b31-bed7309fd880,2026-01-27,2026-01,retour_echange_remboursement,,,en,,,,,Support/↩️ RETOURS - ECHANGES,Re: Problem with the yellow toques
8d6b651b-cc8a-4376-ab39-0d93c63bd3f5,2025-08-02,2025-08,retour_echange_remboursement,,,fr,,,,,Support/↩️ RETOURS - ECHANGES,Re: Suivi j'apprécierais une réponse :Rien ne va plus avec mon zipper!
8533b1e2-e0e0-4f15-9ca5-d51d5b8190ae,2026-01-24,2026-01,retour_echange_remboursement,,,fr,,,,,Support/↩️ RETOURS - ECHANGES,Re: Votre retour Lasclay est approuvé (HR3BTP23)
fa80c212-ba15-4a7a-8429-e85772f6e556,2026-02-08,2026-02,retour_echange_remboursement,,,fr,CA,L-46084,2026-01-28,11,Support/↩️ RETOURS - ECHANGES,Re: Une commande L-46084 a été livrée
4a3f8700-5698-40f4-a97b-77d36ce1563f,2025-12-27,2025-12,retour_echange_remboursement,,,fr,,,,,Support/↩️ RETOURS - ECHANGES|Support/review à traiter,Re: Est-ce que Lasclay fait vraiment un Boxing Day?
02b20dc7-38f1-4674-ac5c-aa1ee6d95aac,2026-02-01,2026-02,retour_echange_remboursement,,,fr,CA,L-46053,2026-01-27,5,Support/↩️ RETOURS - ECHANGES,Message from Julie Bénard
68c42c0a-01a3-4867-9c3b-376ef3ffebd2,2025-12-31,2025-12,retour_echange_remboursement,,,fr,,,,,Support/↩️ RETOURS - ECHANGES,Re: Défaut de fabrication
15715dd5-6531-4701-a391-a89212ff1b36,2026-01-06,2026-01,retour_echange_remboursement,,,fr,CA,L-44564,2025-12-20,17,Support/↩️ RETOURS - ECHANGES,Re: Commande L-44564
8fd1404e-0dbc-4c4d-948b-e11438f40886,2025-11-29,2025-11,retour_echange_remboursement,,,fr,,,,,Support/↩️ RETOURS - ECHANGES,Re: Rencontre
ca3e10d6-aec8-4168-bf2f-6f74a81c9824,2025-12-05,2025-12,retour_echange_remboursement,,,fr,CA,L-41547,2025-11-19,16,Support/↩️ RETOURS - ECHANGES,Re: COMMANDE L-41547
2161f7ef-16ee-43bf-b6b3-1907a76ba58a,2025-12-22,2025-12,retour_echange_remboursement,,,fr,,,,,Support/↩️ RETOURS - ECHANGES,Re: Suivi de commande - on continue de travailler fort
8473ddf0-9007-45ef-9837-b192a5f765ec,2025-12-21,2025-12,retour_echange_remboursement,,,fr,,,,,Support/↩️ RETOURS - ECHANGES,Re: Suivi de commande - on continue de travailler fort
003ccbc4-11a2-44d2-af7b-f56b6bc80cf6,2025-12-20,2025-12,retour_echange_remboursement,,,fr,,,,,Support/↩️ RETOURS - ECHANGES|Support/review à traiter,Re: Suivi de commande - on continue de travailler fort
b4bb739d-9798-4da5-ac46-18cb3d8bbab6,2025-12-20,2025-12,retour_echange_remboursement,,,fr,,,,,Support/↩️ RETOURS - ECHANGES|Support/review à traiter,Re: Suivi de commande - on continue de travailler fort
ff1c8090-f7c9-46d2-8d09-17e324c5840c,2025-12-20,2025-12,retour_echange_remboursement,,,fr,,,,,Support/↩️ RETOURS - ECHANGES,Re: Suivi de commande - on continue de travailler fort
4f046b5b-f9ec-4869-9dca-541c560a893a,2025-12-20,2025-12,retour_echange_remboursement,,,fr,,,,,Support/↩️ RETOURS - ECHANGES,Re: Suivi de commande - on continue de travailler fort
cce01101-bce5-44e0-bca5-ce36160d6893,2025-12-20,2025-12,retour_echange_remboursement,,,fr,,,,,Support/↩️ RETOURS - ECHANGES,Re: Suivi de commande - on continue de travailler fort
cee0251a-43db-48a0-9294-e42d64957083,2025-12-02,2025-12,retour_echange_remboursement,,,fr,CA,L-41004,2025-11-08,24,Support/↩️ RETOURS - ECHANGES,Re: Concours de novembre - fin bientôt 🚨
158e65b9-807d-4cbf-ac3a-f76933533819,2025-12-05,2025-12,retour_echange_remboursement,,,fr,,,,,Support/↩️ RETOURS - ECHANGES,Re: Mitaines trop petites
575a432d-0b88-4721-a8d0-a0767d67e491,2025-12-08,2025-12,retour_echange_remboursement,,,fr,,,,,Support/↩️ RETOURS - ECHANGES,Re: Concours de novembre - fin bientôt 🚨
bea0810d-9a9c-4e97-aa15-6d3299d93b55,2025-12-06,2025-12,retour_echange_remboursement,,,fr,,,,,Support/↩️ RETOURS - ECHANGES,Re: Concours de novembre - fin bientôt 🚨
63598d39-960d-44fb-914d-f732869dd0bf,2025-12-04,2025-12,retour_echange_remboursement,,,fr,,,,,Support/↩️ RETOURS - ECHANGES,Re: Retour
85760429-e0df-4f24-b6f6-d1ce7efdec15,2025-11-30,2025-11,retour_echange_remboursement,,,fr,,,,,Support/↩️ RETOURS - ECHANGES|Support/⚡ Ventes - info pré-achat,Re: Panier d'achat toujours ouvert. Des questions? 😊
a5f9e047-5158-4f48-8bd6-da9bb4adf7c1,2025-11-17,2025-11,retour_echange_remboursement,,,fr,CA,L-41078,2025-11-09,8,Support/↩️ RETOURS - ECHANGES,Re: Une commande L-41078 a été livrée
fe991092-a09f-454a-8ed9-45d6b72b61f6,2025-11-18,2025-11,retour_echange_remboursement,,,fr,CA,L-41245,2025-11-13,5,Support/↩️ RETOURS - ECHANGES,Re: Commande L-41245 confirmée
9322ab87-85eb-47ee-b437-557c1a2d90e8,2025-11-03,2025-11,retour_echange_remboursement,,,en,CA,L-40263,2025-10-19,15,Support/↩️ RETOURS - ECHANGES,Re: My order Order L-40263
7319304b-0589-40b6-a3dd-6772e4dc57c1,2025-11-25,2025-11,retour_echange_remboursement,,,fr,CA,L-41123,2025-11-10,15,Support/↩️ RETOURS - ECHANGES,Re: Commande L-41123
4a590c9a-4219-4f57-bd56-bd92c7098fe4,2025-11-12,2025-11,retour_echange_remboursement,,,fr,CA,L-40891,2025-11-05,7,Support/↩️ RETOURS - ECHANGES,Re: Une commande L-40891 a été livrée
804b5614-c9ca-4bb8-ad01-3482fc22fe1c,2025-10-20,2025-10,retour_echange_remboursement,,,fr,CA,L-38679,2025-09-03,47,Support/↩️ RETOURS - ECHANGES,Re: Une commande L-38679 a été livrée
31cfdb6a-5087-4f94-aaec-588a5064a6b2,2025-10-15,2025-10,retour_echange_remboursement,,,fr,,,,,Support/↩️ RETOURS - ECHANGES,Re: Défectuosités
c0f3986a-1e6c-41dc-871d-743712245cef,2025-09-07,2025-09,retour_echange_remboursement,,,fr,,,,,Support/↩️ RETOURS - ECHANGES,Re: Demande de retour
bf631a13-4aa9-415d-94cc-fef973618277,2026-02-18,2026-02,question_pre_achat,entretien,,fr,,,,,Support/review à traiter,Re: Petite information
0cfee526-e021-45f8-9559-bcbffd5f21f2,2025-12-31,2025-12,suivi_livraison,,,en,CA,L-44046,2025-12-13,18,Support/review à traiter,Re: A shipment from order L-44046 has been delivered
1246c62e-342f-46a5-8adc-24c883d7663e,2025-12-20,2025-12,suivi_livraison,,,fr,,,,,Support/review à traiter,Re: [External] Suivi de commande - on continue de travailler fort
c0cef03d-3b5a-4326-bf03-a9d2f2dbfeb8,2025-12-08,2025-12,question_pre_achat,chaleur_performance|delai_expedition,,fr,,,,,Support/review à traiter|Support/⚡ Ventes - info pré-achat,Re: Suivi de commande - forte demande
c1876ab8-36c4-4bbe-9f8a-f16b8d089f2b,2025-12-04,2025-12,reponse_marketing,,,fr,,,,,Support/review à traiter,Re: Essayez nos produits d’asclépiade : vous pourriez gagner le voyage d’une vie 🦋
14bf0dd1-6b1b-4888-b169-e2345f3263fd,2025-11-30,2025-11,suivi_livraison,,,fr,,,,,Support/review à traiter,Re: Suivi de ta précommande de manteau d'asclépiade
5b7149d6-eafc-4b5a-8671-c6881aae0c69,2025-11-26,2025-11,wholesale_b2b,,,fr,,,,,Support/review à traiter,Re: Découvrez nos sections Collaborations et Matières 🍂
2cc26eee-ef23-43d3-8982-f0d4cb5aaad7,2025-11-14,2025-11,autre,,,fr,,,,,Support/review à traiter,Re: Merci!
c68b2889-f296-418b-8745-22cb9a171958,2025-11-21,2025-11,autre,,,fr,,,,,Support/review à traiter,Re: Commande
39f1e3d1-bda3-4f3c-ab9e-4cf2cee1d9cb,2025-11-19,2025-11,suivi_livraison,,,fr,,,,,Support/review à traiter,Re: Suivi de commande - mitaines urbaines d'asclépiade
9d929561-7750-487c-bec3-87ff9426a19e,2025-11-03,2025-11,question_pre_achat,,,en,CA,L-40601,2025-10-29,5,Support/review à traiter,Re: Commande L-40601
0e96718c-19ed-4a02-a6d9-f274bf9deb61,2025-10-17,2025-10,suivi_livraison,,,fr,CA,L-38581,2025-08-31,47,Support/review à traiter,Re: Commande
978ac3a6-4df4-438c-815b-8151e4e2c163,2025-10-01,2025-10,modification_annulation_commande,,,fr,CA,L-39979,2025-09-29,2,Support/Suivi de commande,Re: Suivi de votre commande L-39979
cf51aa84-75d2-4185-a70b-62738cbe5fbe,2025-09-13,2025-09,modification_annulation_commande,,,fr,CA,L-39260,2025-09-13,0,Support/Suivi de commande,Re: Rappel: Votre commande Lasclay vous attend 😊
d317212a-657d-448f-89c1-db3dd260bb9d,2025-09-29,2025-09,modification_annulation_commande,,,fr,CA,L-39170,2025-09-13,16,Support/Suivi de commande,Re: Date de livraison
7c25af50-e6b0-481f-b7f2-f8acf29d1c13,2025-09-26,2025-09,suivi_livraison,,,fr,CA,L-39925,2025-09-25,1,Support/🚚Suivi d'expédition,Re: Livraison de commande
e06149f2-4d8f-4fa7-ae8b-d2cb73380dfb,2025-10-08,2025-10,suivi_livraison,,,en,,,,,Support/🚚Suivi d'expédition,Re: My order..
2ef2930e-ba4f-4c23-aab2-ba13d2c0c877,2025-10-07,2025-10,suivi_livraison,,,en,US,L-39889,2025-09-23,14,Support/🚚Suivi d'expédition,Re: Order L-39889 confirmed
e76a140e-1ac1-4aec-9918-ee36ed9d831a,2025-09-16,2025-09,suivi_livraison,,,en,US,L-38931,2025-09-08,8,Support/🚚Suivi d'expédition|Support/Réponses / Responses/EN/🚚Tracking / shipping/USA graines shipping,Re: Seeds
e372da31-90d4-451e-a5f3-0f8f5178ac08,2025-09-17,2025-09,suivi_livraison,,,en,US,L-38909,2025-09-07,10,Support/🚚Suivi d'expédition|Support/Réponses / Responses/EN/🚚Tracking / shipping/USA graines shipping,Re: A shipment from order L-38909 is on the way
9e1b47e2-8917-42fd-ae1a-3f5337048ea2,2025-09-11,2025-09,suivi_livraison,,,en,US,L-24765,2024-09-20,356,Support/🚚Suivi d'expédition,Re: Order L-24765 confirmed
74d9d5d2-e173-468c-a8c4-4cf872a391ce,2025-09-21,2025-09,suivi_livraison,,,en,,,,,Support/🚚Suivi d'expédition|Support/Réponses / Responses/EN/🚚Tracking / shipping/USA graines shipping,Re: Milkwood seeds
591f9536-9191-46d4-b305-453f0b2134ae,2025-09-21,2025-09,suivi_livraison,,,en,US,L-38780,2025-09-05,16,Support/🚚Suivi d'expédition|Support/Réponses / Responses/EN/🚚Tracking / shipping/USA graines shipping,Re: Order L-38780 confirmed
0e6f5f56-3b99-4cff-a081-3872e063364b,2025-09-21,2025-09,suivi_livraison,,,en,US,L-39091,2025-09-12,9,Support/🚚Suivi d'expédition|Support/Réponses / Responses/EN/🚚Tracking / shipping/USA graines shipping,Re: Order L-39091 confirmed
5e731cb3-805a-46e4-9aab-5506e3fdef33,2025-09-20,2025-09,suivi_livraison,,,fr,CA,L-39422,2025-09-13,7,Support/🚚Suivi d'expédition,Re: Commande L-39422 confirmée
81538ccf-3de4-451a-99f7-e4d83d6bb627,2025-09-17,2025-09,suivi_livraison,,,en,US,L-39081,2025-09-12,5,Support/🚚Suivi d'expédition|Support/Réponses / Responses/EN/🚚Tracking / shipping/USA graines shipping,Re: Order L-39081 confirmed
c4ebf757-c9b4-4a10-88ad-087c58ac4ff4,2025-09-19,2025-09,suivi_livraison,,,en,US,L-38845,2025-09-06,13,Support/🚚Suivi d'expédition,Re: Order
2f20c996-d67c-49c9-a878-7624d55fea92,2025-09-08,2025-09,suivi_livraison,,,fr,CA,L-38190,2025-07-30,40,Support/🚚Suivi d'expédition,Re: Une commande L-38190 est en transit
d3cd0137-d4b1-4e3c-923c-1162566c03e4,2025-09-21,2025-09,suivi_livraison,,,en,,,,,Support/🚚Suivi d'expédition|Support/Réponses / Responses/EN/🚚Tracking / shipping/USA graines shipping,Re: Order status
d038f240-d71b-4d04-bc2a-322c5023a4ae,2025-09-20,2025-09,suivi_livraison,,,en,US,L-38814,2025-09-06,14,Support/🚚Suivi d'expédition|Support/Réponses / Responses/EN/🚚Tracking / shipping/USA graines shipping,Re: Fw: A shipment from order L-38814 is on the way
002b42c9-5434-4c92-8b15-01c65a4d4250,2025-09-27,2025-09,reponse_marketing,,,fr,,,,,Marketing/Supression de Klaviyo,Re: Prévente 2025 - Un succès renouvelé
8705ca50-3f7d-451e-9b9f-b84770ded014,2025-09-18,2025-09,reponse_marketing,,,en,,,,,Marketing/Supression de Klaviyo,New SMS to Lasclay from Stephen Wigginton MD +1 (817) 726-9560
d1003cfb-63ff-4ebb-9b8f-27b90e201d1d,2025-11-02,2025-11,suivi_livraison,,,en,,,,,Support/USA|Support/Réponses / Responses/EN/🚚Tracking / shipping/USA graines shipping,Re: Milkweed products end of season sale
efb2f035-ec9f-4045-99d7-8692af2dada1,2026-02-23,2026-02,question_pre_achat,,,fr,,,,,Support/⚡ Ventes - info pré-achat,RE: Demande d'info
d7d0922d-7daa-4392-9d88-202a69140c89,2026-01-24,2026-01,question_pre_achat,taille,,fr,,,,,Support/⚡ Ventes - info pré-achat,Re: Mitaine aimée et perdue…
d91f8a11-63a3-490d-9699-b75139df4221,2026-01-19,2026-01,question_pre_achat,delai_expedition,,fr,,L-41863,2025-11-24,56,Support/⚡ Ventes - info pré-achat,Re: Suivi de commande de avant Noël
08ce1f80-b9de-4aa2-8b86-e2e29c9f4e72,2026-01-24,2026-01,question_pre_achat,prix,,fr,,,,,Support/⚡ Ventes - info pré-achat,Re: Problème avec la promo
b84e5d3f-c775-48c9-8a0d-7e90bda21ca0,2026-01-19,2026-01,question_pre_achat,chaleur_performance,,fr,,,,,Support/⚡ Ventes - info pré-achat,Re: Isolant au mètre
e5f0b779-cb36-4205-9280-31e737704c7f,2026-01-17,2026-01,question_pre_achat,,,fr,,,,,Support/⚡ Ventes - info pré-achat,Re: Températures pour Mitaines urbaines.
f263d074-9b46-43c0-a948-2c8afcdc1d30,2026-01-09,2026-01,question_pre_achat,taille,,fr,,,,,Support/⚡ Ventes - info pré-achat,Re: Mitaine bebe
68148869-6b42-4975-a06f-9a6d6436553f,2026-01-08,2026-01,question_pre_achat,,,fr,,,,,Support/⚡ Ventes - info pré-achat,Re: Mitaines
8925bcbd-20d1-44ae-9904-3f85a50bad30,2026-01-01,2026-01,question_pre_achat,taille,,en,,,,,Support/⚡ Ventes - info pré-achat,Re: Mitten sizing
128d190c-d36e-40da-b944-9bca8ed89171,2025-12-03,2025-12,question_pre_achat,chaleur_performance,,fr,,,,,Support/⚡ Ventes - info pré-achat,Re: Mitaine
5c336a89-d9ca-4b78-8dc5-bbc3aaccceaa,2025-12-01,2025-12,question_pre_achat,,panier,en,,,,,Support/⚡ Ventes - info pré-achat,Re: Try to place order but system tells me cart is empty
1f51d4cf-a58b-4f61-a374-676502718dc7,2026-02-08,2026-02,question_pre_achat,chaleur_performance,,fr,,,,,Support/⚡ Ventes - info pré-achat,Re: Caractéristques isolante - l'asclépiade et autre question
aea5cab6-290b-402a-bcef-a1f0a88f7877,2026-02-22,2026-02,question_pre_achat,,,en,,,,,Support/⚡ Ventes - info pré-achat,Message from Robin Chandler Vitulle
8a0c5340-ae7e-47bb-a5fd-8e7e45d39bc2,2026-02-22,2026-02,question_pre_achat,,,en,,,,,Support/⚡ Ventes - info pré-achat,Message from Charlene Muse
217694a7-c34d-40b3-9830-d9ebd58ac6b3,2026-02-01,2026-02,question_pre_achat,,,fr,,,,,Support/⚡ Ventes - info pré-achat,Message from Vézina Steeve
1f89df36-e8c8-44d6-ae22-f995ceb0bb34,2025-12-27,2025-12,question_pre_achat,taille|chaleur_performance|prix,,fr,,,,,Support/⚡ Ventes - info pré-achat,Message from Lasclay
b76e6697-3896-4712-ad91-74df23efbd4d,2026-02-14,2026-02,question_pre_achat,chaleur_performance,,fr,,,,,Support/⚡ Ventes - info pré-achat,Re: Manteau
65e7947d-6043-4e00-b126-6ee06c02b131,2026-02-18,2026-02,question_pre_achat,,,fr,,,,,Support/⚡ Ventes - info pré-achat,Re: Merci de ton soutien
7df0c93f-5072-4f52-932c-3b491f96aede,2025-11-14,2025-11,question_pre_achat,taille,,fr,,,,,Support/⚡ Ventes - info pré-achat,Re: Mitaines
c2369bb5-756d-46ab-8c60-bd0411c94cd4,2025-11-23,2025-11,question_pre_achat,,,fr,,,,,Support/⚡ Ventes - info pré-achat,Message from Isabelle Cartier
4a62ab86-ce71-4123-87ca-7274f0c426a4,2025-12-03,2025-12,question_pre_achat,,,fr,,,,,Support/⚡ Ventes - info pré-achat,Commande
362d5b4e-befb-4808-9a2c-9ab0403dfbe1,2025-11-22,2025-11,question_pre_achat,taille,,fr,,,,,Support/⚡ Ventes - info pré-achat,Re: Retour
6a13c7ac-f559-4fdb-878d-4cd5262f4c98,2025-11-20,2025-11,question_pre_achat,chaleur_performance,,fr,,,,,Support/⚡ Ventes - info pré-achat,Message from Lasclay
21d47c13-5186-4cb4-a748-ebaa08362519,2025-11-05,2025-11,question_pre_achat,origine_fabrication,,fr,,,,,Support/⚡ Ventes - info pré-achat,Message from Lasclay
97e13dec-077a-4f51-a939-7c67374315e7,2025-11-24,2025-11,question_pre_achat,delai_expedition,,fr,,,,,Support/⚡ Ventes - info pré-achat,Re: renseignement sur délais de commande
174c42dd-0622-4cea-bfe8-61e1f5258f80,2025-11-23,2025-11,question_pre_achat,,,en,,,,,Support/⚡ Ventes - info pré-achat,Re: Try Milkweed Products: you could win the trip of a lifetime 🦋
8bb173e3-039f-46a4-ade2-40605fc85066,2025-11-29,2025-11,question_pre_achat,,,fr,,,,,Support/⚡ Ventes - info pré-achat,Re: Suivi de commande - forte demande
dc563815-1e14-4fea-aa9a-5dcd15f064e1,2025-11-28,2025-11,question_pre_achat,,,fr,,,,,Support/⚡ Ventes - info pré-achat,Re: Suivi de commande - forte demande
543830f3-35da-46a6-b2bc-192a29ad767f,2025-11-28,2025-11,question_pre_achat,,,fr,,,,,Support/⚡ Ventes - info pré-achat,Re: Suivi de commande - forte demande
3324d832-cbc0-41de-a3c4-ebd8ce82040e,2025-11-27,2025-11,question_pre_achat,taille,,fr,,,,,Support/⚡ Ventes - info pré-achat,Message from Lorraine Grégoire
ea1de709-f104-40d0-9e43-b0ee9c96af0e,2025-11-10,2025-11,question_pre_achat,taille|compatibilite,,fr,,,,,Support/⚡ Ventes - info pré-achat,Re: Merci énormément pour votre commande
b86a72b8-65af-4151-81b1-bc7a3387dca4,2025-11-19,2025-11,question_pre_achat,,,fr,,,,,Support/⚡ Ventes - info pré-achat,Message from Françoise Lavoie
c974cffc-65b7-4df2-8e1f-c9c23c1a1572,2025-10-22,2025-10,question_pre_achat,taille,,fr,,,,,Support/⚡ Ventes - info pré-achat,Re: Taille de mitaines
06783145-4fa0-4304-a027-23df4f1d089d,2025-10-22,2025-10,question_pre_achat,taille,,fr,,,,,Support/⚡ Ventes - info pré-achat,Re: Taille pour cache-cou
0e682bbc-0111-4b57-ab81-4ea92d78d6b2,2025-10-15,2025-10,question_pre_achat,delai_expedition|prix,,fr,,,,,Support/⚡ Ventes - info pré-achat,Re: Commande refusée?
56fd18ff-87d1-4c20-b7db-449b56618b67,2025-10-09,2025-10,question_pre_achat,delai_expedition|prix,,fr,,,,,Support/⚡ Ventes - info pré-achat,Re: Validation stock
4da1f32a-d5cc-4a5c-9ae1-a516172a6aac,2025-10-08,2025-10,question_pre_achat,taille,,en,,,,,Support/⚡ Ventes - info pré-achat,Message from Beth Stinson
22035c39-3f4a-45cf-b6e5-c83c565a8b44,2025-09-20,2025-09,question_pre_achat,taille|chaleur_performance|delai_expedition|prix,,fr,,,,,Support/⚡ Ventes - info pré-achat,Re: Prévente 2025 - Un succès renouvelé
76558c03-6896-49d1-8238-01e84fbcb850,2025-09-08,2025-09,question_pre_achat,points_de_vente,,fr,,,,,Support/⚡ Ventes - info pré-achat,Re: Coussin d'assise thermal
ba82fff0-9864-46b2-a0ca-a0dc0d75a5ed,2025-09-20,2025-09,retour_echange_remboursement,,,fr,,,,,Support/Visite de l'atelier,Re: Visite de votre usine
6c48b960-48a5-44b4-a8dc-b8b3c5474a4b,2025-12-01,2025-12,suivi_livraison,,,fr,,,,,XPRESS MANTEAU,Re: Suivi de ta précommande de manteau d'asclépiade
9e8d093e-b7b8-4dfd-93e3-fd2ee686ea7e,2025-11-19,2025-11,douane_international,,,fr,,,,,XPRESS MANTEAU,Re : Suivi de ta précommande de manteau d'asclépiade
60fcd5b8-219e-4f3d-9f2a-c16d39586df8,2025-11-18,2025-11,suivi_livraison,,,fr,,,,,XPRESS MANTEAU,Re: Suivi de ta précommande de manteau d'asclépiade
2071645e-dba3-4a05-a968-7ae7bbd23f16,2025-11-20,2025-11,suivi_livraison,,,en,,,,,XPRESS MANTEAU,RE: Suivi de ta précommande de manteau d'asclépiade
1a1cb36f-2577-4cbd-b30e-13f4c334db2a,2025-11-19,2025-11,question_pre_achat,delai_expedition,,fr,,,,,XPRESS MANTEAU,Re: Suivi de ta précommande de manteau d'asclépiade
c0401fb9-4e8d-4398-b135-35f373b56b61,2025-11-19,2025-11,suivi_livraison,,,fr,,,,,XPRESS MANTEAU,Re: Suivi de ta précommande de manteau d'asclépiade
340fe0d7-a3e7-4caa-b50d-d854eb46cc7e,2025-11-18,2025-11,suivi_livraison,,,fr,,,,,XPRESS MANTEAU,Re: Suivi de ta précommande de manteau d'asclépiade