Date,Événement 1,Événement 2, Net sales total , Net sales QC , Net sales ROC , Net sales USA , Total Ad Spend ,ROAS global,, QC Meta Ad spend  , ROAS QC ,, USA Meta Ad Spend , ROAS USA ,, ROC Meta Ad spend  , ROAS ROC , La Presse , Autre Ad Numérique ,% pub total,% pub QC,% pub ROC,% pub USA,Website sessions,Nb. of Orders,Conv. rate,AOV,$/session,Commentaires/constats, Dépensé 2023A - FB Post Foulard  ," CPA 
2023A - FB Post Foulard ", Dépensé - 2023A - FB Post Prévente , CPA - 2023A - FB Post Prévente , Dépensé 2023A - FB Post Sac Lunch , CPA 2023A - FB Post Sac Lunch , Dépensé 2023A - APM prévente post , CPA 2023A - APM prévente post , Dépensé 2023A - FB Post Semelles ,  CPA 2023A - FB Post Semelles  , Dépensé 2023A - FB Post Bandeaux  ," CPA 
2023A - FB Post Bandeaux "
All time,AVERAGES,," $ 1,745.93 ",,,, $ 617.90 ,2.83,, $ 248.18 ,,, $ 250.34 ,,, $ 58.75 ,,,,35.39%,#DIV/0!,#DIV/0!,#DIV/0!,852,23.33,2.74%,$66.50,$1.76,,,,,,,,,,,,,
9/17/2023,Réactivation campagne graines automne / campagne mega post automne,20$/j sur LAS FR et 20$/j sur APM FR. 25$/j sur M&M. Tous les posts legacy + nouveau post été + post automne," $ 1,739.43 ",,,,,25.39,, $ 68.51 ,,,,,,,,,,3.94%,#DIV/0!,#DIV/0!,#DIV/0!,377,23,6.10%,$75.63,$4.61,,,,,,,,,,,,,
9/18/2023,,, $ 487.27 ,,,,,5.45,, $ 89.47 ,,,,,,,,,,18.36%,#DIV/0!,#DIV/0!,#DIV/0!,411,14,3.41%,$34.81,$1.19,,,,,,,,,,,,,
9/19/2023,,, $ 496.11 ,,,,,5.77,, $ 85.93 ,,,,,,,,,,17.32%,#DIV/0!,#DIV/0!,#DIV/0!,326,12,3.68%,$41.34,$1.52,,,,,,,,,,,,,
9/20/2023,,, $ 760.19 ,,,,,9.14,, $ 83.14 ,,,,,,,,,,10.94%,#DIV/0!,#DIV/0!,#DIV/0!,329,12,3.65%,$63.35,$2.31,,,,,,,,,,,,,
9/21/2023,Création campagne média 23-24 + ajustement budget mega post,"Le ROAS de la campagne traffic mega post semble bon mais ça peut être skewed a cause de la prévente. Néanmoins, augmenté de 10$ à 20$ et Awareness ramené de 10 à 5. Ajout de Geo Plein air et Magazine LIGNE à la nouvelle campagne media qui est a 20$ par jour", $ 435.09 ,,,,,4.14,, $ 105.18 ,,,,,,,,,,24.17%,#DIV/0!,#DIV/0!,#DIV/0!,486,9,1.85%,$48.34,$0.90,,,,,,,,,,,,,
9/22/2023,Post FB organique prévente + pub 20$/jour dessus,fonctions advantage audience et multi-advertiser activées, $ 355.39 ,,,,,3.57,, $ 99.56 ,,,,,,,,,,28.01%,#DIV/0!,#DIV/0!,#DIV/0!,461,14,3.04%,$25.39,$0.77,,,,,,,,,,,,,
9/23/2023,,," $ 5,442.20 ",,,,,52.96,, $ 102.77 ,,,,,,,,,,1.89%,#DIV/0!,#DIV/0!,#DIV/0!,1389,82,5.90%,$66.37,$3.92,,,,,,,,,,,,,
9/24/2023,,," $ 2,605.26 ",,,,,22.21,, $ 117.28 ,,,,,,,,,,4.50%,#DIV/0!,#DIV/0!,#DIV/0!,969,46,4.75%,$56.64,$2.69,,,,,,,,,,,,,
9/25/2023,Monter la pub Prévente à 50$/jour,," $ 2,189.91 ",,,,,15.84,, $ 138.24 ,,,,,,,,,,6.31%,#DIV/0!,#DIV/0!,#DIV/0!,678,36,5.31%,$60.83,$3.23,,,,,,,,,,,,,
9/26/2023,,," $ 1,629.46 ",,,,,11.32,, $ 143.89 ,,,,,,,,,,8.83%,#DIV/0!,#DIV/0!,#DIV/0!,688,29,4.22%,$56.19,$2.37,,,,,,,,,,,,,
9/27/2023,Pub graines augmentation budget,"M&M 20$/jour a 60, APM 20$/jour a 60, LAS 20$ à 40"," $ 1,263.07 ",,,,,5.89,, $ 214.42 ,,,,,,,,,,16.98%,#DIV/0!,#DIV/0!,#DIV/0!,682,33,4.84%,$38.27,$1.85,,,,,,,,,,,,,
9/28/2023,,," $ 1,022.31 ",,,,,4.46,, $ 229.01 ,,,,,,,,,,22.40%,#DIV/0!,#DIV/0!,#DIV/0!,635,26,4.09%,$39.32,$1.61,,,,,,,,,,,,,
9/29/2023,,," $ 1,339.42 ",,,,,5.89,, $ 227.31 ,,,,,,,,,,16.97%,#DIV/0!,#DIV/0!,#DIV/0!,633,31,4.90%,$43.21,$2.12,,,,,,,,,,,,,
9/30/2023,,, $ 550.75 ,,,,,2.57,, $ 214.50 ,,,,,,,,,,38.95%,#DIV/0!,#DIV/0!,#DIV/0!,648,15,2.31%,$36.72,$0.85,,,,,,,,,,,,,
10/1/2023,,," $ 1,206.72 ", $ 988.70 , $ 218.02 , $ (0.00),,4.84,, $ 249.48 ,,,,,,,,,,20.67%,25.23%,0.00%,0.00%,904,29,3.21%,$41.61,$1.33,,,,,,,,,,,,,
10/2/2023,"Monter la pub prévente à 75$/jour /// La pub devient ""Contenu publicitaire limité""",," $ 1,221.44 ", $ 916.54 , $ 304.90 , $ 0.00 ,,4.70,, $ 259.75 ,,,,,,,,,,21.27%,28.34%,0.00%,0.00%,944,34,3.60%,$35.92,$1.29,,,,,,,,,,,,,
10/3/2023,Pub prévente redescendue à 50$/jour,, $ 737.29 , $ 515.58 , $ 221.71 , $ (0.00),,2.60,, $ 283.59 ,,,,,,,,,,38.46%,55.00%,0.00%,0.00%,878,26,2.96%,$28.36,$0.84,,,,,,,,,,,,,
10/4/2023,"Ajout publicité Sac Lunch dans le Ad Set avec Prévente.
Monter le budget du Ad Set à 60$/jour pour le ad set",," $ 1,147.75 ", $ 981.62 , $ 166.13 , $ -   ,,4.04,, $ 283.76 ,,,,,,,,,,24.72%,28.91%,0.00%,#DIV/0!,825,29,3.52%,$39.58,$1.39,,,,,,,,,,,,,
10/5/2023,,, $ 723.34 , $ 462.75 , $ 203.02 , $ 57.57 ,,2.50,, $ 289.60 ,,,,,,,,,,40.04%,62.58%,0.00%,0.00%,693,22,3.17%,$32.88,$1.04,,,,,,,,,,,,,
10/6/2023,(Phil) Fin de la pub IG post Fidjie (turn off en fin de journée),"- IG Post Fidjie: 60$+ dépensé et aucune conversion. Turn off.

- On a eu deux conversions avec le post de prévente sur IG aujourd'hui, mais 0 avant aujourd'hui. Je vais quand même laisser rouler la pub quelques jours encore, voir si les conversions montent ou si c'était juste un one-time thing chanceux de IG.

- On a eu notre meilleure journée depuis un boute. Mais ça s'explique entre autre par une commande de 400$ de graines (L-17163)"," $ 2,682.06 "," $ 2,350.11 ", $ 105.61 , $ 226.34 ,,9.75,, $ 275.20 ,,,,,,,,,,10.26%,11.71%,0.00%,0.00%,746,30,4.02%,$89.40,$3.60,,,,,,,,,,,,,
10/7/2023,Augmentation budget graines ROC,"Ad set M&M de 60$ à 80$. 5,53$/conversion en octobre, excellent"," $ 1,471.90 "," $ 1,067.93 ", $ 403.97 , $ -   ,,5.62,, $ 262.09 ,,,,,,,,,,17.81%,24.54%,0.00%,#DIV/0!,797,33,4.14%,$44.60,$1.85,,,,,,,,,,,,,
10/8/2023,Problème de facturation,"Le paiement de carte de crédit a pas passé, je sais pas pourquoi. Je m'en suis rendu compte en fin pm, je pense pas qu'il y a eu un gros gap, mais on remarque un gap de ventes entre 3pm et 6pm, et beaucoup moins de visites. "," $ 1,601.29 "," $ 1,149.42 ", $ 451.87 , $ (0.00),,5.14,, $ 311.34 ,,,,,,,,,,19.44%,27.09%,0.00%,0.00%,846,35,4.14%,$45.75,$1.89,,,,,,,,,,,,,
10/9/2023,,," $ 1,586.63 "," $ 1,301.19 ", $ 269.04 , $ 16.40 ,,5.27,, $ 300.80 ,,,,,,,,,,18.96%,23.12%,0.00%,0.00%,897,30,3.34%,$52.89,$1.77,,,,,,,,,,,,,
10/10/2023,,, $ 934.03 , $ 767.85 , $ 182.58 , $ (16.40),,3.17,, $ 294.36 ,,,,,,,,,,31.52%,38.34%,0.00%,0.00%,718,20,2.79%,$46.70,$1.30,,,,,,,,,,,,,
10/11/2023,,, $ 938.07 , $ 739.88 , $ 198.19 , $ 0.00 ,,3.23,, $ 290.26 ,,,,,,,,,,30.94%,39.23%,0.00%,0.00%,680,21,3.09%,$44.67,$1.38,,,,,,,,,,,,,
10/12/2023,,," $ 2,388.23 "," $ 2,227.99 ", $ 160.24 , $ 0.00 ,,8.38,, $ 284.91 ,,,,,,,,,,11.93%,12.79%,0.00%,0.00%,1022,52,5.09%,$45.93,$2.34,,,,,,,,,,,,,
10/13/2023,"Fin FB Ads IG à 25$/jour
Début FB Ads Semelles 50$/jour",," $ 1,870.44 "," $ 1,739.21 ", $ 131.23 , $ 0.00 ,,6.58,, $ 284.40 ,,,,,,,,,,15.20%,16.35%,0.00%,0.00%,816,31,3.80%,$60.34,$2.29,,,,,,,,,,,,,
10/14/2023,"Début d'une campagne engagement pour les posts actuels (Semelles, sacs lunchs, prévente). 30$/jour

Début utilisation ""Audience Advantage+"" sur la campagne/ad set ""Mega Post 23 trafic"". Selon Meta 33% de réduction de coût si on rajoutait ça.","(Phil) Je remarque que l'engagement ""organique"" a beaucoup ralenti malgré une publicité de type ""conversion"" en place. Pourtant on avait pas mal de ventes organiques avec l'engagement qui montait beaucoup en même temps. Je veux que l'engagement sur les posts continuent de monter car je crois qu'ils sont bons à la base et peuvent devenir meilleurs avec plus d'engagements. La campagne engagement se fait avec tous les francophones du Canada+Vermont+New Hampshire+Maine (les 3 états américains avec le plus de Francos 20%+ de la pop)"," $ 1,617.80 "," $ 1,376.48 ", $ 241.32 , $ (0.00),,5.43,, $ 297.72 ,,,,,,,,,,18.40%,21.63%,0.00%,0.00%,895,32,3.58%,$50.56,$1.81,,,,,,,,,,,,,
10/15/2023,Infolettre Fr et EN envoyée en tranches 20% à 12h45 jusqu'à 16h45," Infolettre automnale: Bandeaux, cache-cous, foulards, graines"," $ 4,568.73 "," $ 4,031.57 ", $ 493.42 , $ 43.74 ,,12.73,, $ 358.78 ,,,,,,,,,,7.85%,8.90%,0.00%,0.00%,1791,70,3.91%,$65.27,$2.55,,,,,,,,,,,,,
10/16/2023,,," $ 3,175.42 "," $ 2,343.19 ", $ 832.23 , $ -   ,,8.72,, $ 363.96 ,,,,,,,,,,11.46%,15.53%,0.00%,#DIV/0!,1399,44,3.15%,$72.17,$2.27,,,,,,,,,,,,,
10/17/2023,,," $ 1,556.31 "," $ 1,473.04 ", $ 83.27 , $ (0.00),,4.44,, $ 350.81 ,,,,,,,,,,22.54%,23.82%,0.00%,0.00%,948,33,3.48%,$47.16,$1.64,,,,,,,,,,,,,
10/18/2023,Ajout du post APM dans le Ad Set de prévente,À voir si ça donne des bons résultats (baisse du CPA et pas de distribution déséquilibrée par META). Sinon on va enlever le post et faire un adset séparé avec un targeting différent," $ 2,019.12 "," $ 1,800.31 ", $ 218.81 , $ (0.00),,5.87,, $ 343.72 ,,,,,,,,,,17.02%,19.09%,0.00%,0.00%,936,35,3.74%,$57.69,$2.16,,,,,,,,,,,,,
10/19/2023,,, $ 831.48 , $ 649.55 , $ 181.93 , $ 0.00 ,,2.50,, $ 332.83 ,,,,,,,,,,40.03%,51.24%,0.00%,0.00%,339,13,3.83%,$63.96,$2.45,,,,,,,,,,,,,
10/20/2023,,," $ 1,691.39 "," $ 1,445.60 ", $ 245.79 , $ 0.00 ,,5.15,, $ 328.30 ,,,,,,,,,,19.41%,22.71%,0.00%,0.00%,738,26,3.52%,$65.05,$2.29,,,,,,,,,,,,,
10/21/2023,,," $ 3,121.97 "," $ 2,383.61 ", $ 103.58 , $ 634.78 ,,9.32,, $ 334.89 ,,,,,,,,,,10.73%,14.05%,0.00%,0.00%,823,25,3.04%,$124.88,$3.79,,,,,,,,,,,,,
10/22/2023,,," $ 1,859.75 "," $ 1,617.51 ", $ 242.24 , $ -   ,,5.00,, $ 372.16 ,,,,,,,,,,20.01%,23.01%,0.00%,#DIV/0!,1018,30,2.95%,$61.99,$1.83,,,,,,,, $ 30.84 , $ 30.84 , $ 54.65 , $ 10.93 ,,
10/23/2023,,," $ 1,486.77 "," $ 1,319.44 ", $ 167.33 , $ (0.00),,4.14,, $ 359.23 ,,,,,,,,,,24.16%,27.23%,0.00%,0.00%,834,29,3.48%,$51.27,$1.78,,,, $ 34.31 , $ 34.31 , $ 3.07 ,, $ 25.02 , $ 8.34 , $ 51.43 , $ 10.29 ,,
10/24/2023,,, $ 924.31 , $ 741.39 , $ 182.92 , $ (0.00),,2.63,, $ 351.33 ,,,,,,,,,,38.01%,47.39%,0.00%,0.00%,810,21,2.59%,$44.01,$1.14,,,, $ 26.40 , $ 13.20 , $ 3.02 ,, $ 31.86 ,, $ 51.18 , $ 25.59 ,,
10/25/2023,,," $ 2,257.04 "," $ 1,964.37 ", $ 292.67 , $ 0.00 ,,6.61,, $ 341.33 ,,, $ -   ,,, $ -   ,,,,15.12%,17.38%,0.00%,0.00%,827,36,4.35%,$62.70,$2.73,,,, $ 32.18 , $ 8.05 , $ 3.07 ,, $ 24.52 , $ 12.26 , $ 48.41 , $ 12.10 ,,
10/26/2023,,," $ 1,760.79 "," $ 1,692.26 ", $ 68.53 , $ (0.00),,4.75,, $ 370.70 ,,, $ -   ,,, $ -   ,,,,21.05%,21.91%,0.00%,0.00%,708,25,3.53%,$70.43,$2.49,, $ -   ,, $ 24.62 ,, $ 2.32 ,, $ 31.94 , $ 15.97 , $ 49.33 , $ 9.87 ,,
10/27/2023,Ajout pub,"(Gabriel) Post organique foulard + ajout dans ad sets conversion et engagement. Remaniement du budget de campagne de graines. LasclayFR 40 à 10, APM 60 à 80, M&M 80 à 100"," $ 1,452.39 "," $ 1,274.89 ", $ 177.50 , $ -   ,,4.29,, $ 338.87 ,,, $ -   ,,, $ -   ,,,,23.33%,26.58%,0.00%,#DIV/0!,796,26,3.27%,$55.86,$1.82,, $ 1.92 ,, $ 14.50 , $ 2.90 , $ 1.83 ,, $ 37.05 , $ 37.05 , $ 45.78 , $ 45.78 ,,
10/28/2023,,," $ 1,032.29 ", $ 895.74 , $ 136.55 , $ (0.00),,3.05,, $ 338.47 ,,, $ -   ,,, $ -   ,,,,32.79%,37.79%,0.00%,0.00%,737,18,2.44%,$57.35,$1.40,, $ 13.38 ,, $ 13.18 , $ 13.18 , $ 2.02 ,, $ 30.06 , $ 30.06 , $ 49.22 , $ 16.41 ,,
10/29/2023,Ajustement pub,(Gabriel) J'ai enlevé le post organique foulard de la campagne engagement. Elle venait tout bouffer le budget et plus rien n'allait sur les semelles. Je ne sais pas si c'est relié mais les ventes ont baissé alors je l'ai enlevé. Le post de semelles est meilleur et a fait ses preuves. Je l'ai laissé en conversion pcq les semelles sont dans un autre adset.," $ 2,566.89 "," $ 2,334.25 ", $ 232.64 , $ (0.00),,7.51,, $ 341.81 ,,, $ -   ,,, $ -   ,,,,13.32%,14.64%,0.00%,0.00%,829,36,4.34%,$71.30,$3.10,, $ 12.07 , $ 4.02 , $ 12.94 , $ 6.47 , $ 2.19 ,, $ 30.71 , $ 10.24 , $ 48.40 , $ 3.72 ,,
10/30/2023,Turn off publicité des graines,," $ 2,701.41 "," $ 2,384.16 ", $ 317.25 , $ -   ,,10.98,, $ 246.14 ,,, $ -   ,,, $ -   ,,,,9.11%,10.32%,0.00%,#DIV/0!,802,34,4.24%,$79.45,$3.37,, $ 11.22 ,, $ 19.08 , $ 4.77 , $ 2.62 , $ 2.62 , $ 26.08 ,, $ 48.37 , $ 4.40 ,,
10/31/2023,,," $ 2,175.85 "," $ 1,833.52 ", $ -   , $ 342.33 , $ 180.98 ,12.02,, $ 180.98 ,,, $ -   ,,, $ -   ,,,,8.32%,9.87%,#DIV/0!,0.00%,638,28,4.39%,$77.71,$3.41,, $ 10.71 ,, $ 29.71 , $ 4.95 , $ 1.98 , $ 1.98 , $ 23.56 , $ 7.85 , $ 55.15 , $ 6.89 ,,
11/1/2023,Scale up du budget pub QC,"Au QC, on scale le budget pub de 165$/jour à 215$/jour"," $ 2,889.30 "," $ 2,889.30 ", $ -   , $ -   , $ 236.68 ,12.94,, $ 223.35 ,,, $ -   ,,, $ -   ,, $ -   , $ 13.33 ,8.19%,94.37%,0.00%,#DIV/0!,819,39,4.76%,$74.08,$3.53,, $ 22.01 , $ 5.50 , $ 35.54 , $ 3.95 , $ 1.86 , $ 1.86 , $ 19.30 , $ 6.43 , $ 78.34 , $ 15.67 ,,
11/2/2023,,," $ 2,326.88 "," $ 2,326.88 ", $ -   , $ -   , $ 232.56 ,10.61,, $ 219.23 ,,, $ -   ,,, $ -   ,, $ -   , $ 13.33 ,9.99%,94.27%,0.00%,#DIV/0!,805,34,4.22%,$68.44,$2.89,, $ 31.13 , $ 7.78 , $ 32.21 , $ 4.60 , $ 1.39 ,, $ 12.25 , $ 6.13 , $ 77.34 , $ 9.67 ,,
11/3/2023,,," $ 2,549.43 "," $ 2,389.46 ", $ 159.97 , $ (0.00), $ 221.18 ,12.27,, $ 207.85 ,,, $ -   ,,, $ -   ,, $ -   , $ 13.33 ,8.68%,93.97%,0.00%,0.00%,699,32,4.58%,$79.67,$3.65,, $ 19.81 , $ 9.90 , $ 41.54 , $ 8.31 , $ 1.22 ,, $ 9.43 , $ 9.43 , $ 72.74 , $ 5.60 ,,
11/4/2023,,," $ 2,499.36 "," $ 2,499.36 ", $ -   , $ -   , $ 227.19 ,11.69,, $ 213.86 ,,, $ -   ,,, $ -   ,, $ -   , $ 13.33 ,9.09%,94.13%,0.00%,#DIV/0!,801,32,4.00%,$78.11,$3.12,, $ 17.12 , $ 8.56 , $ 44.27 , $ 14.76 , $ 3.19 , $ 1.06 , $ 10.43 , $ 10.43 , $ 74.75 , $ 6.80 ,,
11/5/2023,,," $ 2,753.51 "," $ 2,523.54 ", $ 229.97 , $ 0.00 , $ 243.84 ,11.95,, $ 230.51 ,,, $ -   ,,, $ -   ,, $ -   , $ 13.33 ,8.86%,94.53%,0.00%,0.00%,813,33,4.06%,$83.44,$3.39,, $ 16.92 ,, $ 45.91 , $ 5.74 , $ 5.20 ,, $ 12.30 , $ 6.15 , $ 80.85 , $ 8.09 ,,
11/6/2023,,Monté le budget FB campagne conversion de 75 à 80$/jour," $ 2,050.20 "," $ 2,050.20 ", $ -   , $ -   , $ 233.87 ,9.30,, $ 220.54 ,,, $ -   ,,, $ -   ,, $ -   , $ 13.33 ,11.41%,94.30%,0.00%,#DIV/0!,727,29,3.99%,$70.70,$2.82,, $ 16.42 , $ 8.21 , $ 39.88 , $ 7.98 , $ 6.92 ,, $ 15.46 , $ 7.73 , $ 76.36 , $ 5.09 ,,
11/7/2023,,," $ 1,405.11 "," $ 1,285.13 ", $ 119.98 , $ 0.00 , $ 227.95 ,6.55,, $ 214.62 ,,, $ -   ,,, $ -   ,, $ -   , $ 13.33 ,16.22%,94.15%,0.00%,0.00%,720,23,3.19%,$61.09,$1.95,, $ 17.97 , $ 17.97 , $ 41.88 , $ 5.98 , $ 4.53 ,, $ 13.62 ,, $ 72.25 , $ 8.03 ,,
11/8/2023,"Pub des semelles devenue ""contenu créatif limité""",," $ 2,888.73 "," $ 2,888.73 ", $ -   , $ -   , $ 228.96 ,13.40,, $ 215.63 ,,, $ -   ,,, $ -   ,, $ -   , $ 13.33 ,7.93%,94.18%,0.00%,#DIV/0!,663,26,3.92%,$111.11,$4.36,, $ 22.06 , $ 22.06 , $ 40.54 , $ 10.14 , $ 2.91 , $ 1.46 , $ 13.24 ,, $ 72.28 , $ 10.33 ,,
11/9/2023,,," $ 2,211.83 "," $ 2,156.89 ", $ 54.94 , $ 0.00 , $ 227.39 ,10.33,, $ 214.06 ,,, $ -   ,,, $ -   ,, $ -   , $ 13.33 ,10.28%,94.14%,0.00%,0.00%,746,28,3.75%,$78.99,$2.96,, $ 22.09 , $ 11.05 , $ 38.11 , $ 6.35 , $ 3.14 ,, $ 15.84 , $ 5.28 , $ 72.33 , $ 12.06 ,,
11/10/2023,Ajout de la pub QC FR des bandeaux dans le ad set lookalike avec les semelles pour contrebalancer le creative fatigue,"(Phil) Malgré l'ajout d'une nouvelle pub dans le ad set, on garde le budget à 75$/jour pour ce ad set"," $ 3,397.63 "," $ 3,397.63 ", $ -   , $ -   , $ 228.91 ,15.76,, $ 215.58 ,,, $ -   ,,, $ -   ,, $ -   , $ 13.33 ,6.74%,94.18%,0.00%,#DIV/0!,719,37,5.15%,$91.83,$4.73,, $ 17.69 , $ 4.42 , $ 39.30 , $ 9.82 , $ 3.90 , $ 3.90 , $ 18.29 , $ 6.10 , $ 71.24 , $ 5.94 , $ 3.31 , $ 3.31 
11/11/2023,,," $ 1,774.48 "," $ 1,734.50 ", $ 39.98 ,0, $ 232.17 ,8.11,, $ 218.84 ,,, $ -   ,,, $ -   ,, $ -   , $ 13.33 ,13.08%,94.26%,0.00%,#DIV/0!,667,27,4.05%,$65.72,$2.66,, $ 9.44 , $ 2.36 , $ 43.37 , $ 8.67 , $ 3.81 , $ 3.81 , $ 22.48 , $ 11.24 , $ 72.28 , $ 14.46 , $ 3.82 , $ 3.82 
11/12/2023,Envoi infolettre cartes-cadeaux,10$ de carte-cadeau / tranche de 99$ dépensé," $ 4,405.94 "," $ 4,295.96 ", $ 109.98 , $ -   , $ 241.71 ,19.29,, $ 228.38 ,,, $ -   ,,, $ -   ,, $ -   , $ 13.33 ,5.49%,94.48%,0.00%,#DIV/0!,1138,50,4.39%,$88.12,$3.87,, $ 13.67 , $ 3.42 , $ 40.10 , $ 5.01 , $ 3.31 ,, $ 27.37 , $ 3.91 , $ 72.30 , $ 14.46 , $ 3.38 , $ 3.38 
11/13/2023,,," $ 3,602.33 "," $ 3,382.38 ", $ 219.95 , $ (0.00), $ 243.09 ,15.68,, $ 229.76 ,,, $ -   ,,, $ -   ,, $ -   , $ 13.33 ,6.75%,94.52%,0.00%,0.00%,791,45,5.69%,$80.05,$4.55,, $ 14.10 , $ 4.70 , $ 36.78 , $ 5.52 , $ 3.20 , $ 3.20 , $ 30.15 , $ 10.05 , $ 75.28 , $ 9.41 , $ 3.72 ,
11/14/2023,,," $ 3,340.14 "," $ 3,220.16 ", $ 119.98 , $ 0.00 , $ 236.37 ,14.98,, $ 223.04 ,,, $ -   ,,, $ -   ,, $ -   , $ 13.33 ,7.08%,94.36%,0.00%,0.00%,713,36,5.05%,$92.78,$4.68,,,,,,,,,,,,,
11/15/2023,,," $ 1,243.65 "," $ 1,243.65 ", $ -   , $ -   , $ 234.58 ,5.62,, $ 221.25 ,,, $ -   ,,, $ -   ,, $ -   , $ 13.33 ,18.86%,94.32%,0.00%,#DIV/0!,636,17,2.67%,$73.16,$1.96,,,,,,,,,,,,,
11/16/2023,,," $ 1,582.06 "," $ 1,582.06 ", $ -   , $ -   , $ 226.75 ,7.41,, $ 213.42 ,,, $ -   ,,, $ -   ,, $ -   , $ 13.33 ,14.33%,94.12%,0.00%,#DIV/0!,550,20,3.64%,$79.10,$2.88,,,,,,,,,,,,,
11/17/2023,,," $ 1,530.56 "," $ 1,530.56 ", $ -   , $ -   , $ 221.79 ,7.34,, $ 208.46 ,,, $ -   ,,, $ -   ,, $ -   , $ 13.33 ,14.49%,93.99%,0.00%,#DIV/0!,579,24,4.15%,$63.77,$2.64,,,,,,,,,,,,,
11/18/2023,,," $ 1,995.51 "," $ 1,995.51 ", $ -   , $ -   , $ 224.27 ,9.46,, $ 210.94 ,,, $ -   ,,, $ -   ,, $ -   , $ 13.33 ,11.24%,94.05%,0.00%,#DIV/0!,602,26,4.32%,$76.75,$3.31,,,,,,,,,,,,,
11/19/2023,,," $ 1,542.45 "," $ 1,542.45 ", $ -   , $ -   , $ 244.95 ,6.66,, $ 231.62 ,,, $ -   ,,, $ -   ,, $ -   , $ 13.33 ,15.88%,94.56%,0.00%,#DIV/0!,682,21,3.08%,$73.45,$2.26,,,,,,,,,,,,,
11/20/2023,,," $ 2,478.47 "," $ 2,478.47 ", $ -   , $ -   , $ 240.79 ,10.90,, $ 227.46 ,,, $ -   ,,, $ -   ,, $ -   , $ 13.33 ,9.72%,94.46%,0.00%,#DIV/0!,671,27,4.02%,$91.80,$3.69,,,,,,,,,,,,,
11/21/2023,,," $ 2,184.38 "," $ 2,065.10 ", $ -   , $ 119.28 , $ 233.46 ,9.92,, $ 220.13 ,,, $ -   ,,, $ -   ,, $ -   , $ 13.33 ,10.69%,94.29%,0.00%,0.00%,669,29,4.33%,$75.32,$3.27,,,,,,,,,,,,,
11/22/2023,,," $ 2,776.62 "," $ 2,656.64 ", $ 119.98 , $ 0.00 , $ 229.61 ,12.84,, $ 216.28 ,,, $ -   ,,, $ -   ,, $ -   , $ 13.33 ,8.27%,94.19%,0.00%,0.00%,586,32,5.46%,$86.77,$4.74,,,,,,,,,,,,,
11/23/2023,,," $ 2,546.38 "," $ 2,546.38 ", $ -   , $ -   , $ 229.91 ,11.76,, $ 216.58 ,,, $ -   ,,, $ -   ,, $ -   , $ 13.33 ,9.03%,94.20%,0.00%,#DIV/0!,550,28,5.09%,$90.94,$4.63,,,,,,,,,,,,,
11/24/2023,,," $ 3,352.81 "," $ 3,352.81 ", $ -   , $ -   , $ 289.40 ,12.14,, $ 276.07 ,,, $ -   ,,, $ -   ,, $ -   , $ 13.33 ,8.63%,95.39%,0.00%,#DIV/0!,644,36,5.59%,$93.13,$5.21,,,,,,,,,,,,,
11/25/2023,infolettre rappel BFCM cartes cadeaux,," $ 5,799.66 "," $ 5,559.70 ", $ 239.96 , $ 0.00 , $ 407.93 ,14.70,, $ 394.60 ,,, $ -   ,,, $ -   ,, $ -   , $ 13.33 ,7.03%,96.73%,0.00%,0.00%,1309,50,3.82%,$115.99,$4.43,,,,,,,,,,,,,
11/26/2023,,," $ 5,173.60 "," $ 5,019.65 ", $ 153.95 ,0, $ 431.53 ,12.37,, $ 418.20 ,,, $ -   ,,, $ -   ,, $ -   , $ 13.33 ,8.34%,96.91%,0.00%,#DIV/0!,999,50,5.01%,$103.47,$5.18,,,,,,,,,,,,,
11/27/2023,,," $ 5,512.73 "," $ 5,392.75 ", $ 119.98 , $ (0.00), $ 396.51 ,14.39,, $ 383.18 ,,,,,, $ -   ,, $ -   , $ 13.33 ,7.19%,96.64%,0.00%,0.00%,864,51,5.90%,$108.09,$6.38,,,,,,,,,,,,,
11/28/2023,"Début campagne ""Atelier Direct"" La Presse à 25$/jour",," $ 2,773.37 "," $ 2,733.37 ", $ 39.98 , $ 0.02 , $ 295.91 ,10.77,, $ 257.58 ,,,,,, $ -   ,, $ 25.00 , $ 13.33 ,10.67%,87.05%,0.00%,0.00%,827,29,3.51%,$95.63,$3.35,,,,,,,,,,,,,
11/29/2023,,," $ 2,910.12 "," $ 2,760.16 ", $ 149.96 , $ 0.00 , $ 281.44 ,11.97,, $ 243.11 ,,,,,, $ -   ,, $ 25.00 , $ 13.33 ,9.67%,86.38%,0.00%,0.00%,829,28,3.38%,$103.93,$3.51,,,,,,,,,,,,,
11/30/2023,Pause pub sac lunch (back order),," $ 2,514.65 "," $ 2,382.76 ", $ 131.89 , $ (0.00), $ 281.78 ,10.33,, $ 243.45 ,,,,,, $ -   ,, $ 25.00 , $ 13.33 ,11.21%,86.40%,0.00%,0.00%,840,33,3.93%,$76.20,$2.99,,,,,,,,,,,,,
12/1/2023,,," $ 1,965.53 "," $ 1,918.55 ", $ 46.98 , $ -   , $ 264.62 ,8.20,, $ 239.62 ,,,,,, $ -   ,, $ 25.00 ,,13.46%,90.55%,0.00%,#DIV/0!,824,25,3.03%,$78.62,$2.39,,,,,,,,,,,,,
12/2/2023,,," $ 3,193.34 "," $ 3,063.36 ", $ 129.98 , $ -   , $ 260.58 ,13.56,, $ 235.58 ,,,,,, $ -   ,, $ 25.00 ,,8.16%,90.41%,0.00%,#DIV/0!,775,24,3.10%,$133.06,$4.12,,,,,,,,,,,,,
12/3/2023,,," $ 3,639.36 "," $ 3,639.36 ", $ -   , $ -   , $ 289.58 ,13.76,, $ 264.58 ,,,,,, $ -   ,, $ 25.00 ,,7.96%,91.37%,0.00%,#DIV/0!,778,35,4.50%,$103.98,$4.68,,,,,,,,,,,,,
12/4/2023,,," $ 2,352.46 "," $ 2,352.46 ",, $ -   , $ 285.55 ,9.03,, $ 260.55 ,,,,,, $ -   ,, $ 25.00 ,,12.14%,91.24%,0.00%,#DIV/0!,807,32,3.97%,$73.51,$2.92,,,,,,,,,,,,,
12/5/2023,,," $ 1,919.45 "," $ 1,919.45 ", $ -   , $ -   , $ 278.79 ,7.56,, $ 253.79 ,,,,,, $ -   ,, $ 25.00 ,,14.52%,91.03%,0.00%,#DIV/0!,816,22,2.70%,$87.25,$2.35,,,,,,,,,,,,,
12/6/2023,Début baisse $budget campagne engagement+traffic megapost,"Campagne engagement: 40$/jour => 10$/jour
Campagne traffic Megapost: 20$/jour => 10$/jour"," $ 2,167.56 "," $ 2,127.57 ", $ 39.99 , $ (0.00), $ 246.70 ,9.78,, $ 221.70 ,,,,,, $ -   ,, $ 25.00 ,,11.38%,89.87%,0.00%,0.00%,790,23,2.91%,$94.24,$2.74,,,,,,,,,,,,,
12/7/2023,,," $ 1,672.81 "," $ 1,644.32 ", $ 28.49 , $ 0.00 , $ 231.55 ,8.10,, $ 206.55 ,,,,,, $ -   ,, $ 25.00 ,,13.84%,89.20%,0.00%,0.00%,726,20,2.75%,$83.64,$2.30,,,,,,,,,,,,,
12/8/2023,,," $ 1,083.77 ", $ 473.85 , $ 609.92 , $ -   , $ 225.27 ,5.41,, $ 200.27 ,,,,,, $ -   ,, $ 25.00 ,,20.79%,88.90%,0.00%,#DIV/0!,667,12,1.80%,$90.31,$1.62,,,,,,,,,,,,,
12/9/2023,,," $ 2,470.64 "," $ 2,405.42 ",, $ 65.22 , $ 222.91 ,12.48,, $ 197.91 ,,,,,, $ -   ,, $ 25.00 ,,9.02%,88.78%,0.00%,0.00%,1553,31,2.00%,$79.70,$1.59,,,,,,,,,,,,,
12/10/2023,,," $ 2,424.20 "," $ 2,424.20 ",, $ -   , $ 248.81 ,10.83,, $ 223.81 ,,,,,, $ -   ,, $ 25.00 ,,10.26%,89.95%,0.00%,#DIV/0!,873,26,2.98%,$93.24,$2.78,,,,,,,,,,,,,
12/11/2023,,," $ 1,859.62 "," $ 1,859.62 ",, $ -   , $ 244.39 ,8.48,, $ 219.39 ,,,,,, $ -   ,, $ 25.00 ,,13.14%,89.77%,0.00%,#DIV/0!,662,21,3.17%,$88.55,$2.81,,,,,,,,,,,,,
12/12/2023,,," $ 2,422.83 "," $ 2,287.07 ", $ -   , $ 135.76 , $ 238.49 ,11.35,, $ 213.49 ,,,,,, $ -   ,, $ 25.00 ,,9.84%,89.52%,0.00%,0.00%,611,21,3.44%,$115.37,$3.97,,,,,,,,,,,,,
12/13/2023,,," $ 1,755.64 "," $ 1,721.67 ",, $ 33.97 , $ 233.50 ,8.42,, $ 208.50 ,,,,,, $ -   ,, $ 25.00 ,,13.30%,89.29%,0.00%,0.00%,780,24,3.08%,$73.15,$2.25,,,,,,,,,,,,,
12/14/2023,,," $ 1,478.70 "," $ 1,478.70 ",, $ -   , $ 230.52 ,7.19,, $ 205.52 ,,,,,, $ -   ,, $ 25.00 ,,15.59%,89.15%,0.00%,#DIV/0!,649,17,2.62%,$86.98,$2.28,,,,,,,,,,,,,
12/15/2023,,, $ 876.79 , $ 876.79 ,, $ -   , $ 226.28 ,4.36,, $ 201.28 ,,,,,, $ -   ,, $ 25.00 ,,25.81%,88.95%,0.00%,#DIV/0!,621,8,1.29%,$109.60,$1.41,,,,,,,,,,,,,
12/16/2023,,, $ 917.95 , $ 917.95 ,, $ -   , $ 222.55 ,4.65,, $ 197.55 ,,,,,, $ -   ,, $ 25.00 ,,24.24%,88.77%,0.00%,#DIV/0!,654,19,2.91%,$48.31,$1.40,,,,,,,,,,,,,
12/17/2023,,," $ 1,040.73 ", $ 910.75 , $ 129.98 ,, $ 248.13 ,4.66,, $ 223.13 ,,,,,, $ -   ,, $ 25.00 ,,23.84%,89.92%,0.00%,#DIV/0!,608,15,2.47%,$69.38,$1.71,,,,,,,,,,,,,
12/18/2023,,," $ 1,866.05 "," $ 1,866.05 ",, $ -   , $ 244.58 ,8.50,, $ 219.58 ,,,,,, $ -   ,, $ 25.00 ,,13.11%,89.78%,0.00%,#DIV/0!,635,15,2.36%,$124.40,$2.94,,,,,,,,,,,,,
12/19/2023,,, $ 668.31 , $ 668.31 ,, $ -   , $ 238.66 ,3.13,, $ 213.66 ,,,,,, $ -   ,, $ 25.00 ,,35.71%,89.52%,0.00%,#DIV/0!,670,11,1.64%,$60.76,$1.00,,,,,,,,,,,,,
12/20/2023,,, $ 992.76 , $ 992.76 ,, $ -   , $ 232.21 ,4.79,, $ 207.21 ,,,,,, $ -   ,, $ 25.00 ,,23.39%,89.23%,0.00%,#DIV/0!,776,13,1.68%,$76.37,$1.28,,,,,,,,,,,,,
12/21/2023,,, $ 705.31 , $ 705.31 ,, $ -   , $ 207.08 ,3.41,, $ 207.08 ,,,,,, $ -   ,,,,29.36%,100.00%,0.00%,#DIV/0!,807,14,1.73%,$50.38,$0.87,,,,,,,,,,,,,
12/22/2023,,," $ 1,152.99 "," $ 1,119.82 ",, $ 33.17 , $ 202.62 ,5.69,, $ 202.62 ,,,,,, $ -   ,,,,17.57%,100.00%,0.00%,0.00%,670,11,1.64%,$104.82,$1.72,,,,,,,,,,,,,
12/23/2023,,, $ 861.83 , $ 861.83 ,, $ -   , $ 196.94 ,4.38,, $ 196.94 ,,,,,, $ -   ,,,,22.85%,100.00%,0.00%,#DIV/0!,496,11,2.22%,$78.35,$1.74,,,,,,,,,,,,,
12/24/2023,,, $ 497.88 , $ 497.88 ,, $ -   , $ 229.80 ,2.17,, $ 229.80 ,,,,,, $ -   ,,,,46.16%,100.00%,0.00%,#DIV/0!,448,9,2.01%,$55.32,$1.11,,,,,,,,,,,,,
12/25/2023,,, $ 664.94 , $ 524.97 , $ 139.97 , $ 0.00 , $ 220.04 ,3.02,, $ 220.04 ,,,,,, $ -   ,,,,33.09%,100.00%,0.00%,0.00%,446,11,2.47%,$60.45,$1.49,,,,,,,,,,,,,
12/26/2023,,," $ 1,826.59 "," $ 1,786.60 ", $ 39.99 , $ 0.00 , $ 210.18 ,,, $ 210.18 ,,,,,, $ -   ,,,,11.51%,100.00%,0.00%,0.00%,801,24,,,,,,,,,,,,,,,,
12/27/2023,,, $ 873.83 , $ 873.83 ,, $ -   , $ 206.80 ,4.23,, $ 206.80 ,,,,,, $ -   ,,,,23.67%,100.00%,0.00%,#DIV/0!,530,9,1.70%,$97.09,$1.65,,,,,,,,,,,,,
12/28/2023,,, $ 853.82 , $ 683.86 , $ 169.96 , $ -   , $ 204.90 ,4.17,, $ 204.90 ,,,,,, $ -   ,,,,24.00%,100.00%,0.00%,#DIV/0!,489,17,3.48%,$50.22,$1.75,,,,,,,,,,,,,
12/29/2023,,, $ 376.35 , $ 376.35 ,, $ -   , $ 201.61 ,1.87,, $ 201.61 ,,,,,, $ -   ,,,,53.57%,100.00%,0.00%,#DIV/0!,357,11,3.08%,$34.21,$1.05,,,,,,,,,,,,,
12/30/2023,,, $ 525.60 , $ 525.60 ,, $ -   , $ 196.65 ,2.67,, $ 196.65 ,,,,,, $ -   ,,,,37.41%,100.00%,0.00%,#DIV/0!,344,13,3.78%,$40.43,$1.53,,,,,,,,,,,,,
12/31/2023,,, $ 879.80 , $ 879.80 ,, $ -   , $ 222.57 ,3.95,, $ 222.57 ,,,,,, $ -   ,,,,25.30%,100.00%,0.00%,#DIV/0!,330,12,3.64%,$73.32,$2.67,,,,,,,,,,,,,
1/1/2024,,, $ 545.81 , $ 545.81 ,, $ -   , $ 218.87 ,2.49,, $ 218.87 ,,,,,, $ -   ,,,,40.10%,100.00%,0.00%,#DIV/0!,428,11,2.57%,$49.62,$1.28,,,,,,,,,,,,,
1/2/2024,"Baisse budget post prévente 150$ à 125$. Pub Foulard désactivée. Le CPA du adset était à 25$. Augmentation budget post semelles 35$ à 59$. Traffic mega post 10$ à 16,5$ par jour. Campagne engagement à 16,50 par jour",," $ 1,118.81 "," $ 1,069.81 ", $ 49.00 ,, $ 213.67 ,5.24,, $ 213.67 ,,,,,, $ -   ,,,,19.10%,100.00%,0.00%,#DIV/0!,486,13,2.67%,$86.06,$2.30,,,,,,,,,,,,,
1/3/2024,,, $ 189.83 , $ 189.83 , $ -   ,, $ 227.77 ,0.83,, $ 227.77 ,,,,,, $ -   ,,,,119.99%,100.00%,0.00%,#DIV/0!,487,9,1.85%,$21.09,$0.39,,,,,,,,,,,,,
1/4/2024,"Baisse budget post prévente 125$ à 75$. Baisse budget post semelles conversion 59 à 25$. Réactivation pub Géo Plein air + ajout d'un bouton ""voir plus"". Il faut réactiver d'autres pubs média",, $ 389.86 , $ 389.86 , $ -   ,, $ 244.09 ,1.60,, $ 244.09 ,,,,,, $ -   ,,,,62.61%,100.00%,0.00%,#DIV/0!,490,10,2.04%,$38.99,$0.80,,,,,,,,,,,,,
1/5/2024,,, $ 570.84 , $ 570.84 , $ -   ,, $ 131.74 ,4.33,, $ 131.74 ,,,,,, $ -   ,,,,23.08%,100.00%,0.00%,#DIV/0!,333,5,1.50%,$114.17,$1.71,,,,,,,,,,,,,
1/6/2024,,, $ 795.79 , $ 795.79 , $ -   ,, $ 134.04 ,5.94,, $ 134.04 ,,,,,, $ -   ,,,,16.84%,100.00%,0.00%,#DIV/0!,401,9,2.24%,$88.42,$1.98,,,,,,,,,,,,,
1/7/2024,,," $ 1,487.57 "," $ 1,487.57 ", $ -   ,, $ 133.29 ,11.16,, $ 133.29 ,,,,,, $ -   ,,,,8.96%,100.00%,0.00%,#DIV/0!,423,17,4.02%,$87.50,$3.52,,,,,,,,,,,,,
1/8/2024,Sac lunch engagement off. Ajout post cache-cou campagne conversions + engagement,, $ 304.92 , $ 304.92 , $ -   ,, $ 132.29 ,2.30,, $ 132.29 ,,,,,, $ -   ,,,,43.39%,100.00%,0.00%,#DIV/0!,406,6,1.48%,$50.82,$0.75,,,,,,,,,,,,,
1/9/2024,,," $ 1,236.77 "," $ 1,236.77 ", $ -   ,, $ 128.60 ,9.62,, $ 128.60 ,,,,,, $ -   ,,,,10.40%,100.00%,0.00%,#DIV/0!,354,7,1.98%,$176.68,$3.49,,,,,,,,,,,,,
1/10/2024,,, $ 609.89 , $ 609.89 , $ -   ,, $ 127.17 ,4.80,, $ 127.17 ,,,,,, $ -   ,,,,20.85%,100.00%,0.00%,#DIV/0!,344,5,1.45%,$121.98,$1.77,,,,,,,,,,,,,
1/11/2024,,, $ 439.88 , $ 439.88 , $ -   ,, $ 124.17 ,3.54,, $ 124.17 ,,,,,, $ -   ,,,,28.23%,100.00%,0.00%,#DIV/0!,307,9,2.93%,$48.88,$1.43,,,,,,,,,,,,,
1/12/2024,,, $ 449.85 , $ 449.85 , $ -   ,, $ 121.63 ,3.70,, $ 121.63 ,,,,,, $ -   ,,,,27.04%,100.00%,0.00%,#DIV/0!,267,4,1.50%,$112.46,$1.68,,,,,,,,,,,,,
1/13/2024,Infolettre cache-cous,," $ 3,004.40 "," $ 3,004.40 ", $ -   ,, $ 118.31 ,25.39,, $ 118.31 ,,,,,, $ -   ,,,,3.94%,100.00%,0.00%,#DIV/0!,1192,27,2.27%,$111.27,$2.52,,,,,,,,,,,,,
1/14/2024,,," $ 1,631.72 "," $ 1,082.34 ", $ 549.38 ,, $ 132.85 ,12.28,, $ 132.85 ,,,,,, $ -   ,,,,8.14%,100.00%,0.00%,#DIV/0!,906,23,2.54%,$70.94,$1.80,,,,,,,,,,,,,
1/15/2024,,," $ 1,130.86 ", $ 980.91 , $ 149.95 ,, $ 130.78 ,8.65,, $ 130.78 ,,,,,, $ -   ,,,,11.56%,100.00%,0.00%,#DIV/0!,503,18,3.58%,$62.83,$2.25,,,,,,,,,,,,,
1/16/2024,,, $ 841.86 , $ 841.86 , $ -   ,, $ 127.61 ,6.60,, $ 127.61 ,,,,,, $ -   ,,,,15.16%,100.00%,0.00%,#DIV/0!,412,12,2.91%,$70.16,$2.04,,,,,,,,,,,,,
1/17/2024,,, $ 489.36 , $ 489.36 , $ -   ,, $ 124.99 ,3.92,, $ 124.99 ,,,,,, $ -   ,,,,25.54%,100.00%,0.00%,#DIV/0!,385,12,3.12%,$40.78,$1.27,,,,,,,,,,,,,
1/18/2024,Campagne nationale graines hiver 20$ QC 10$ ROC,, $ 616.74 , $ 616.74 , $ -   ,, $ 129.27 ,4.77,, $ 129.27 ,,,,,, $ -   ,,,,20.96%,100.00%,0.00%,#DIV/0!,412,14,3.40%,$44.05,$1.50,,,,,,,,,,,,,
1/19/2024,,, $ 839.37 , $ 839.37 , $ -   ,, $ 153.52 ,5.47,, $ 153.52 ,,,,,, $ -   ,,,,18.29%,100.00%,0.00%,#DIV/0!,448,13,2.90%,$64.57,$1.87,,,,,,,,,,,,,
1/20/2024,Infolettre cache-cous,," $ 2,501.43 "," $ 2,501.43 ", $ -   ,, $ 151.16 ,16.55,, $ 151.16 ,,,,,, $ -   ,,,,6.04%,100.00%,0.00%,#DIV/0!,941,29,3.08%,$86.26,$2.66,,,,,,,,,,,,,
1/21/2024,,, $ 981.70 , $ 863.76 , $ 117.94 ,, $ 166.06 ,5.91,, $ 166.06 ,,,,,, $ -   ,,,,16.92%,100.00%,0.00%,#DIV/0!,703,22,3.13%,$44.62,$1.40,,,,,,,,,,,,,
1/22/2024,Désactivation campagne graines. Peu de résultat,," $ 1,313.50 "," $ 1,072.64 ", $ 240.86 ,, $ 137.27 ,9.57,, $ 137.27 ,,,,,, $ -   ,,,,10.45%,100.00%,0.00%,#DIV/0!,596,18,3.02%,$72.97,$2.20,,,,,,,,,,,,,
1/23/2024,Augmentation budget ad set prévente de 75$ à 150$. Awareness mega post 5 à 10$,, $ 539.81 , $ 539.81 , $ -   ,, $ 199.72 ,2.70,, $ 199.72 ,,,,,, $ -   ,,,,37.00%,100.00%,0.00%,#DIV/0!,440,10,2.27%,$53.98,$1.23,,,,,,,,,,,,,
1/24/2024,,, $ 718.27 , $ 718.27 , $ -   ,, $ 202.76 ,3.54,, $ 202.76 ,,,,,, $ -   ,,,,28.23%,100.00%,0.00%,#DIV/0!,430,17,3.95%,$42.25,$1.67,,,,,,,,,,,,,
1/25/2024,,, $ 689.79 , $ 689.79 , $ -   ,, $ 198.64 ,3.47,, $ 198.64 ,,,,,, $ -   ,,,,28.80%,100.00%,0.00%,#DIV/0!,369,11,2.98%,$62.71,$1.87,,,,,,,,,,,,,
1/26/2024,,, $ 409.83 , $ 409.83 , $ -   ,, $ 195.47 ,2.10,, $ 195.47 ,,,,,, $ -   ,,,,47.70%,100.00%,0.00%,#DIV/0!,406,10,2.46%,$40.98,$1.01,,,,,,,,,,,,,
1/27/2024,APM prévente post mitaines OFF. budget geo plein air 20 a 40,, $ 149.96 , $ 149.96 , $ -   ,, $ 204.49 ,0.73,, $ 204.49 ,,,,,, $ -   ,,,,136.36%,100.00%,0.00%,#DIV/0!,364,3,0.82%,$49.99,$0.41,,,,,,,,,,,,,
1/28/2024,,, $ 519.34 , $ 519.34 , $ -   ,, $ 239.25 ,2.17,, $ 239.25 ,,,,,, $ -   ,,,,46.07%,100.00%,0.00%,#DIV/0!,413,8,1.94%,$64.92,$1.26,,,,,,,,,,,,,
1/29/2024,,," $ 1,079.29 "," $ 1,079.29 ", $ -   ,, $ 237.37 ,4.55,, $ 237.37 ,,,,,, $ -   ,,,,21.99%,100.00%,0.00%,#DIV/0!,412,14,3.40%,$77.09,$2.62,,,,,,,,,,,,,
1/30/2024,"Mega post traffic 10 à 20. Campagne awareness 16,50$ à 10. Lookalike semelles 50 à 75",, $ 404.89 , $ 404.89 , $ -   ,, $ 249.58 ,1.62,, $ 249.58 ,,,,,, $ -   ,,,,61.64%,100.00%,0.00%,0.00%,441,8,1.81%,$50.61,$0.92,,,,,,,,,,,,,
1/31/2024,,, $ 432.84 , $ 432.84 , $ -   ,, $ 253.55 ,1.71,, $ 253.55 ,,,,,, $ -   ,,,,58.58%,100.00%,0.00%,0.00%,422,10,2.37%,$43.28,$1.03,,,,,,,,,,,,,
2/1/2024,,, $ 589.85 , $ 589.85 , $ -   ,, $ 250.84 ,2.35,, $ 250.84 ,,,,,, $ -   ,,,,42.53%,100.00%,0.00%,0.00%,414,10,2.42%,$58.99,$1.42,,,,,,,,,,,,,
2/2/2024,,, $ 379.88 , $ 379.88 , $ -   ,, $ 236.46 ,1.61,, $ 236.46 ,,,,,, $ -   ,,,,62.25%,100.00%,0.00%,0.00%,332,8,2.41%,$47.49,$1.14,,,,,,,,,,,,,
2/3/2024,,, $ 439.82 , $ 439.82 , $ -   ,, $ 252.41 ,1.74,, $ 252.41 ,,,,,, $ -   ,,,,57.39%,100.00%,0.00%,0.00%,384,8,2.08%,$54.98,$1.15,,,,,,,,,,,,,
2/4/2024,,, $ 459.89 , $ 389.90 , $ 69.99 ,, $ 267.66 ,1.72,, $ 267.66 ,,,,,, $ -   ,,,,58.20%,100.00%,0.00%,0.00%,432,9,2.08%,$51.10,$1.06,,,,,,,,,,,,,
2/5/2024,"Mega post traffic  20 à 30, Baisse budget Conversions: lookalike 50, prévente 40. Géo plein air 40 à 20",, $ 308.90 , $ 308.90 , $ -   ,, $ 215.23 ,1.44,, $ 215.23 ,,,,,, $ -   ,,,,69.68%,100.00%,0.00%,0.00%,478,6,1.26%,$51.48,$0.65,,,,,,,,,,,,,
2/6/2024,,, $ 530.87 , $ 530.87 , $ -   ,, $ 158.03 ,3.36,, $ 158.03 ,,,,,, $ -   ,,,,29.77%,100.00%,0.00%,0.00%,420,6,1.43%,$88.48,$1.26,,,,,,,,,,,,,
2/7/2024,,, $ 328.90 , $ 299.90 , $ 29.00 ,, $ 156.35 ,2.10,, $ 156.35 ,,,,,, $ -   ,,,,47.54%,100.00%,0.00%,0.00%,354,6,1.69%,$54.82,$0.93,,,,,,,,,,,,,
2/8/2024,,, $ 419.89 , $ 419.89 , $ -   ,, $ 151.73 ,2.77,, $ 151.73 ,,,,,, $ -   ,,,,36.14%,100.00%,0.00%,0.00%,330,4,1.21%,$104.97,$1.27,,,,,,,,,,,,,
2/9/2024,,, $ -   , $ -   , $ -   ,, $ 150.23 ,0.00,, $ 150.23 ,,,,,, $ -   ,,,,100.00%,100.00%,0.00%,#DIV/0!,306,1,0.33%,$0.00,$0.00,,,,,,,,,,,,,
2/10/2024,,, $ -   , $ -   , $ -   ,, $ 146.42 ,0.00,, $ 146.42 ,,,,,, $ -   ,,,,100.00%,100.00%,0.00%,#DIV/0!,306,0,0.00%,$0.00,$0.00,,,,,,,,,,,,,
2/11/2024,"Baisse budget Conversions: lookalike 30, prévente 30. Réactivation post APM mitaines. Activation campagnes graines, 40$/jour. Geo Plein Air off",, $ 345.91 , $ 345.91 , $ -   ,, $ 172.17 ,2.14,, $ 161.91 ,,,,,, $ 10.26 ,,,,49.77%,94.04%,5.96%,0.00%,372,6,1.61%,$57.65,$0.93,,,,,,,,,,,,,
2/12/2024,,, $ 428.79 , $ 257.91 , $ 170.88 ,, $ 153.53 ,3.00,, $ 142.78 ,,,,,, $ 10.75 ,,,,35.81%,93.00%,7.00%,0.00%,353,14,3.97%,$30.63,$1.21,,,,,,,,,,,,,
2/13/2024,,, $ 348.42 , $ 216.92 , $ 131.50 ,, $ 148.74 ,2.53,, $ 137.84 ,,,,,, $ 10.90 ,,,,42.69%,92.67%,7.33%,0.00%,459,11,2.40%,$31.67,$0.76,,,,,,,,,,,,,
2/14/2024,,, $ 166.87 , $ 145.90 , $ 20.97 ,, $ 144.71 ,1.24,, $ 134.59 ,,,,,, $ 10.12 ,,,,86.72%,93.01%,6.99%,0.00%,429,7,1.63%,$23.84,$0.39,,,,,,,,,,,,,
2/15/2024,,, $ 406.76 , $ 355.10 , $ 51.66 ,, $ 139.83 ,3.13,, $ 130.09 ,,,,,, $ 9.74 ,,,,34.38%,93.03%,6.97%,0.00%,541,13,2.40%,$31.29,$0.75,,,,,,,,,,,,,
2/16/2024,,, $ 131.92 , $ 117.94 , $ 13.98 ,, $ 138.33 ,1.02,, $ 128.72 ,,,,,, $ 9.61 ,,,,104.86%,93.05%,6.95%,0.00%,492,7,1.42%,$18.85,$0.27,,,,,,,,,,,,,
2/17/2024,,, $ 465.97 , $ 425.01 , $ 40.96 ,, $ 129.76 ,3.85,, $ 121.14 ,,,,,, $ 8.62 ,,,,27.85%,93.36%,6.64%,0.00%,389,15,3.86%,$31.06,$1.20,,,,,,,,,,,,,
2/18/2024,,, $ 202.60 , $ 181.63 , $ 20.97 ,, $ 154.74 ,1.41,, $ 143.93 ,,,,,, $ 10.81 ,,,,76.38%,93.01%,6.99%,0.00%,510,7,1.37%,$28.94,$0.40,,,,,,,,,,,,,
2/19/2024,,, $ 313.23 , $ 250.27 , $ 62.96 ,, $ 149.65 ,2.25,, $ 139.35 ,,,,,, $ 10.30 ,,,,47.78%,93.12%,6.88%,0.00%,542,9,1.66%,$34.80,$0.58,,,,,,,,,,,,,
2/20/2024,"Post prévente off. Graines 10 a 25 EN. Changement audience. APM switch a ontario, QC et NB. LAS switch a Avantage Audience + 35-65+",, $ 134.41 , $ 44.93 , $ 89.48 ,, $ 147.71 ,0.99,, $ 135.94 ,,,,,, $ 11.77 ,,,,109.90%,92.03%,7.97%,0.00%,462,13,2.81%,$10.34,$0.29,,,,,,,,,,,,,
2/21/2024,,, $ 588.68 , $ 293.50 , $ 295.18 ,, $ 147.56 ,5.03,, $ 117.01 ,,,,,, $ 30.55 ,,,,25.07%,79.30%,20.70%,0.00%,538,19,3.53%,$30.98,$1.09,,,,,,,,,,,,,
2/22/2024,,, $ 376.64 , $ 218.72 , $ 157.92 ,, $ 145.15 ,3.28,, $ 114.98 ,,,,,, $ 30.17 ,,,,38.54%,79.21%,20.79%,0.00%,568,21,3.70%,$17.94,$0.66,,,,,,,,,,,,,
2/23/2024,,, $ 281.74 , $ 48.94 , $ 232.80 ,, $ 140.77 ,2.53,, $ 111.16 ,,,,,, $ 29.61 ,,,,49.96%,78.97%,21.03%,0.00%,564,16,2.84%,$17.61,$0.50,,,,,,,,,,,,,
2/24/2024,,," $ 3,805.28 "," $ 3,473.90 ", $ 331.38 ,, $ 140.33 ,34.34,, $ 110.80 ,,,,,, $ 29.53 ,,,,3.69%,78.96%,21.04%,0.00%,1244,48,3.86%,$79.28,$3.06,,,,,,,,,,,,,
2/25/2024,,," $ 1,833.52 "," $ 1,638.24 ", $ 195.28 ,, $ 153.39 ,15.05,, $ 121.86 ,,,,,, $ 31.53 ,,,,8.37%,79.44%,20.56%,0.00%,903,31,3.43%,$59.15,$2.03,,,,,,,,,,,,,
2/26/2024,Augmentation budget M&M graines de 30 à 50$/jour,," $ 1,113.38 ", $ 973.48 , $ 139.90 ,, $ 157.10 ,9.55,, $ 116.61 ,,,,,, $ 40.49 ,,,,14.11%,74.23%,25.77%,0.00%,721,23,3.19%,$48.41,$1.54,,,,,,,,,,,,,
2/27/2024,,, $ 398.42 , $ 87.62 , $ 310.80 ,, $ 165.45 ,3.45,, $ 115.44 ,,,,,, $ 50.01 ,,,,41.53%,69.77%,30.23%,0.00%,499,14,2.81%,$28.46,$0.80,,,,,,,,,,,,,
2/28/2024,,, $ 314.15 , $ 203.62 , $ 110.53 ,, $ 156.51 ,2.93,, $ 107.28 ,,,,,, $ 49.23 ,,,,49.82%,68.55%,31.45%,0.00%,564,19,3.37%,$16.53,$0.56,,,,,,,,,,,,,
2/29/2024,,, $ 326.09 , $ 200.04 , $ 126.05 ,, $ 153.24 ,3.12,, $ 104.64 ,,,,,, $ 48.60 ,,,,46.99%,68.29%,31.71%,0.00%,530,13,2.45%,$25.08,$0.62,,,,,,,,,,,,,
3/1/2024,,, $ 186.70 , $ 116.77 , $ 69.93 , $ -   , $ 150.51 ,1.83,, $ 102.14 ,,,,,, $ 48.37 ,,,,80.62%,67.86%,32.14%,0.00%,539,12,2.23%,$15.56,$0.35,,,,,,,,,,,,,
3/2/2024,,," $ 2,172.43 "," $ 1,276.52 ", $ 895.91 , $ -   , $ 148.67 ,21.57,, $ 100.71 ,,,,,, $ 47.96 ,,,,6.84%,67.74%,32.26%,0.00%,1518,83,5.47%,$26.17,$1.43,,,,,,,,,,,,,
3/3/2024,,," $ 1,177.36 ", $ 598.87 , $ 578.49 , $ -   , $ 165.41 ,10.44,, $ 112.73 ,,,,,, $ 52.68 ,,,,14.05%,68.15%,31.85%,0.00%,940,43,4.57%,$27.38,$1.25,,,,,,,,,,,,,
3/4/2024,,, $ 343.15 , $ 221.22 , $ 121.93 , $ -   , $ 164.74 ,3.03,, $ 113.36 ,,,,,, $ 51.38 ,,,,48.01%,68.81%,31.19%,0.00%,706,21,2.97%,$16.34,$0.49,,,,,,,,,,,,,
3/5/2024,,, $ 545.66 , $ 462.44 , $ 83.22 , $ -   , $ 164.02 ,4.77,, $ 114.42 ,,,,,, $ 49.60 ,,,,30.06%,69.76%,30.24%,0.00%,601,18,3.00%,$30.31,$0.91,,,,,,,,,,,,,
3/6/2024,,, $ 457.00 , $ 353.54 , $ 103.46 , $ -   , $ 163.10 ,4.04,, $ 112.99 ,,,,,, $ 50.11 ,,,,35.69%,69.28%,30.72%,0.00%,653,19,2.91%,$24.05,$0.70,,,,,,,,,,,,,
3/7/2024,Augmentation budget M&M graines de 50 à 80$/jour,, $ 462.12 , $ 201.21 , $ 260.91 , $ -   , $ 174.83 ,4.40,, $ 105.04 ,,,,,, $ 69.79 ,,,,37.83%,60.08%,39.92%,0.00%,596,17,2.85%,$27.18,$0.78,,,,,,,,,,,,,
3/8/2024,,, $ 436.08 , $ 225.18 , $ 210.90 , $ -   , $ 189.96 ,3.82,, $ 114.08 ,,,,,, $ 75.88 ,,,,43.56%,60.05%,39.95%,0.00%,556,14,2.52%,$31.15,$0.78,,,,,,,,,,,,,
3/9/2024,,, $ 499.85 , $ 322.23 , $ 177.62 , $ -   , $ 189.72 ,4.38,, $ 114.07 ,,,,,, $ 75.65 ,,,,37.96%,60.13%,39.87%,0.00%,692,20,2.89%,$24.99,$0.72,,,,,,,,,,,,,
3/10/2024,,, $ 767.40 , $ 632.49 , $ 134.91 , $ -   , $ 205.73 ,6.32,, $ 121.33 ,,,,,, $ 84.40 ,,,,26.81%,58.98%,41.02%,0.00%,732,22,3.01%,$34.88,$1.05,,,,,,,,,,,,,
3/11/2024,,, $ 445.11 , $ 249.50 , $ 195.61 , $ -   , $ 200.64 ,3.76,, $ 118.44 ,,,,,, $ 82.20 ,,,,45.08%,59.03%,40.97%,0.00%,707,20,2.83%,$22.26,$0.63,,,,,,,,,,,,,
3/12/2024,,, $ 727.56 , $ 477.98 , $ 249.58 , $ -   , $ 194.82 ,6.34,, $ 114.75 ,,,,,, $ 80.07 ,,,,26.78%,58.90%,41.10%,0.00%,728,20,2.75%,$36.38,$1.00,,,,,,,,,,,,,
3/13/2024,,, $ 678.38 , $ 399.51 , $ 278.87 , $ -   , $ 192.86 ,5.99,, $ 113.33 ,,,,,, $ 79.53 ,,,,28.43%,58.76%,41.24%,0.00%,600,17,2.83%,$39.90,$1.13,,,,,,,,,,,,,
3/14/2024,"Augmentation budget graines ad set Lasclay, 40 à 70. Changement ad set conversion produits hiver à automatic placements (learning limited)+ augm budget de 20 a 40",, $ 656.92 , $ 418.52 , $ 238.40 , $ -   , $ 208.77 ,5.02,, $ 130.87 ,,,,,, $ 77.90 ,,,,31.78%,62.69%,37.31%,0.00%,605,23,3.80%,$28.56,$1.09,,,,,,,,,,,,,
3/15/2024,,, $ 332.34 , $ 181.82 , $ 150.52 , $ -   , $ 229.37 ,2.19,, $ 151.62 ,,,,,, $ 77.75 ,,,,69.02%,66.10%,33.90%,0.00%,660,16,2.42%,$20.77,$0.50,,,,,,,,,,,,,
3/16/2024,,, $ 440.27 , $ 202.53 , $ 237.74 , $ -   , $ 228.67 ,2.92,, $ 150.52 ,,,,,, $ 78.15 ,,,,51.94%,65.82%,34.18%,0.00%,689,22,3.19%,$20.01,$0.64,,,,,,,,,,,,,
3/17/2024,,," $ 3,939.35 "," $ 3,754.82 ", $ 184.53 , $ -   , $ 247.58 ,24.09,, $ 163.54 ,,,,,, $ 84.04 ,,,,6.28%,66.06%,33.94%,0.00%,2356,71,3.01%,$55.48,$1.67,,,,,,,,,,,,,
3/18/2024,,," $ 1,311.30 "," $ 1,183.97 ", $ 127.33 , $ -   , $ 241.44 ,8.24,, $ 159.18 ,,,,,, $ 82.26 ,,,,18.41%,65.93%,34.07%,0.00%,991,23,2.32%,$57.01,$1.32,,,,,,,,,,,,,
3/19/2024,,, $ 432.22 , $ 339.26 , $ 92.96 , $ -   , $ 236.06 ,2.76,, $ 156.39 ,,,,,, $ 79.67 ,,,,54.62%,66.25%,33.75%,0.00%,794,19,2.39%,$22.75,$0.54,,,,,,,,,,,,,
3/20/2024,,, $ 923.39 , $ 518.55 , $ 404.84 , $ -   , $ 233.94 ,5.99,, $ 154.14 ,,,,,, $ 79.80 ,,,,25.33%,65.89%,34.11%,0.00%,750,15,2.00%,$61.56,$1.23,,,,,,,,,,,,,
3/21/2024,,, $ 601.82 , $ 451.56 , $ 150.26 , $ -   , $ 239.62 ,3.77,, $ 159.43 ,,,,,, $ 80.19 ,,,,39.82%,66.53%,33.47%,0.00%,591,16,2.71%,$37.61,$1.02,,,,,,,,,,,,,
3/22/2024,Correction erreur ad set APM. 2x le même creative sur une ad (post 2023). Changé pour les 2 posts 2021 et 2022. Reswitch ad set lasclay audience settings normaux (east french). M&M 80 to 100,, $ 331.96 , $ 317.28 , $ 14.68 , $ -   , $ 234.92 ,2.29,, $ 145.06 ,,,,,, $ 89.86 ,,,,70.77%,28.32%,0.00%,0.00%,547,8,1.46%,$41.50,$0.61,,,,,,,,,,,,,
3/23/2024,,," $ 4,609.30 "," $ 3,894.36 ", $ 714.94 , $ -   , $ 243.77 ,31.39,, $ 146.83 ,,,,,, $ 96.94 ,,,,5.29%,2.49%,0.00%,0.00%,1896,62,3.27%,$74.34,$2.43,,,,,,,,,,,,,
3/24/2024,,," $ 1,662.56 "," $ 1,452.88 ", $ 209.68 , $ -   , $ 268.87 ,10.17,, $ 163.54 ,,,,,, $ 105.33 ,,,,16.17%,7.25%,0.00%,0.00%,1014,28,2.76%,$59.38,$1.64,,,,,,,,,,,,,
3/25/2024,,," $ 1,359.07 "," $ 1,211.10 ", $ 147.97 , $ -   , $ 261.74 ,8.53,, $ 159.42 ,,,,,, $ 102.32 ,,,,19.26%,8.45%,0.00%,0.00%,772,20,2.59%,$67.95,$1.76,,,,,,,,,,,,,
3/26/2024,Reswitch ad set conversion LAS en manual placements (news feed only),, $ 681.66 , $ 383.13 , $ 298.53 , $ -   , $ 256.34 ,4.36,, $ 156.20 ,,,,,, $ 100.14 ,,,,37.61%,26.14%,0.00%,0.00%,689,24,3.48%,$28.40,$0.99,,,,,,,,,,,,,
3/27/2024,,, $ 817.33 , $ 631.10 , $ 186.23 , $ -   , $ 254.58 ,5.27,, $ 155.00 ,,,,,, $ 99.58 ,,,,31.15%,15.78%,0.00%,0.00%,603,18,2.99%,$45.41,$1.36,,,,,,,,,,,,,
3/28/2024,,," $ 1,211.36 ", $ 947.26 , $ 264.10 , $ -   , $ 250.58 ,7.97,, $ 152.01 ,,,,,, $ 98.57 ,,,,20.69%,10.41%,0.00%,0.00%,592,29,4.90%,$41.77,$2.05,,,,,,,,,,,,,
3/29/2024,,, $ 272.33 , $ 38.93 , $ 233.40 , $ -   , $ 246.22 ,1.11,, $ 149.15 ,,,,,, $ 97.07 ,,,,90.41%,249.34%,0.00%,0.00%,573,19,3.32%,$14.33,$0.48,,,,,,,,,,,,,
3/30/2024,,, $ 911.78 , $ 578.62 , $ 333.16 , $ -   , $ 246.15 ,3.70,, $ 149.28 ,,,,,, $ 96.87 ,,,,27.00%,16.74%,0.00%,0.00%,531,24,4.52%,$37.99,$1.72,,,,,,,,,,,,,
3/31/2024,,, $ 315.57 , $ 241.46 , $ 74.11 , $ -   , $ 272.37 ,1.16,, $ 165.59 ,,,,,, $ 106.78 ,,,,86.31%,44.22%,0.00%,0.00%,664,16,2.41%,$19.72,$0.48,,,,,,,,,,,,,
4/1/2024,,, $ 592.66 , $ 349.57 , $ 243.09 , $ -   , $ 262.62 ,2.26,, $ 159.53 ,,,,,, $ 103.09 ,,,,44.31%,29.49%,0.00%,0.00%,916,27,2.95%,$21.95,$0.65,,,,,,,,,,,,,
4/2/2024,,, $ 855.54 , $ 463.71 , $ 391.83 , $ -   , $ 253.78 ,3.37,, $ 154.11 ,,,,,, $ 99.67 ,,,,29.66%,21.49%,0.00%,0.00%,691,26,3.76%,$32.91,$1.24,,,,,,,,,,,,,
4/3/2024,,, $ 612.36 , $ 430.58 , $ 181.78 , $ -   , $ 250.94 ,2.44,, $ 151.85 ,,,,,, $ 99.09 ,,,,40.98%,23.01%,0.00%,0.00%,570,19,3.33%,$32.23,$1.07,,,,,,,,,,,,,
4/4/2024,,, $ 563.70 , $ 408.53 , $ 155.17 , $ -   , $ 249.05 ,2.26,, $ 151.58 ,,,,,, $ 97.47 ,,,,44.18%,23.86%,0.00%,0.00%,608,18,2.96%,$31.32,$0.93,,,,,,,,,,,,,
4/5/2024,,, $ 500.94 , $ 267.87 , $ 233.07 , $ -   , $ 247.54 ,2.02,, $ 151.09 ,,,,,, $ 96.45 ,,,,49.42%,36.01%,0.00%,0.00%,591,18,3.05%,$27.83,$0.85,,,,,,,,,,,,,
4/6/2024,,, $ 348.46 , $ 251.88 , $ 96.58 , $ -   , $ 248.60 ,1.40,, $ 151.15 ,,,,,, $ 97.45 ,,,,71.34%,38.69%,0.00%,0.00%,603,13,2.16%,$26.80,$0.58,,,,,,,,,,,,,
4/7/2024,,, $ 805.85 , $ 662.49 , $ 143.36 , $ -   , $ 270.67 ,2.98,, $ 164.51 ,,,,,, $ 106.16 ,,,,33.59%,16.02%,0.00%,0.00%,710,18,2.54%,$44.77,$1.14,,,,,,,,,,,,,
4/8/2024,,, $ 961.53 , $ 596.63 , $ 364.90 , $ -   , $ 269.48 ,3.57,, $ 166.06 ,,,,,, $ 103.42 ,,,,28.03%,17.33%,0.00%,0.00%,663,28,4.22%,$34.34,$1.45,,,,,,,,,,,,,
4/9/2024,,, $ 199.19 , $ 106.87 , $ 92.32 , $ -   , $ 253.71 ,0.79,, $ 153.94 ,,,,,, $ 99.77 ,,,,127.37%,93.36%,0.00%,0.00%,691,14,2.03%,$14.23,$0.29,,,,,,,,,,,,,
4/10/2024,,, $ 687.59 , $ 422.57 , $ 265.02 , $ -   , $ 250.70 ,2.74,, $ 151.62 ,,,,,, $ 99.08 ,,,,36.46%,23.45%,0.00%,0.00%,616,25,4.06%,$27.50,$1.12,,,,,,,,,,,,,
4/11/2024,,, $ 446.31 , $ 312.75 , $ 133.56 , $ -   , $ 246.58 ,1.81,, $ 149.21 ,,,,,, $ 97.37 ,,,,55.25%,31.13%,0.00%,0.00%,601,22,3.66%,$20.29,$0.74,,,,,,,,,,,,,
4/12/2024,"Pub produits printemps off. Engagement produits printemps off, engagement sacs lunch on",, $ 374.00 , $ 260.08 , $ 113.92 , $ -   , $ 247.45 ,1.51,, $ 150.66 ,,,,,, $ 96.79 ,,,,66.16%,37.22%,0.00%,0.00%,629,19,3.02%,$19.68,$0.59,,,,,,,,,,,,,
4/13/2024,,, $ 674.19 , $ 384.82 , $ 289.37 , $ -   , $ 246.38 ,2.74,, $ 148.97 ,,,,,, $ 97.41 ,,,,36.54%,25.31%,0.00%,0.00%,696,22,3.16%,$30.65,$0.97,,,,,,,,,,,,,
4/14/2024,,, $ 488.97 , $ 300.99 , $ 187.98 , $ -   , $ 271.02 ,1.80,, $ 164.76 ,,,,,, $ 106.26 ,,,,55.43%,35.30%,0.00%,0.00%,720,20,2.78%,$24.45,$0.68,,,,,,,,,,,,,
4/15/2024,,, $ 802.33 , $ 565.19 , $ 237.14 , $ -   , $ 262.04 ,3.06,, $ 159.12 ,,,,,, $ 102.92 ,,,,32.66%,18.21%,0.00%,0.00%,648,27,4.17%,$29.72,$1.24,,,,,,,,,,,,,
4/16/2024,,, $ 191.60 , $ 116.10 , $ 75.50 , $ -   , $ 235.16 ,0.81,, $ 141.08 ,,,,,, $ 94.08 ,,,,122.73%,81.03%,0.00%,0.00%,592,14,2.36%,$13.69,$0.32,,,,,,,,,,,,,
4/17/2024,,, $ 331.38 , $ 198.48 , $ 132.90 , $ -   , $ 256.54 ,1.29,, $ 156.64 ,,,,,, $ 99.90 ,,,,77.42%,50.33%,0.00%,0.00%,602,18,2.99%,$18.41,$0.55,,,,,,,,,,,,,
4/18/2024,,, $ 374.33 , $ 281.43 , $ 92.90 , $ -   , $ 251.14 ,1.49,, $ 152.20 ,,,,,, $ 98.94 ,,,,67.09%,35.16%,0.00%,0.00%,584,14,2.40%,$26.74,$0.64,,,,,,,,,,,,,
4/19/2024,,, $ 564.40 , $ 513.44 , $ 50.96 , $ -   , $ 257.50 ,2.19,, $ 157.46 ,,,,,, $ 100.04 ,,,,45.62%,19.48%,0.00%,0.00%,585,18,3.08%,$31.36,$0.96,,,,,,,,,,,,,
4/20/2024,,," $ 6,784.45 "," $ 4,701.06 "," $ 2,083.39 ", $ -   , $ 251.54 ,26.97,, $ 153.68 ,,,,,, $ 97.86 ,,,,3.71%,2.08%,0.00%,0.00%,1267,147,11.60%,$46.15,$5.35,,,,,,,,,,,,,
4/21/2024,,," $ 2,883.92 "," $ 2,146.10 ", $ 737.82 , $ -   , $ 270.74 ,10.65,, $ 164.50 ,,,,,, $ 106.24 ,,,,9.39%,4.95%,0.00%,0.00%,930,57,6.13%,$50.60,$3.10,,,,,,,,,,,,,
4/22/2024,,," $ 1,055.06 ", $ 810.23 , $ 244.83 , $ -   , $ 264.38 ,3.99,, $ 161.29 ,,,,,, $ 103.09 ,,,,25.06%,12.72%,0.00%,0.00%,721,25,3.47%,$42.20,$1.46,,,,,,,,,,,,,
4/23/2024,,," $ 1,058.07 "," $ 1,004.52 ", $ 53.55 , $ -   , $ 255.38 ,4.14,, $ 155.06 ,,,,,, $ 100.32 ,,,,24.14%,9.99%,0.00%,0.00%,667,21,3.15%,$50.38,$1.59,,,,,,,,,,,,,
4/24/2024,,, $ 742.03 , $ 651.70 , $ 90.33 , $ -   , $ 250.55 ,2.96,, $ 152.07 ,,,,,, $ 98.48 ,,,,33.77%,15.11%,0.00%,0.00%,649,18,2.77%,$41.22,$1.14,,,,,,,,,,,,,
4/25/2024,,, $ 610.24 , $ 545.93 , $ 64.31 , $ -   , $ 249.15 ,2.45,, $ 151.92 ,,,,,, $ 97.23 ,,,,40.83%,17.81%,0.00%,0.00%,561,14,2.50%,$43.59,$1.09,,,,,,,,,,,,,
4/26/2024,,, $ 804.44 , $ 477.84 , $ 326.60 , $ -   , $ 246.92 ,3.26,, $ 150.23 ,,,,,, $ 96.69 ,,,,30.69%,20.23%,0.00%,0.00%,530,16,3.02%,$50.28,$1.52,,,,,,,,,,,,,
4/27/2024,,," $ 4,859.36 "," $ 4,371.56 ", $ 487.80 , $ -   , $ 247.81 ,19.61,, $ 149.86 ,,,,,, $ 97.95 ,,,,5.10%,2.24%,0.00%,0.00%,906,73,8.06%,$66.57,$5.36,,,,,,,,,,,,,
4/28/2024,,," $ 3,299.13 "," $ 2,939.45 ", $ 359.68 , $ -   , $ 270.59 ,12.19,, $ 164.68 ,,,,,, $ 105.91 ,,,,8.20%,3.60%,0.00%,0.00%,830,60,7.23%,$54.99,$3.97,,,,,,,,,,,,,
4/29/2024,,," $ 1,508.54 "," $ 1,266.97 ", $ 241.57 , $ -   , $ 264.17 ,5.71,, $ 160.53 ,,,,,, $ 103.64 ,,,,17.51%,8.18%,0.00%,0.00%,683,30,4.39%,$50.28,$2.21,,,,,,,,,,,,,
4/30/2024,,," $ 1,237.79 ", $ 871.22 , $ 366.57 , $ -   , $ 252.11 ,4.91,, $ 152.02 ,,,,,, $ 100.09 ,,,,20.37%,11.49%,0.00%,0.00%,595,24,4.03%,$51.57,$2.08,,,,,,,,,,,,,
5/1/2024,,," $ 1,075.05 ", $ 885.79 , $ 189.26 , $ -   , $ 253.93 ,4.23,, $ 155.02 ,,,,,, $ 98.91 ,,,,23.62%,11.17%,0.00%,0.00%,635,24,3.78%,$44.79,$1.69,,,,,,,,,,,,,
5/2/2024,,, $ 760.60 , $ 441.12 , $ 319.48 , $ -   , $ 251.19 ,3.03,, $ 153.10 ,,,,,, $ 98.09 ,,,,33.03%,22.24%,0.00%,0.00%,618,21,3.40%,$36.22,$1.23,,,,,,,,,,,,,
5/3/2024,,, $ 935.27 , $ 614.11 , $ 321.16 , $ -   , $ 248.79 ,3.76,, $ 151.60 ,,,,,, $ 97.19 ,,,,26.60%,15.83%,0.00%,0.00%,581,21,3.61%,$44.54,$1.61,,,,,,,,,,,,,
5/4/2024,,, $ 653.83 , $ 528.22 , $ 125.61 , $ -   , $ 244.18 ,2.68,, $ 148.01 ,,,,,, $ 96.17 ,,,,37.35%,18.21%,0.00%,0.00%,588,22,3.74%,$29.72,$1.11,,,,,,,,,,,,,
5/5/2024,,," $ 1,064.35 ", $ 875.91 , $ 188.44 , $ -   , $ 272.69 ,3.90,, $ 165.77 ,,,,,, $ 106.92 ,,,,25.62%,12.21%,0.00%,0.00%,691,17,2.46%,$62.61,$1.54,,,,,,,,,,,,,
5/6/2024,,, $ 700.25 , $ 476.28 , $ 223.97 , $ -   , $ 267.51 ,2.62,, $ 162.96 ,,,,,, $ 104.55 ,,,,38.20%,21.95%,0.00%,0.00%,636,17,2.67%,$41.19,$1.10,,,,,,,,,,,,,
5/7/2024,,, $ 812.80 , $ 662.76 , $ 150.04 , $ -   , $ 254.87 ,3.19,, $ 155.21 ,,,,,, $ 99.66 ,,,,31.36%,15.04%,0.00%,0.00%,662,20,3.02%,$40.64,$1.23,,,,,,,,,,,,,
5/8/2024,,, $ 832.11 , $ 588.86 , $ 243.25 , $ -   , $ 253.68 ,3.28,, $ 153.95 ,,,,,, $ 99.73 ,,,,30.49%,16.94%,0.00%,0.00%,603,22,3.65%,$37.82,$1.38,,,,,,,,,,,,,
5/9/2024,,, $ 681.13 , $ 527.76 , $ 153.37 , $ -   , $ 247.76 ,2.75,, $ 150.32 ,,,,,, $ 97.44 ,,,,36.37%,18.46%,0.00%,0.00%,556,19,3.42%,$35.85,$1.23,,,,,,,,,,,,,
5/10/2024,,," $ 1,719.83 ", $ 208.48 ," $ 1,511.35 ", $ -   , $ 248.73 ,6.91,, $ 151.29 ,,,,,, $ 97.44 ,,,,14.46%,46.74%,0.00%,0.00%,515,11,2.14%,$156.35,$3.34,,,,,,,,,,,,,
5/11/2024,Infolettre bombes florales EN - Infolettre nouveau sac isotherme + glacières,," $ 2,428.80 "," $ 1,518.44 ", $ 910.36 , $ -   , $ 239.75 ,10.13,, $ 145.49 ,,,,,, $ 94.26 ,,,,9.87%,6.21%,0.00%,0.00%,1390,44,3.17%,$55.20,$1.75,,,,,,,,,,,,,
5/12/2024,,," $ 1,597.46 "," $ 1,183.86 ", $ 413.60 , $ -   , $ 272.44 ,5.86,, $ 165.32 ,,,,,, $ 107.12 ,,,,17.05%,9.05%,0.00%,0.00%,926,28,3.02%,$57.05,$1.73,,,,,,,,,,,,,
5/13/2024,,, $ 568.62 , $ 459.96 , $ 108.66 , $ -   , $ 264.18 ,2.15,, $ 160.59 ,,,,,, $ 103.59 ,,,,46.46%,22.52%,0.00%,0.00%,780,22,2.82%,$25.85,$0.73,,,,,,,,,,,,,
5/14/2024,,," $ 1,191.34 "," $ 1,023.42 ", $ 167.92 , $ -   , $ 255.30 ,4.67,, $ 156.63 ,,,,,, $ 98.67 ,,,,21.43%,9.64%,0.00%,0.00%,786,19,2.42%,$62.70,$1.52,,,,,,,,,,,,,
5/15/2024,Mega Post automne OFF. Redistribution budgets campagne graines: Lasclay: 60 à 40. APM: 30 à 60. ,Ajout Pub glacière aux adsets conversion et engagement actuels (avec sac lunch), $ 683.33 , $ 431.33 , $ 252.00 , $ -   , $ 257.79 ,2.65,, $ 157.81 ,,,,,, $ 99.98 ,,,,37.73%,23.18%,0.00%,0.00%,697,17,2.44%,$40.20,$0.98,,,,,,,,,,,,,
5/16/2024,,, $ 438.90 , $ 383.96 , $ 54.94 , $ -   , $ 261.95 ,1.68,, $ 164.39 ,,,,,, $ 97.56 ,,,,59.68%,25.41%,0.00%,0.00%,610,13,2.13%,$33.76,$0.72,,,,,,,,,,,,,
5/17/2024,"Ajout pub bombes V1 (Lasclay campagne plantation, la pub de graines était en creative fatigue). ","M&M campagne plantation ad set: ""Incredible"" Post off, worst performance of the 4 posts for 45 days", $ 462.29 , $ 287.21 , $ 175.08 , $ -   , $ 270.86 ,1.71,, $ 173.52 ,,,,,, $ 97.34 ,,,,58.59%,33.89%,0.00%,0.00%,633,15,2.37%,$30.82,$0.73,,,,,,,,,,,,,
5/18/2024,Post glacière off,, $ 574.56 , $ 441.91 , $ 132.65 , $ -   , $ 267.78 ,2.15,, $ 172.07 ,,,,,, $ 95.71 ,,,,46.61%,21.66%,0.00%,0.00%,631,12,1.90%,$47.88,$0.91,,,,,,,,,,,,,
5/19/2024,,, $ 629.23 , $ 359.50 , $ 269.73 , $ -   , $ 292.89 ,2.15,, $ 190.49 ,,,,,, $ 102.40 ,,,,46.55%,28.48%,0.00%,0.00%,693,16,2.31%,$39.33,$0.91,,,,,,,,,,,,,
5/20/2024,,, $ 300.51 , $ 243.86 , $ 56.65 , $ -   , $ 289.85 ,1.04,, $ 188.59 ,,,,,, $ 101.26 ,,,,96.45%,41.52%,0.00%,0.00%,705,11,1.56%,$27.32,$0.43,,,,,,,,,,,,,
5/21/2024,"Mega post traffic: Été off, automne back on. Pub seed bombs anglais (MM adset). ",Modification pub sac lunch. Il y avait un glitch qui mettait un lien fucked up dans la pub. Voir ici: https://drive.google.com/file/d/1YkhKE7c56ocPGdTx5yJvPfMj7rexcgO8/view?usp=sharing," $ 1,034.25 ", $ 938.68 , $ 95.57 , $ -   , $ 286.86 ,3.61,, $ 186.62 ,,,,,, $ 100.24 ,,,,27.74%,10.68%,0.00%,0.00%,778,12,1.54%,$86.19,$1.33,,,,,,,,,,,,,
5/22/2024,,," $ 1,122.57 ", $ 807.45 , $ 315.12 , $ -   , $ 286.77 ,3.91,, $ 186.36 ,,,,,, $ 100.41 ,,,,25.55%,12.44%,0.00%,0.00%,738,17,2.30%,$66.03,$1.52,,,,,,,,,,,,,
5/23/2024,,," $ 1,155.37 ", $ 875.42 , $ 279.95 , $ -   , $ 284.54 ,4.06,, $ 184.90 ,,,,,, $ 99.64 ,,,,24.63%,11.38%,0.00%,0.00%,652,22,3.37%,$52.52,$1.77,,,,,,,,,,,,,
5/24/2024,Changement audience adset APM campagne graines: ajout intérets jardinage et environnement . ,"Lancement pubs vidéos bombes asclépiade sur FB et IG, anglais et FR", $ 823.42 , $ 739.54 , $ 83.88 , $ -   , $ 315.09 ,2.61,, $ 198.75 ,,,,,, $ 116.34 ,,,,38.27%,15.73%,0.00%,0.00%,611,17,2.78%,$48.44,$1.35,,,,,,,,,,,,,
5/25/2024,Post graines Lasclay FR off,," $ 3,890.78 "," $ 3,540.14 ", $ 350.64 , $ -   , $ 330.95 ,11.76,, $ 205.74 ,,,,,, $ 125.21 ,,,,8.51%,3.54%,0.00%,0.00%,2115,44,2.08%,$88.43,$1.84,,,,,,,,,,,,,
5/26/2024,,," $ 2,157.70 "," $ 1,730.28 ", $ 427.42 , $ -   , $ 369.29 ,5.84,, $ 230.81 ,,,,,, $ 138.48 ,,,,17.11%,8.00%,0.00%,0.00%,1107,29,2.62%,$74.40,$1.95,,,,,,,,,,,,,
5/27/2024,,," $ 1,035.41 ", $ 851.43 , $ 183.98 , $ -   , $ 355.74 ,2.91,, $ 221.47 ,,,,,, $ 134.27 ,,,,34.36%,15.77%,0.00%,0.00%,1017,18,1.77%,$57.52,$1.02,,,,,,,,,,,,,
5/28/2024,Mega post traffic augmentation budget: 10$ a 20$. J'ai vu l'effet de l'enlever et le remettre sur le taux de conversion du 15 mai au 21 mai,, $ 819.41 , $ 545.93 , $ 273.48 , $ -   , $ 353.07 ,2.32,, $ 253.81 ,,,,,, $ 99.26 ,,,,43.09%,18.18%,0.00%,0.00%,983,18,1.83%,$45.52,$0.83,,,,,,,,,,,,,
5/29/2024,Video bombes IG EN et FR off,, $ 858.85 , $ 620.86 , $ 237.99 , $ -   , $ 332.85 ,2.58,, $ 234.09 ,,,,,, $ 98.76 ,,,,38.76%,15.91%,0.00%,0.00%,906,20,2.21%,$42.94,$0.95,,,,,,,,,,,,,
5/30/2024,,, $ 634.86 , $ 414.90 , $ 219.96 , $ -   , $ 327.02 ,1.94,, $ 229.05 ,,,,,, $ 97.97 ,,,,51.51%,23.61%,0.00%,0.00%,703,13,1.85%,$48.84,$0.90,,,,,,,,,,,,,
5/31/2024,,, $ 601.39 , $ 523.45 , $ 77.94 , $ -   , $ 324.24 ,1.85,, $ 226.95 ,,,,,, $ 97.29 ,,,,53.92%,18.59%,0.00%,0.00%,753,14,1.86%,$42.96,$0.80,,,,,,,,,,,,,
6/1/2024,,, $ 672.86 , $ 609.91 , $ 62.95 , $ -   , $ 320.83 ,2.10,, $ 223.52 ,,,,,, $ 97.31 ,,,,47.68%,15.95%,0.00%,0.00%,790,11,1.39%,$61.17,$0.85,,,,,,,,,,,,,
6/2/2024,,, $ 722.95 , $ 582.96 , $ 139.99 , $ -   , $ 357.64 ,2.02,, $ 251.20 ,,,,,, $ 106.44 ,,,,49.47%,18.26%,0.00%,0.00%,847,11,1.30%,$65.72,$0.85,,,,,,,,,,,,,
6/3/2024,"Pub graines APM off. Selon FB: 419.86$ de ad spend, pour 346.95$ de net sales en graines selon Shopify. FB indique un Purchase conversion value de 574.96$ (brut), donc peut-être que les gens achètent des bombes un peu indirectement, mais ça ne vaut pas la peine dans tous les cas. On va rouler juste sur les pubs de bombes de Lasclay pour le mois de juin et donc complètement désactiver le ad set APM. Peut-être que les résultats seront très bons parce que je suspecte que les adsets se font compétition. C'est ce que suggère le data: quand j'ai turn off le post graines de Lasclay, le ROAS des pubs APM a doublé la semaine suivante. À surveiller et confirmer. Je vais aussi attendre un peu avant de réallouer les budgets APM aux pubs de bombes","Pub graines M&M off. Selon FB: 363.97$ de ad spend, pour 145.89$ de net sales en graines selon Shopify. FB indique un Purchase conversion value de 356.86$ (brut), donc les gens achètent des bombes indirectement, mais comme pour APM, on va rouler juste sur les pubs de bombes de Lasclay pour le mois de juin et donc complètement désactiver les pubs de graines du ad set APM. "," $ 1,337.01 ", $ 831.41 , $ 505.60 , $ -   , $ 309.86 ,4.31,, $ 185.58 ,,,,,, $ 124.28 ,,,,23.18%,14.95%,0.00%,0.00%,866,25,2.89%,$53.48,$1.54,,,,,,,,,,,,,
6/4/2024,,," $ 1,051.47 ", $ 906.50 , $ 144.97 , $ -   , $ 277.45 ,3.79,, $ 156.68 ,,,,,, $ 120.77 ,,,,26.39%,13.32%,0.00%,0.00%,742,15,2.02%,$70.10,$1.42,,,,,,,,,,,,,
6/5/2024,,," $ 1,220.86 ", $ 518.94 , $ 701.92 , $ -   , $ 270.49 ,4.51,, $ 152.84 ,,,,,, $ 117.65 ,,,,22.16%,22.67%,0.00%,0.00%,688,13,1.89%,$93.91,$1.77,,,,,,,,,,,,,
6/6/2024,Video FB EN ad set off. ,Video bombes IG EN et FR back on pour tester, $ 483.93 , $ 427.93 , $ 56.00 , $ -   , $ 281.45 ,1.72,, $ 181.40 ,,,,,, $ 100.05 ,,,,58.16%,23.38%,0.00%,0.00%,780,7,0.90%,$69.13,$0.62,,,,,,,,,,,,,
6/7/2024,"Engagement Sac lunch: 10$ à 20$. Ad set conversion: 103.47$/result depuis 3 jours, Creative Limited. J'ai réactivé le post de glacière, mais juste pour le ad set conversion",budget Lasclay FR bombes: 60 à 100, $ 692.93 , $ 652.94 , $ 39.99 , $ -   , $ 292.80 ,2.37,, $ 196.22 ,,,,,, $ 96.58 ,,,,42.26%,14.79%,0.00%,0.00%,767,10,1.30%,$69.29,$0.90,,,,,,,,,,,,,
6/8/2024,,," $ 1,503.83 "," $ 1,367.84 ", $ 135.99 , $ -   , $ 332.27 ,4.53,, $ 233.30 ,,,,,, $ 98.97 ,,,,22.09%,7.24%,0.00%,0.00%,1231,27,2.19%,$55.70,$1.22,,,,,,,,,,,,,
6/9/2024,,," $ 1,871.84 "," $ 1,571.86 ", $ 299.98 , $ -   , $ 345.10 ,5.42,, $ 238.93 ,,,,,, $ 106.17 ,,,,18.44%,6.75%,0.00%,0.00%,1065,26,2.44%,$71.99,$1.76,,,,,,,,,,,,,
6/10/2024,Videos bombes IG EN et FR off,M&M 100 to 50, $ 950.90 , $ 720.91 , $ 229.99 , $ -   , $ 338.43 ,2.81,, $ 225.55 ,,,,,, $ 112.88 ,,,,35.59%,15.66%,0.00%,0.00%,948,17,1.79%,$55.94,$1.00,,,,,,,,,,,,,
6/11/2024,,, $ 711.43 , $ 597.45 , $ 113.98 , $ -   , $ 304.81 ,2.33,, $ 258.00 ,,,,,, $ 46.81 ,,,,42.84%,7.83%,0.00%,0.00%,777,14,1.80%,$50.82,$0.92,,,,,,,,,,,,,
6/12/2024,"M&M post video off, trop de mauvais commentaire. seulement 50 de budget sur le post statique de bombes",M&M pub off, $ 720.46 , $ 470.47 , $ 249.99 ,, $ 295.91 ,2.43,, $ 263.88 ,,,,,, $ 32.03 ,,,,41.07%,6.81%,0.00%,0.00%,842,10,1.19%,$72.05,$0.86,,,,,,,,,,,,,
6/13/2024,,," $ 1,176.86 "," $ 1,176.86 ", $ -   ,, $ 281.95 ,4.17,, $ 281.95 ,,,,,, $ -   ,,,,23.96%,,,,655,16,2.44%,$73.55,$1.80,,,,,,,,,,,,,
6/14/2024,,, $ 537.84 , $ 517.85 , $ 19.99 ,, $ 292.55 ,1.84,, $ 292.55 ,,,,,, $ -   ,,,,54.39%,,,,642,10,1.56%,$53.78,$0.84,,,,,,,,,,,,,
6/15/2024,Infolettre cosmétiques + add-on sac lunch,," $ 2,149.91 "," $ 2,069.93 ", $ 79.98 ,, $ 286.69 ,7.50,, $ 286.69 ,,,,,, $ -   ,,,,13.33%,,,,1050,41,3.90%,$52.44,$2.05,,,,,,,,,,,,,
6/16/2024,,," $ 1,408.94 "," $ 1,267.80 ", $ 141.14 ,, $ 319.29 ,4.41,, $ 319.29 ,,,,,, $ -   ,,,,22.66%,,,,849,21,2.47%,$67.09,$1.66,,,,,,,,,,,,,
6/17/2024,,," $ 1,048.42 "," $ 1,048.42 ", $ -   ,, $ 313.08 ,3.35,, $ 313.08 ,,,,,, $ -   ,,,,29.86%,,,,815,15,1.84%,$69.89,$1.29,,,,,,,,,,,,,
6/18/2024,,, $ 854.92 , $ 790.68 , $ 64.24 ,, $ 300.74 ,2.84,, $ 300.74 ,,,,,, $ -   ,,,,35.18%,,,,658,15,2.28%,$56.99,$1.30,,,,,,,,,,,,,
6/19/2024,,, $ 363.44 , $ 273.45 , $ 89.99 ,, $ 292.80 ,1.24,, $ 292.80 ,,,,,, $ -   ,,,,80.56%,,,,574,5,0.87%,$72.69,$0.63,,,,,,,,,,,,,
6/20/2024,Pubs conversions glacières et sac lunch 40 à 80,"Réduction budget pubs bombes: Video vertical 70 à 30, Lasclay FR 150 à 70"," $ 1,030.07 ", $ 852.60 , $ 177.47 ,, $ 264.24 ,3.90,, $ 264.24 ,,,,,, $ -   ,,,,25.65%,,,,574,16,2.79%,$64.38,$1.79,,,,,,,,,,,,,
6/21/2024,Publication vidéo dynamique 9:16 et 16:9 ajouté dans les 2 ad sets,Post statique bombes: OFF, $ 710.67 , $ 710.67 , $ -   ,, $ 224.15 ,3.17,, $ 224.15 ,,,,,, $ -   ,,,,31.54%,,,,481,10,2.08%,$71.07,$1.48,,,,,,,,,,,,,
6/22/2024,,," $ 2,830.58 "," $ 2,597.84 ", $ 232.74 ,, $ 218.99 ,12.93,, $ 218.99 ,,,,,, $ -   ,,,,7.74%,,,,1058,37,3.50%,$76.50,$2.68,,,,,,,,,,,,,
6/23/2024,,," $ 1,562.43 "," $ 1,124.51 ", $ 437.92 ,, $ 240.93 ,6.48,, $ 240.93 ,,,,,, $ -   ,,,,15.42%,,,,784,17,2.17%,$91.91,$1.99,,,,,,,,,,,,,
6/24/2024,Pubs conversions glacières et sac lunch 80 à 100. Campagne traffic: ajout du post été + augmentation du budget de 20 à 50,"Équilibrage du budget pubs bombes: video vertical 30 a 50 (ROAS 5.33 du 20 au 23 juin) , adset horizontal (ROAS 3.3) 70 à 50"," $ 1,494.25 "," $ 1,127.26 ", $ 366.99 ,, $ 287.29 ,5.20,, $ 287.29 ,,,,,,,,,,19.23%,,,,845,18,2.13%,$83.01,$1.77,,,,,,,,,,,,,
6/25/2024,"Mega post traffic off, tout le budget va là. Je veux tester le post été avec la promo et rien va dessus",, $ 529.30 , $ 529.30 , $ -   ,, $ 277.78 ,1.91,, $ 277.78 ,,,,,,,,,,52.48%,,,,609,5,0.82%,$105.86,$0.87,,,,,,,,,,,,,
6/26/2024,,," $ 1,244.41 "," $ 1,118.41 ", $ 126.00 ,, $ 278.78 ,4.46,, $ 278.78 ,,,,,,,,,,22.40%,,,,538,13,2.42%,$95.72,$2.31,,,,,,,,,,,,,
6/27/2024,"Le post été avec promo marche pas ben ben. 1,40$ de coût par landing page view vs 0,50$ pour le mega post. Et pas ben ben de grosses commandes. On met ça à off, mais je laisse le budget a 50 pour quelques jours, juste pour voir",, $ 444.94 , $ 444.94 , $ -   ,, $ 287.62 ,1.55,, $ 287.62 ,,,,,,,,,,64.64%,,,,552,7,1.27%,$63.56,$0.81,,,,,,,,,,,,,
6/28/2024,,, $ 157.95 , $ 157.95 , $ -   ,, $ 262.54 ,0.60,, $ 262.54 ,,,,,,,,,,166.22%,,,,504,2,0.40%,$78.98,$0.31,,,,,,,,,,,,,
6/29/2024,Désactivation campagne plantation,remise budget mega post trafic a 25$/jour, $ 346.57 , $ 222.47 , $ 124.10 ,, $ 189.66 ,1.83,, $ 189.66 ,,,,,,,,,,54.72%,,,,406,4,0.99%,$86.64,$0.85,,,,,,,,,,,,,
6/30/2024,Campagne conversion: 100$/jour a 125$,, $ 921.32 , $ 921.32 , $ -   ,, $ 182.83 ,5.04,, $ 182.83 ,,,,,,,,,,19.84%,,,,476,7,1.47%,$131.62,$1.94,,,,,,,,,,,,,
7/1/2024,campagne engagement: 20 à 30,, $ 930.30 , $ 930.30 , $ -   ,, $ 226.07 ,4.12,, $ 226.07 ,,,,,,,,,,24.30%,,,,555,13,2.34%,$71.56,$1.68,,,,,,,,,,,,,
7/2/2024,,, $ 734.16 , $ 734.16 , $ -   ,, $ 221.32 ,3.32,, $ 221.32 ,,,,,,,,,,30.15%,,,,500,7,1.40%,$104.88,$1.47,,,,,,,,,,,,,
7/3/2024,,, $ 286.16 , $ 164.19 , $ 121.97 ,, $ 213.12 ,1.34,, $ 213.12 ,,,,,,,,,,74.48%,,,,489,3,0.61%,$95.39,$0.59,,,,,,,,,,,,,
7/4/2024,,, $ 410.36 , $ 410.36 , $ -   ,, $ 209.18 ,1.96,, $ 209.18 ,,,,,,,,,,50.97%,,,,500,5,1.00%,$82.07,$0.82,,,,,,,,,,,,,
7/5/2024,,, $ 976.46 , $ 876.48 , $ 99.98 ,, $ 207.23 ,4.71,, $ 207.23 ,,,,,,,,,,21.22%,,,,468,9,1.92%,$108.50,$2.09,,,,,,,,,,,,,
7/6/2024,,," $ 2,694.33 "," $ 2,089.67 ", $ 604.66 ,, $ 198.37 ,13.58,, $ 198.37 ,,,,,,,,,,7.36%,,,,1486,45,3.03%,$59.87,$1.81,,,,,,,,,,,,,
7/7/2024,,," $ 1,266.19 "," $ 1,166.21 ", $ 99.98 ,, $ 229.67 ,5.51,, $ 229.67 ,,,,,,,,,,18.14%,,,,785,17,2.17%,$74.48,$1.61,,,,,,,,,,,,,
7/8/2024,,," $ 1,454.11 "," $ 1,442.12 ", $ 11.99 ,, $ 223.65 ,6.50,, $ 223.65 ,,,,,,,,,,15.38%,,,,626,17,2.72%,$85.54,$2.32,,,,,,,,,,,,,
7/9/2024,,, $ 360.42 , $ 329.23 , $ 31.19 ,, $ 218.52 ,1.65,, $ 218.52 ,,,,,,,,,,60.63%,,,,527,6,1.14%,$60.07,$0.68,,,,,,,,,,,,,
7/10/2024,,," $ 1,629.63 "," $ 1,579.23 ", $ 50.40 ,, $ 213.18 ,7.64,, $ 213.18 ,,,,,,,,,,13.08%,,,,596,16,2.68%,$101.85,$2.73,,,,,,,,,,,,,
7/11/2024,,, $ 333.34 , $ 333.34 , $ -   ,, $ 210.69 ,1.58,, $ 210.69 ,,,,,,,,,,63.21%,,,,537,5,0.93%,$66.67,$0.62,,,,,,,,,,,,,
7/12/2024,,, $ 491.69 , $ 479.42 , $ 12.27 ,, $ 205.02 ,2.40,, $ 205.02 ,,,,,,,,,,41.70%,,,,448,4,0.89%,$122.92,$1.10,,,,,,,,,,,,,
7/13/2024,,, $ 259.22 , $ 259.22 , $ -   ,, $ 203.26 ,1.28,, $ 203.26 ,,,,,,,,,,78.41%,,,,466,3,0.64%,$86.41,$0.56,,,,,,,,,,,,,
7/14/2024,,, $ 512.39 , $ 444.20 , $ 68.19 ,, $ 227.82 ,2.25,, $ 227.82 ,,,,,,,,,,44.46%,,,,494,7,1.42%,$73.20,$1.04,,,,,,,,,,,,,
7/15/2024,,, $ 661.42 , $ 661.42 , $ -   ,, $ 224.82 ,2.94,, $ 224.82 ,,,,,,,,,,33.99%,,,,478,8,1.67%,$82.68,$1.38,,,,,,,,,,,,,
7/16/2024,Campagnes awareness et trafic off. TEST,," $ 1,002.80 "," $ 1,044.07 ", $ (41.27),, $ 192.24 ,5.22,, $ 192.24 ,,,,,,,,,,19.17%,,,,435,12,2.76%,$83.57,$2.31,,,,,,,,,,,,,
7/17/2024,,, $ 625.81 , $ 575.17 , $ 50.64 ,, $ 180.79 ,3.46,, $ 180.79 ,,,,,,,,,,28.89%,,,,349,6,1.72%,$104.30,$1.79,,,,,,,,,,,,,
7/18/2024,,, $ 500.45 , $ 500.45 , $ -   ,, $ 176.42 ,2.84,, $ 176.42 ,,,,,,,,,,35.25%,,,,381,5,1.31%,$100.09,$1.31,,,,,,,,,,,,,
7/19/2024,,, $ 290.47 , $ 240.48 , $ 49.99 ,, $ 171.98 ,1.69,, $ 171.98 ,,,,,,,,,,59.21%,,,,353,3,0.85%,$96.82,$0.82,,,,,,,,,,,,,
7/20/2024,Infolettre bundles,," $ 3,110.15 "," $ 2,971.72 ", $ 138.43 ,, $ 169.40 ,18.36,, $ 169.40 ,,,,,,,,,,5.45%,,,,1387,28,2.02%,$111.08,$2.24,,,,,,,,,,,,,
7/21/2024,,, $ 871.14 , $ 821.15 , $ 49.99 ,, $ 190.57 ,4.57,, $ 190.57 ,,,,,,,,,,21.88%,,,,624,9,1.44%,$96.79,$1.40,,,,,,,,,,,,,
7/22/2024,,," $ 1,113.08 ", $ 866.61 ,,, $ 187.36 ,5.94,, $ 187.36 ,,,,,,,,,,16.83%,,,,693,9,1.30%,$123.68,$1.61,,,,,,,,,,,,,
7/23/2024,,," $ 1,210.36 "," $ 1,121.11 ",,, $ 181.63 ,6.66,, $ 181.63 ,,,,,,,,,,15.01%,,,,524,9,1.72%,$134.48,$2.31,,,,,,,,,,,,,
7/24/2024,post FB manchons,, $ 623.36 , $ 623.36 ,,, $ 179.69 ,3.47,, $ 179.69 ,,,,,,,,,,28.83%,,,,435,7,1.61%,$89.05,$1.43,,,,,,,,,,,,,
7/25/2024,"Ajout pub manchons conversion. Aussi en engagement même si par le passé ça a pas été bon, pcq les sacs à lunch étaient en Creative limited. On va voir",Ajouts pubs mega post USA. 35$ jour total, $ 496.65 , $ 446.66 ,,$0.00, $ 212.11 ,2.34,, $ 187.87 ,,, $ 24.24 ,,,,,,,42.71%,,,,573,9,1.57%,$55.18,$0.87,,,,,,,,,,,,,
7/26/2024,,," $ 1,337.86 "," $ 1,092.82 ",,$145.06, $ 198.48 ,6.74,, $ 164.53 ,,, $ 33.95 ,,,,,,,14.84%,,,,524,12,2.29%,$111.49,$2.55,,,,,,,,,,,,,
7/27/2024,,, $ 476.82 , $ 426.55 ,,$9.68, $ 199.96 ,2.38,, $ 168.30 ,,, $ 31.66 ,,,,,,,41.94%,,,,817,8,0.98%,$59.60,$0.58,,,,,,,,,,,,,
7/28/2024,,," $ 1,364.69 "," $ 1,138.82 ",,$0.00, $ 228.18 ,5.98,, $ 190.61 ,,, $ 37.57 ,,,,,,,16.72%,,,,744,16,2.15%,$85.29,$1.83,,,,,,,,,,,,,
7/29/2024,,, $ 506.09 , $ 382.11 ,,$0.00, $ 222.95 ,2.27,, $ 186.51 ,,, $ 36.44 ,,,,,,,44.05%,,,,696,8,1.15%,$63.26,$0.73,,,,,,,,,,,,,
7/30/2024,,," $ 1,150.84 "," $ 1,126.48 ",,$24.36, $ 207.75 ,5.54,, $ 174.94 ,,, $ 32.81 ,,,,,,,18.05%,,,,677,10,1.48%,$115.08,$1.70,,,,,,,,,,,,,
7/31/2024,,, $ 946.35 , $ 886.42 ,,$0.00, $ 219.77 ,4.31,, $ 184.72 ,,, $ 35.05 ,,,,,,,23.22%,,,,639,11,1.72%,$86.03,$1.48,,,,,,,,,,,,,
8/1/2024,,, $ 705.32 , $ 637.39 ,,$67.93, $ 214.43 ,3.29,, $ 179.76 ,,, $ 34.67 ,,,,,,,30.40%,,,,675,10,1.48%,$70.53,$1.04,,,,,,,,,,,,,
8/2/2024,,, $ 914.44 , $ 914.44 ,,$0.00, $ 205.05 ,4.46,, $ 170.68 ,,, $ 34.37 ,,,,,,,22.42%,,,,591,10,1.69%,$91.44,$1.55,,,,,,,,,,,,,
8/3/2024,,, $ 998.87 , $ 948.88 ,,$0.00, $ 201.48 ,4.96,, $ 169.52 ,,, $ 31.96 ,,,,,,,20.17%,,,,1092,10,0.92%,$99.89,$0.91,,,,,,,,,,,,,
8/4/2024,,, $ 977.53 , $ 907.53 ,,$0.00, $ 225.15 ,4.34,, $ 187.59 ,,, $ 37.56 ,,,,,,,23.03%,,,,692,10,1.45%,$97.75,$1.41,,,,,,,,,,,,,
8/5/2024,"Mega Post trafic USA off. Même pub mais en conversion, avec une audience plus aisée (top 10% income households)",, $ 406.13 , $ 320.14 ,,$0.00, $ 216.31 ,1.88,, $ 184.75 ,,, $ 31.56 ,,,,,,,53.26%,,,,510,7,1.37%,$58.02,$0.80,,,,,,,,,,,,,
8/6/2024,,, $ 930.08 , $ 880.09 ,,$0.00, $ 212.42 ,4.38,, $ 182.61 ,,, $ 29.81 ,,,,,,,22.84%,,,,423,9,2.13%,$103.34,$2.20,,,,,,,,,,,,,
8/7/2024,,, $ 829.29 , $ 711.36 ,,$98.95, $ 210.72 ,3.94,, $ 180.42 ,,, $ 30.30 ,,,,,,,25.41%,,,,402,8,1.99%,$103.66,$2.06,,,,,,,,,,,,,
8/8/2024,,, $ 506.17 , $ 506.17 ,,$0.00, $ 209.87 ,2.41,, $ 179.14 ,,, $ 30.73 ,,,,,,,41.46%,,,,406,6,1.48%,$84.36,$1.25,,,,,,,,,,,,,
8/9/2024,,, $ 641.74 , $ 553.09 ,,$68.66, $ 200.22 ,3.21,, $ 171.36 ,,, $ 28.86 ,,,,,,,31.20%,,,,450,10,2.22%,$64.17,$1.43,,,,,,,,,,,,,
8/10/2024,,, $ 865.19 , $ 649.88 ,,$115.33, $ 197.74 ,4.38,, $ 170.65 ,,, $ 27.09 ,,,,,,,22.86%,,,,393,9,2.29%,$96.13,$2.20,,,,,,,,,,,,,
8/11/2024,,, $ 504.63 , $ 390.40 ,,$0.00, $ 217.53 ,2.32,, $ 185.05 ,,, $ 32.48 ,,,,,,,43.11%,,,,482,6,1.24%,$84.11,$1.05,,,,,,,,,,,,,
8/12/2024,,, $ 567.41 , $ 457.42 ,,$0.00, $ 219.93 ,2.58,, $ 187.40 ,,, $ 32.53 ,,,,,,,38.76%,,,,484,8,1.65%,$70.93,$1.17,,,,,,,,,,,,,
8/13/2024,"Baisse budget USA conversion a 5$ par région. Réaction de la campagne trafic, aussi a 5$ / région",Post manchons off en conversion et engagement, $ 815.87 , $ 815.87 ,,$0.00, $ 210.63 ,3.87,, $ 180.61 ,,, $ 30.02 ,,,,,,,25.82%,,,,369,7,1.90%,$116.55,$2.21,,,,,,,,,,,,,
8/14/2024,,, $ 911.50 , $ 763.43 ,,$148.07, $ 210.12 ,4.34,, $ 180.12 ,,, $ 30.00 ,,,,,,,23.05%,,,,569,9,1.58%,$101.28,$1.60,,,,,,,,,,,,,
8/15/2024,,, $ 399.95 , $ 299.97 ,,$0.00, $ 207.30 ,1.93,, $ 176.61 ,,, $ 30.69 ,,,,,,,51.83%,,,,553,6,1.08%,$66.66,$0.72,,,,,,,,,,,,,
8/16/2024,Conversion USA west and midwest off. 20$ de budget au nord-est. Enlevé les demographics top income,, $ 741.12 , $ 741.12 ,,$0.00, $ 208.69 ,3.55,, $ 174.30 ,,, $ 34.39 ,,,,,,,28.16%,,,,569,6,1.05%,$123.52,$1.30,,,,,,,,,,,,,
8/17/2024,,," $ 2,102.06 "," $ 1,782.20 ",,$109.42, $ 204.46 ,10.28,, $ 171.29 ,,, $ 33.17 ,,,,,,,9.73%,,,,2274,25,1.10%,$84.08,$0.92,,,,,,,,,,,,,
8/18/2024,,," $ 1,620.24 "," $ 1,570.25 ",,$0.00, $ 220.14 ,7.36,, $ 183.09 ,,, $ 37.05 ,,,,,,,13.59%,,,,1055,14,1.33%,$115.73,$1.54,,,,,,,,,,,,,
8/19/2024,,," $ 1,471.93 "," $ 1,351.95 ",,$45.00, $ 223.56 ,6.58,, $ 187.36 ,,, $ 36.20 ,,,,,,,15.19%,,,,783,14,1.79%,$105.14,$1.88,,,,,,,,,,,,,
8/20/2024,,, $ 784.00 , $ 743.15 ,,$40.85, $ 227.55 ,3.45,, $ 182.49 ,,, $ 45.06 ,,,,,,,29.02%,,,,568,8,1.41%,$98.00,$1.38,,,,,,,,,,,,,
8/21/2024,,, $ 698.27 , $ 340.43 ,,$307.85, $ 235.59 ,2.96,, $ 190.21 ,,, $ 45.38 ,,,,,,,33.74%,,,,658,7,1.06%,$99.75,$1.06,,,,,,,,,,,,,
8/22/2024,,," $ 1,249.34 "," $ 1,087.41 ",,$161.93, $ 220.12 ,5.68,, $ 174.88 ,,, $ 45.24 ,,,,,,,17.62%,,,,492,6,1.22%,$208.22,$2.54,,,,,,,,,,,,,
8/23/2024,,," $ 1,007.97 ", $ 852.60 ,,$55.39, $ 212.34 ,4.75,, $ 169.33 ,,, $ 43.01 ,,,,,,,21.07%,,,,439,9,2.05%,$112.00,$2.30,,,,,,,,,,,,,
8/24/2024,Augmentation budget graines midwest à 50$/jour,, $ 722.05 , $ 297.12 ,,$424.93, $ 227.98 ,3.17,, $ 171.50 ,,, $ 56.48 ,,,,,,,31.57%,,,,593,12,2.02%,$60.17,$1.22,,,,,,,,,,,,,
8/25/2024,,," $ 1,409.74 ", $ 936.84 ,,$422.91, $ 263.93 ,5.34,, $ 185.41 ,,, $ 78.52 ,,,,,,,18.72%,,,,662,25,3.78%,$56.39,$2.13,,,,,,,,,,,,,
8/26/2024,,, $ 381.95 , $ 225.45 ,,$138.50, $ 265.60 ,1.44,, $ 187.37 ,,, $ 78.23 ,,,,,,,69.54%,,,,636,11,1.73%,$34.72,$0.60,,,,,,,,,,,,,
8/27/2024,Ajout pub Reel sac lunch,, $ 951.89 , $ 730.35 ,,$221.54, $ 276.96 ,3.44,, $ 186.21 ,,, $ 90.75 ,,,,,,,29.10%,,,,675,14,2.07%,$67.99,$1.41,,,,,,,,,,,,,
8/28/2024,Trafic USA off,Milkweed seeds NorthEast 10 to 30 daily, $ 650.68 , $ 446.14 ,,$204.54, $ 257.33 ,2.53,, $ 173.69 ,,, $ 83.64 ,,,,,,,39.55%,,,,574,15,2.61%,$43.38,$1.13,,,,,,,,,,,,,
8/29/2024,,, $ 901.74 , $ 509.65 ,,$216.94, $ 257.85 ,3.50,, $ 178.48 ,,, $ 79.37 ,,,,,,,28.59%,,,,513,14,2.73%,$64.41,$1.76,,,,,,,,,,,,,
8/30/2024,,," $ 1,260.36 "," $ 1,072.33 ",,$188.03, $ 250.35 ,5.03,, $ 171.25 ,,, $ 79.10 ,,,,,,,19.86%,,,,534,16,3.00%,$78.77,$2.36,,,,,,,,,,,,,
8/31/2024,Réactivation posts prévente en conversion et engagement. Je pense que c'est tôt mais à voir. Le creative des sacs lunch était Limited et je pense que c'est tard pour remettre manchons et glacières,Infolettre prévente automne warmup 1," $ 1,385.30 "," $ 1,011.02 ",,$374.28, $ 268.44 ,5.16,, $ 189.09 ,,, $ 79.35 ,,,,,,,19.38%,,,,1120,26,2.32%,$53.28,$1.24,,,,,,,,,,,,,
9/1/2024,"Note: performance faible ajd. Ça peut etre un hasard mais beaucoup trop de budget va sur le post prévente, VS les sacs à lunch",Engagement prévente off, $ 708.05 , $ 512.15 ,,$195.90, $ 275.49 ,2.57,, $ 179.88 ,,, $ 95.61 ,,,,,,,38.91%,,,,737,10,1.36%,$70.81,$0.96,,,,,,,,,,,,,
9/2/2024,,," $ 1,346.12 ", $ 291.93 ,,$913.22, $ 279.98 ,4.81,, $ 186.05 ,,, $ 93.93 ,,,,,,,20.80%,,,,763,22,2.88%,$61.19,$1.76,,,,,,,,,,,,,
9/3/2024,Prévente conversion OFF,, $ 302.16 , $ -   ,,$252.17, $ 278.48 ,1.09,, $ 187.67 ,,, $ 90.81 ,,,,,,,92.16%,,,,676,12,1.78%,$25.18,$0.45,,,,,,,,,,,,,
9/4/2024,,, $ 736.60 , $ 516.24 ,,$220.36, $ 271.47 ,2.71,, $ 180.79 ,,, $ 90.68 ,,,,,,,36.85%,,,,614,16,2.61%,$46.04,$1.20,,,,,,,,,,,,,
9/5/2024,,, $ 662.47 , $ 375.43 ,,$287.04, $ 279.38 ,2.37,, $ 184.91 ,,, $ 94.47 ,,,,,,,42.17%,,,,560,15,2.68%,$44.16,$1.18,,,,,,,,,,,,,
9/6/2024,,," $ 1,173.92 ", $ 781.16 ,,$292.78, $ 266.77 ,4.40,, $ 170.57 ,,, $ 96.20 ,,,,,,,22.72%,,,,530,16,3.02%,$73.37,$2.21,,,,,,,,,,,,,
9/7/2024,,," $ 1,769.71 "," $ 1,175.98 ",,$473.76, $ 257.95 ,6.86,, $ 165.28 ,,, $ 92.67 ,,,,,,,14.58%,,,,2383,22,0.92%,$80.44,$0.74,,,,,,,,,,,,,
9/8/2024,,," $ 1,336.63 ", $ 813.27 ,,$523.36, $ 288.08 ,4.64,, $ 182.61 ,,, $ 105.47 ,,,,,,,21.55%,,,,1124,16,1.42%,$83.54,$1.19,,,,,,,,,,,,,
9/9/2024,,, $ 768.37 , $ 478.10 ,,$221.01, $ 295.19 ,2.60,, $ 192.20 ,,, $ 102.99 ,,,,,,,38.42%,,,,746,15,2.01%,$51.22,$1.03,,,,,,,,,,,,,
9/10/2024,Ajout vidéo vertical maniques (sacs lunch était en fatigue),," $ 6,267.19 ", $ 904.33 ,,$232.42, $ 305.92 ,20.49,, $ 198.90 ,,, $ 107.02 ,,,,,,,4.88%,,,,659,25,3.79%,$250.69,$9.51,,,,,,,,,,,,,
9/11/2024,,, $ 611.32 , $ 254.20 ,,$285.83, $ 293.69 ,2.08,, $ 190.76 ,,, $ 102.93 ,,,,,,,48.04%,,,,549,14,2.55%,$43.67,$1.11,,,,,,,,,,,,,
9/12/2024,,, $ 549.24 , $ 283.95 ,,$249.85, $ 318.21 ,1.73,, $ 187.69 ,,, $ 130.52 ,,,,,,,57.94%,,,,476,13,2.73%,$42.25,$1.15,,,,,,,,,,,,,
9/13/2024,,, $ 857.86 , $ 429.65 ,,$307.63, $ 312.11 ,2.75,, $ 180.98 ,,, $ 131.13 ,,,,,,,36.38%,,,,1552,20,1.29%,$42.89,$0.55,,,,,,,,,,,,,
9/14/2024,,," $ 29,672.00 "," $ 26,440.57 ",,$777.49, $ 297.73 ,99.66,, $ 176.63 ,,, $ 121.10 ,,,,,,,1.00%,,,,2504,297,11.86%,$99.91,$11.85,,,,,,,,,,,,,
9/15/2024,Réactivation APM prévente post (nouvelle version avec tuques et pantoufles) dans le adset conversion,"Post prévente off (régulier, sans rabais). Les résultats étaient moins bons que APM et le post de Sac lunch ne recevait plus aucun budget"," $ 3,234.27 "," $ 2,507.19 ",,$653.80, $ 372.16 ,8.69,, $ 212.43 ,,, $ 159.73 ,,,,,,,11.51%,,,,1147,44,3.84%,$73.51,$2.82,,,,,,,,,,,,,
9/16/2024,,, $ 399.46 , $ (205.88),,$429.98, $ 378.48 ,1.06,, $ 219.42 ,,, $ 159.06 ,,,,,,,94.75%,,,,829,24,2.90%,$16.64,$0.48,,,,,,,,,,,,,
9/17/2024,,, $ 899.73 , $ 567.74 ,,$212.49, $ 370.33 ,2.43,, $ 213.09 ,,, $ 157.24 ,,,,,,,41.16%,,,,698,22,3.15%,$40.90,$1.29,,,,,,,,,,,,,
9/18/2024,,, $ 975.09 , $ 199.93 ,,$783.35, $ 405.55 ,2.40,, $ 245.78 ,,, $ 159.77 ,,,,,,,41.59%,,,,608,20,3.29%,$48.75,$1.60,,,,,,,,,,,,,
9/19/2024,Réactivation campagne semelles lookalike (30$/jour),," $ 1,669.15 "," $ 1,000.32 ",,$583.28, $ 420.96 ,3.97,, $ 241.12 ,,, $ 179.84 ,,,,,,,25.22%,,,,601,32,5.32%,$52.16,$2.78,,,,,,,,,,,,,
9/20/2024,,," $ 1,114.55 ", $ 589.81 ,,$575.73, $ 432.64 ,2.58,, $ 237.99 ,,, $ 194.65 ,,,,,,,38.82%,,,,673,26,3.86%,$42.87,$1.66,,,,,,,,,,,,,
9/21/2024,,, $ 841.55 , $ 330.92 ,,$497.34, $ 387.72 ,2.17,, $ 192.53 ,,, $ 195.19 ,,,,,,,46.07%,,,,670,23,3.43%,$36.59,$1.26,,,,,,,,,,,,,
9/22/2024,,," $ 1,010.85 ", $ 530.58 ,,$402.08, $ 413.83 ,2.44,, $ 192.53 ,,, $ 221.30 ,,,,,,,40.94%,,,,650,22,3.38%,$45.95,$1.56,,,,,,,,,,,,,
9/23/2024,Vidéo vertical maniques OFF (0.64 ROAS par jour) sur 2 sem,Engagement semelles off," $ 1,042.68 ", $ 225.53 ,,$564.18, $ 474.61 ,2.20,, $ 253.92 ,,, $ 220.69 ,,,,,,,45.52%,,,,885,28,3.16%,$37.24,$1.18,,,,,,,,,,,,,
9/24/2024,,," $ 1,639.27 ", $ 448.33 ,,"$1,077.18", $ 480.78 ,3.41,, $ 256.99 ,,, $ 223.79 ,,,,,,,29.33%,,,,1047,40,3.82%,$40.98,$1.57,,,,,,,,,,,,,
9/25/2024,,," $ 1,992.90 ", $ 958.05 ,,$957.93, $ 464.00 ,4.30,, $ 252.76 ,,, $ 211.24 ,,,,,,,23.28%,,,,1015,45,4.43%,$44.29,$1.96,,,,,,,,,,,,,
9/26/2024,,," $ 1,578.93 ", $ 431.44 ,,$998.15, $ 448.65 ,3.52,, $ 244.80 ,,, $ 203.85 ,,,,,,,28.41%,,,,1003,34,3.39%,$46.44,$1.57,,,,,,,,,,,,,
9/27/2024,Désactivation semelles lookalike (je pense que c'est trop tôt),Adset West USA graines de 30 a 50," $ 1,227.83 ", $ 282.95 ,,$721.95, $ 430.85 ,2.85,, $ 222.33 ,,, $ 208.52 ,,,,,,,35.09%,,,,936,32,3.42%,$38.37,$1.31,,,,,,,,,,,,,
9/28/2024,,," $ 3,142.41 "," $ 2,159.28 ",,$657.92, $ 415.57 ,7.56,, $ 204.39 ,,, $ 211.18 ,,,,,,,13.22%,,,,1852,58,3.13%,$54.18,$1.70,,,,,,,,,,,,,
9/29/2024,,," $ 2,078.86 "," $ 1,294.93 ",,$762.95, $ 458.73 ,4.53,, $ 214.22 ,,, $ 244.51 ,,,,,,,22.07%,,,,1202,41,3.41%,$50.70,$1.73,,,,,,,,,,,,,
9/30/2024,,," $ 1,739.64 ", $ 982.75 ,,$474.93, $ 461.75 ,3.77,, $ 219.31 ,,, $ 242.44 ,,,,,,,26.54%,,,,959,29,3.02%,$59.99,$1.81,,,,,,,,,,,,,
10/1/2024,,," $ 1,560.26 ", $ 748.63 ,,$679.78, $ 451.99 ,3.45,, $ 214.67 ,,, $ 237.32 ,,,,,,,28.97%,,,,1020,36,3.53%,$43.34,$1.53,,,,,,,,,,,,,
10/2/2024,,," $ 1,591.89 ", $ 936.65 ,,$561.79, $ 440.18 ,3.62,, $ 210.54 ,,, $ 229.64 ,,,,,,,27.65%,,,,949,36,3.79%,$44.22,$1.68,,,,,,,,,,,,,
10/3/2024,,, $ 899.92 , $ 302.20 ,,$566.94, $ 433.59 ,2.08,, $ 210.02 ,,, $ 223.57 ,,,,,,,48.18%,,,,736,19,2.58%,$47.36,$1.22,,,,,,,,,,,,,
10/4/2024,,," $ 1,594.94 ", $ 503.99 ,,$913.41, $ 427.08 ,3.73,, $ 202.57 ,,, $ 224.51 ,,,,,,,26.78%,,,,780,37,4.74%,$43.11,$2.04,,,,,,,,,,,,,
10/5/2024,,," $ 1,306.17 ", $ 676.68 ,,$538.59, $ 403.99 ,3.23,, $ 196.39 ,,, $ 207.60 ,,,,,,,30.93%,,,,724,31,4.28%,$42.13,$1.80,,,,,,,,,,,,,
10/6/2024,,," $ 1,296.12 ", $ 987.00 ,,$239.16, $ 459.82 ,2.82,, $ 215.18 ,,, $ 244.64 ,,,,,,,35.48%,,,,751,21,2.80%,$61.72,$1.73,,,,,,,,,,,,,
10/7/2024,,," $ 1,357.07 ", $ 875.82 ,,$383.89, $ 451.31 ,3.01,, $ 216.18 ,,, $ 235.13 ,,,,,,,33.26%,,,,770,28,3.64%,$48.47,$1.76,,,,,,,,,,,,,
10/8/2024,,," $ 1,258.40 ", $ 466.18 ,,$510.27, $ 462.32 ,2.72,, $ 216.45 ,,, $ 245.87 ,,,,,,,36.74%,,,,630,17,2.70%,$74.02,$2.00,,,,,,,,,,,,,
10/9/2024,Campagnes USA West & Midwest: changement d'audience broad au lieu de top earners,Baisse budget ad set reel de 50 à 10 en attendant de produire plus de contenu. Augmentation budget adset conversion statique. Réactivation adset semelles lookalike 30$/jour, $ 702.88 , $ 197.94 ,,$490.96, $ 455.10 ,1.54,, $ 226.38 ,,, $ 228.72 ,,,,,,,64.75%,,,,670,27,4.03%,$26.03,$1.05,,,,,,,,,,,,,
10/10/2024,,," $ 1,440.58 ", $ 505.20 ,,$760.81, $ 448.68 ,3.21,, $ 223.48 ,,, $ 225.20 ,,,,,,,31.15%,,,,741,32,4.32%,$45.02,$1.94,,,,,,,,,,,,,
10/11/2024,,," $ 1,657.45 ", $ 630.85 ,,$900.65, $ 442.59 ,3.74,, $ 224.03 ,,, $ 218.56 ,,,,,,,26.70%,,,,865,44,5.09%,$37.67,$1.92,,,,,,,,,,,,,
10/12/2024,,," $ 2,052.78 "," $ 1,409.16 ",,$347.69, $ 425.05 ,4.83,, $ 213.68 ,,, $ 211.37 ,,,,,,,20.71%,,,,1698,44,2.59%,$46.65,$1.21,,,,,,,,,,,,,
10/13/2024,,," $ 2,114.64 "," $ 1,326.76 ",,$634.73, $ 474.44 ,4.46,, $ 232.32 ,,, $ 242.12 ,,,,,,,22.44%,,,,1124,38,3.38%,$55.65,$1.88,,,,,,,,,,,,,
10/14/2024,,," $ 1,787.69 ", $ 723.82 ,,$853.51, $ 473.75 ,3.77,, $ 233.75 ,,, $ 240.00 ,,,,,,,26.50%,,,,1040,43,4.13%,$41.57,$1.72,,,,,,,,,,,,,
10/15/2024,,," $ 1,432.24 ", $ 479.86 ,,$729.45, $ 466.39 ,3.07,, $ 231.76 ,,, $ 234.63 ,,,,,,,32.56%,,,,917,29,3.16%,$49.39,$1.56,,,,,,,,,,,,,
10/16/2024,,," $ 1,425.08 ", $ 856.49 ,,$348.69, $ 450.38 ,3.16,, $ 220.67 ,,, $ 229.71 ,,,,,,,31.60%,,,,739,25,3.38%,$57.00,$1.93,,,,,,,,,,,,,
10/17/2024,,," $ 1,094.76 ", $ 525.68 ,,$520.14, $ 452.05 ,2.42,, $ 224.18 ,,, $ 227.87 ,,,,,,,41.29%,,,,823,30,3.65%,$36.49,$1.33,,,,,,,,,,,,,
10/18/2024,,," $ 1,147.60 ", $ 672.36 ,,$375.36, $ 399.00 ,2.88,, $ 203.02 ,,, $ 195.98 ,,,,,,,34.77%,,,,729,22,3.02%,$52.16,$1.57,,,,,,,,,,,,,
10/19/2024,,," $ 1,384.98 ", $ 667.82 ,,$610.19, $ 416.09 ,3.33,, $ 182.45 ,,, $ 233.64 ,,,,,,,30.04%,,,,799,33,4.13%,$41.97,$1.73,,,,,,,,,,,,,
10/20/2024,Création pubs trafic et engagement USA (Mega post et WW2),," $ 2,110.04 "," $ 1,551.72 ",,$465.95, $ 474.91 ,4.44,, $ 201.93 ,7.68,, $ 272.98 ,1.71,,,,,,22.51%,,,,1034,30,2.90%,$70.33,$2.04,,,,,,,,,,,,,
10/21/2024,Réactivation engagement semelles,," $ 1,735.53 ", $ 831.24 ,,$883.30, $ 480.28 ,3.61,, $ 202.93 ,4.10,, $ 277.35 ,3.18,,,,,,27.67%,,,,991,38,3.83%,$45.67,$1.75,,,,,,,,,,,,,
10/22/2024,,," $ 1,405.29 ", $ 679.08 ,,$585.25, $ 433.13 ,3.24,, $ 200.98 ,3.38,, $ 232.15 ,2.52,,,,,,30.82%,,,,1080,29,2.69%,$48.46,$1.30,,,,,,,,,,,,,
10/23/2024,,," $ 2,469.67 "," $ 1,687.47 ",,$782.20, $ 401.35 ,6.15,, $ 191.94 ,8.79,, $ 209.41 ,3.74,,,,,,16.25%,,,,1035,30,2.90%,$82.32,$2.39,,,,,,,,,,,,,
10/24/2024,,," $ 1,902.48 ", $ 200.83 ,,$503.89, $ 395.55 ,4.81,, $ 192.39 ,1.04,, $ 203.16 ,2.48,,,,,,20.79%,,,,1000,26,2.60%,$73.17,$1.90,,,,,,,,,,,,,
10/25/2024,,," $ 1,092.47 ", $ 643.08 ,,$253.42, $ 392.72 ,2.78,, $ 191.90 ,3.35,, $ 200.82 ,1.26,,,,,,35.95%,,,,919,18,1.96%,$60.69,$1.19,,,,,,,,,,,,,
10/26/2024,,," $ 1,930.82 "," $ 1,188.48 ",,$742.34, $ 379.00 ,5.09,, $ 181.88 ,6.53,, $ 197.12 ,3.77,,,,,,19.63%,,,,927,34,3.67%,$56.79,$2.08,,,,,,,,,,,,,
10/27/2024,,," $ 2,198.50 "," $ 1,430.58 ",,$633.94, $ 430.31 ,5.11,, $ 202.27 ,7.07,, $ 228.04 ,2.78,,,,,,19.57%,,,,1262,36,2.85%,$61.07,$1.74,,,,,,,,,,,,,
10/28/2024,,," $ 1,280.22 ", $ 647.86 ,,$526.37, $ 420.12 ,3.05,, $ 201.05 ,3.22,, $ 219.07 ,2.40,,,,,,32.82%,,,,1298,27,2.08%,$47.42,$0.99,,,,,,,,,,,,,
10/29/2024,,," $ 1,635.02 ", $ 915.59 ,,$461.49, $ 416.89 ,3.92,, $ 195.79 ,4.68,, $ 221.10 ,2.09,,,,,,25.50%,,,,1063,26,2.45%,$62.89,$1.54,,,,,,,,,,,,,
10/30/2024,"Démarrage campagne trafic mega post (2 ads vers les produits, vers la homepage)",," $ 2,633.89 ", $ 855.79 , $ 148.22 ,"$1,604.90", $ 418.12 ,6.30,, $ 214.18 ,4.00,, $ 203.94 ,7.87,, $ -   ,,,,15.87%,,,,1169,25,2.14%,$105.36,$2.25,,,,,,,,,,,,,
10/31/2024,,," $ 2,083.69 ", $ 410.38 , $ -   ,"$1,673.31", $ 426.58 ,4.88,, $ 215.55 ,1.90,, $ 211.03 ,7.93,, $ -   ,,,,20.47%,,,,1271,34,2.68%,$61.29,$1.64,,,,,,,,,,,,,
11/1/2024,,," $ 3,005.59 ", $ 806.80 , $ -   ,"$2,156.81", $ 401.68 ,7.48,, $ 212.42 ,3.80,, $ 189.26 ,11.40,, $ -   ,,,,13.36%,,,,1141,38,3.33%,$79.09,$2.63,,,,,,,,,,,,,
11/2/2024,,," $ 1,642.36 ", $ 795.71 , $ -   ,$740.66, $ 486.69 ,3.37,, $ 250.41 ,3.18,, $ 236.28 ,3.13,, $ -   ,,,,29.63%,,,,1033,26,2.52%,$63.17,$1.59,,,,,,,,,,,,,
11/3/2024,,," $ 5,755.87 "," $ 4,741.99 ", $ -   ,$878.90, $ 710.69 ,8.10,, $ 341.81 ,13.87,, $ 345.03 ,2.55,, $ 23.85 , $ -   ,,,12.35%,,,,3230,74,2.29%,$77.78,$1.78,,,,,,,,,,,,,
11/4/2024,,," $ 4,481.75 "," $ 2,873.12 ", $ 298.89 ,"$1,249.75", $ 613.09 ,7.31,, $ 271.47 ,10.58,, $ 312.21 ,4.00,, $ 29.41 ,10.16,,,13.68%,,,,2201,60,2.73%,$74.70,$2.04,,,,,,,,,,,,,
11/5/2024,,," $ 3,198.77 "," $ 2,101.15 ", $ 378.83 ,$643.79, $ 611.27 ,5.23,, $ 272.89 ,7.70,, $ 309.24 ,2.08,, $ 29.14 ,13.00,,,19.11%,,,,2146,47,2.19%,$68.06,$1.49,,,,,,,,,,,,,
11/6/2024,,," $ 2,591.95 "," $ 1,825.45 ", $ 50.98 ,$683.52, $ 575.20 ,4.51,, $ 275.80 ,6.62,, $ 271.82 ,2.51,, $ 27.58 ,1.85,,,22.19%,,,,1829,44,2.41%,$58.91,$1.42,,,,,,,,,,,,,
11/7/2024,,," $ 2,441.41 "," $ 1,541.20 ", $ 224.34 ,$675.87, $ 605.97 ,4.03,, $ 280.23 ,5.50,, $ 291.88 ,2.32,, $ 33.86 ,6.63,,,24.82%,,,,1672,41,2.45%,$59.55,$1.46,,,,,,,,,,,,,
11/8/2024,,," $ 2,621.08 "," $ 1,215.30 ", $ 175.94 ,"$1,092.88", $ 645.57 ,4.06,, $ 271.47 ,4.48,, $ 304.15 ,3.59,, $ 69.95 ,2.52,,,24.63%,,,,1451,45,3.10%,$58.25,$1.81,,,,,,,,,,,,,
11/9/2024,,," $ 3,173.90 "," $ 1,836.82 ", $ 819.10 ,$426.00, $ 802.60 ,3.95,, $ 374.48 ,4.90,, $ 320.12 ,1.33,, $ 108.00 ,7.58,,,25.29%,,,,1716,37,2.16%,$85.78,$1.85,,,,,,,,,,,,,
11/10/2024,,," $ 3,223.19 "," $ 2,041.75 ", $ 340.91 ,$804.54, $ 910.61 ,3.54,, $ 434.14 ,4.70,, $ 361.56 ,2.23,, $ 114.91 ,2.97,,,28.25%,,,,1939,47,2.42%,$68.58,$1.66,,,,,,,,,,,,,
11/11/2024,,," $ 2,515.39 "," $ 1,744.17 ", $ 41.98 ,$433.65, $ 715.43 ,3.52,, $ 332.81 ,5.24,, $ 301.82 ,1.44,, $ 80.80 ,0.52,,,28.44%,,,,1631,43,2.64%,$58.50,$1.54,,,,,,,,,,,,,
11/12/2024,,," $ 1,681.75 "," $ 1,033.09 ", $ 20.99 ,$571.00, $ 658.27 ,2.55,, $ 281.59 ,3.67,, $ 297.83 ,1.92,, $ 78.85 ,0.27,,,39.14%,,,,1446,27,1.87%,$62.29,$1.16,,,,,,,,,,,,,
11/13/2024,,," $ 2,495.26 "," $ 1,113.90 ", $ 464.89 ,$768.50, $ 534.86 ,4.67,, $ 142.58 ,7.81,,$316.19,2.43,,$76.09,6.11,,,21.44%,,,,1472,34,2.31%,$73.39,$1.70,,,,,,,,,,,,,
11/14/2024,,," $ 1,706.78 "," $ 1,155.08 ", $ 62.98 ,$409.84, $ 497.84 ,3.43,, $ 153.02 ,7.55,,$269.67,1.52,,$75.15,0.84,,,29.17%,,,,1342,32,2.38%,$53.34,$1.27,,,,,,,,,,,,,
11/15/2024,,," $ 2,362.20 "," $ 1,550.29 ", $ 208.95 ,$552.97, $ 486.19 ,4.86,, $ 146.72 ,10.57,,$268.35,2.06,,$71.12,2.94,,,20.58%,,,,1218,32,2.63%,$73.82,$1.94,,,,,,,,,,,,,
11/16/2024,,," $ 5,396.83 "," $ 4,309.08 ", $ 208.91 ,$616.92, $ 656.75 ,8.22,, $ 214.63 ,20.08,,$313.51,1.97,,$128.61,1.62,,,12.17%,,,,2243,62,2.76%,$87.05,$2.41,,,,,,,,,,,,,
11/17/2024,,," $ 4,974.38 "," $ 3,551.38 ", $ 461.92 ,$579.14, $ 726.51 ,6.85,, $ 228.91 ,15.51,,$375.36,1.54,,$122.24,3.78,,,14.61%,,,,1873,48,2.56%,$103.63,$2.66,,,,,,,,,,,,,
11/18/2024,,," $ 3,412.75 "," $ 2,769.03 ", $ -   ,$573.74, $ 537.55 ,6.35,, $ 172.20 ,16.08,,$284.58,2.02,,$80.77,0.00,,,15.75%,,,,1376,39,2.83%,$87.51,$2.48,,,,,,,,,,,,,
11/19/2024,,," $ 3,246.53 "," $ 1,983.47 ", $ 440.13 ,$716.94, $ 508.29 ,6.39,, $ 148.47 ,13.36,,$282.89,2.53,,$76.93,5.72,,,15.66%,,,,1277,30,2.35%,$108.22,$2.54,,,,,,,,,,,,,
11/20/2024,Lookalike OFF,Augmentation budget adset QC video + prevente statique," $ 2,927.79 "," $ 1,453.93 ", $ 338.30 ,$795.08, $ 487.31 ,6.01,, $ 162.36 ,8.95,,$249.87,3.18,,$75.08,4.51,,,16.64%,,,,1222,38,3.11%,$77.05,$2.40,,,,,,,,,,,,,
11/21/2024,,," $ 2,460.40 "," $ 1,786.64 ", $ 62.97 ,$301.57, $ 539.48 ,4.56,, $ 233.72 ,7.64,,$231.21,1.30,,$74.55,0.84,,,21.93%,,,,1190,31,2.61%,$79.37,$2.07,,,,,,,,,,,,,
11/22/2024,,," $ 3,313.89 "," $ 2,743.44 ", $ -   ,$375.49, $ 490.68 ,6.75,, $ 178.24 ,15.39,,$260.28,1.44,,$52.16,0.00,,,14.81%,,,,1121,36,3.21%,$92.05,$2.96,,,,,,,,,,,,,
11/23/2024,,," $ 3,111.94 "," $ 2,545.59 ", $ 360.92 ,$133.65, $ 674.66 ,4.61,, $ 300.50 ,8.47,,$310.25,0.43,,$63.91,5.65,,,21.68%,,,,1379,33,2.39%,$94.30,$2.26,,,,,,,,,,,,,
11/24/2024,,," $ 5,539.30 "," $ 4,494.15 ", $ 229.35 ,$589.87, $ 593.50 ,9.33,, $ 336.25 ,13.37,,$229.60,2.57,,$27.65,8.29,,,10.71%,,,,2967,70,2.36%,$79.13,$1.87,,,,,,,,,,,,,
11/25/2024,,," $ 4,026.02 "," $ 2,570.86 ", $ 265.95 ,$515.33, $ 439.31 ,9.16,, $ 240.97 ,10.67,,$183.02,2.82,,$15.32,17.36,,,10.91%,,,,1547,42,2.71%,$95.86,$2.60,,,,,,,,,,,,,
11/26/2024,,," $ 2,940.23 "," $ 1,919.69 ", $ 20.99 ,$890.58, $ 400.69 ,7.34,, $ 209.31 ,9.17,,$174.85,5.09,,$16.53,1.27,,,13.63%,,,,1269,31,2.44%,$94.85,$2.32,,,,,,,,,,,,,
11/27/2024,,," $ 2,947.77 "," $ 2,399.93 ", $ 133.18 ,$279.70, $ 370.66 ,7.95,, $ 194.92 ,12.31,,$160.71,1.74,,$15.03,8.86,,,12.57%,,,,1268,39,3.08%,$75.58,$2.32,,,,,,,,,,,,,
11/28/2024,,," $ 3,282.82 "," $ 2,593.20 ", $ 147.98 ,$300.19, $ 343.99 ,9.54,, $ 193.66 ,13.39,,$136.09,2.21,,$14.24,10.39,,,10.48%,,,,1066,38,3.56%,$86.39,$3.08,,,,,,,,,,,,,
11/29/2024,,," $ 3,973.04 "," $ 3,177.94 ", $ -   ,$196.13, $ 463.46 ,8.57,, $ 330.29 ,9.62,,$123.91,1.58,,$9.26,0.00,,,11.67%,,,,996,43,4.32%,$92.40,$3.99,,,,,,,,,,,,,
11/30/2024,,," $ 7,381.29 "," $ 5,486.02 ", $ 310.92 ,$896.03, $ 456.90 ,16.16,, $ 350.00 ,15.67,,$94.28,9.50,,$12.62,24.64,,,6.19%,,,,1191,58,4.87%,$127.26,$6.20,,,,,,,,,,,,,
12/1/2024,,," $ 5,606.62 "," $ 4,817.82 ", $ 91.97 ,$366.50, $ 497.09 ,11.28,, $ 357.45 ,13.48,,$120.15,3.05,,$19.49,4.72,,,8.87%,,,,1574,60,3.81%,$93.44,$3.56,,,,,,,,,,,,,
12/2/2024,,," $ 5,168.73 "," $ 4,201.18 ", $ 125.96 ,$320.05, $ 419.12 ,12.33,, $ 316.01 ,13.29,,$84.27,3.80,,$18.84,6.69,,,8.11%,,,,1246,51,4.09%,$101.35,$4.15,,,,,,,,,,,,,
12/3/2024,,," $ 4,301.64 "," $ 2,959.35 ", $ 407.86 ,$736.28, $ 379.79 ,11.33,, $ 240.78 ,12.29,,$111.22,6.62,,$27.79,14.68,,,8.83%,,,,1282,41,3.20%,$104.92,$3.36,,,,,,,,,,,,,
12/4/2024,,," $ 6,565.04 "," $ 5,052.81 ", $ 522.00 ,$778.26, $ 561.77 ,11.69,, $ 342.15 ,14.77,,$158.51,4.91,,$61.11,8.54,,,8.56%,,,,1655,49,2.96%,$133.98,$3.97,,,,,,,,,,,,,
12/5/2024,,," $ 4,776.11 "," $ 3,625.32 ", $ 302.43 ,$703.41, $ 549.80 ,8.69,, $ 343.93 ,10.54,,$161.02,4.37,,$44.85,6.74,,,11.51%,,,,1910,39,2.04%,$122.46,$2.50,,,,,,,,,,,,,
12/6/2024,,," $ 3,107.85 "," $ 2,168.33 ", $ 337.94 ,$192.23, $ 567.75 ,5.47,, $ 346.77 ,6.25,,$168.36,1.14,,$52.62,6.42,,,18.27%,,,,1757,35,1.99%,$88.80,$1.77,,,,,,,,,,,,,
12/7/2024,,," $ 5,198.17 "," $ 3,975.74 ", $ 494.86 ,$570.36, $ 586.47 ,8.86,, $ 358.51 ,11.09,,$185.75,3.07,,$42.21,11.72,,,11.28%,,,,1802,45,2.50%,$115.51,$2.88,,,,,,,,,,,,,
12/8/2024,,," $ 4,215.72 "," $ 2,869.08 ", $ 118.86 ,$424.09, $ 628.20 ,6.71,, $ 372.37 ,7.70,,$204.97,2.07,,$50.86,2.34,,,14.90%,,,,2093,50,2.39%,$84.31,$2.01,,,,,,,,,,,,,
12/9/2024,,," $ 5,438.70 "," $ 3,744.15 ", $ 195.96 ,"$1,228.63", $ 577.47 ,9.42,, $ 335.91 ,11.15,,$186.92,6.57,,$54.64,3.59,,,10.62%,,,,1963,56,2.85%,$97.12,$2.77,,,,,,,,,,,,,
12/10/2024,,," $ 5,614.90 "," $ 4,194.00 ", $ 291.40 ,$448.62, $ 577.92 ,9.72,, $ 340.14 ,12.33,,$184.40,2.43,,$53.38,5.46,,,10.29%,,,,2044,53,2.59%,$105.94,$2.75,,,,,,,,,,,,,
12/11/2024,,," $ 6,286.63 "," $ 4,940.01 ", $ 383.95 ,$668.72, $ 556.88 ,11.29,, $ 329.24 ,15.00,,$178.18,3.75,,$49.46,7.76,,,8.86%,,,,1898,55,2.90%,$114.30,$3.31,,,,,,,,,,,,,
12/12/2024,,," $ 4,264.09 "," $ 3,021.28 ", $ 294.93 ,$781.90, $ 574.45 ,7.42,, $ 335.64 ,9.00,,$187.11,4.18,,$51.70,5.70,,,13.47%,,,,1793,45,2.51%,$94.76,$2.38,,,,,,,,,,,,,
12/13/2024,,," $ 5,813.32 "," $ 3,437.36 ", $ 339.91 ,"$1,268.22", $ 569.51 ,10.21,, $ 349.53 ,9.83,,$177.04,7.16,,$42.94,7.92,,,9.80%,,,,1685,53,3.15%,$109.69,$3.45,,,,,,,,,,,,,
12/14/2024,,," $ 10,711.54 "," $ 8,388.43 ", $ 147.98 ,"$1,521.35", $ 599.41 ,17.87,, $ 377.27 ,22.23,,$179.37,8.48,,$42.77,3.46,,,5.60%,,,,2295,104,4.53%,$103.00,$4.67,,,,,,,,,,,,,
12/15/2024,,," $ 7,444.87 "," $ 5,795.51 ", $ 738.45 ,$440.01, $ 595.98 ,12.49,, $ 364.17 ,15.91,,$187.94,2.34,,$43.87,16.83,,,8.01%,,,,2331,84,3.60%,$88.63,$3.19,,,,,,,,,,,,,
12/16/2024,,," $ 4,358.51 "," $ 3,237.84 ", $ 429.91 ,$460.62, $ 398.55 ,10.94,, $ 227.28 ,14.25,,$144.50,3.19,,$26.77,16.06,,,9.14%,,,,1511,46,3.04%,$94.75,$2.88,,,,,,,,,,,,,
12/17/2024,,," $ 2,748.31 "," $ 1,645.34 ", $ 217.96 ,$542.82, $ 348.14 ,7.89,, $ 190.47 ,8.64,,$130.52,4.16,,$27.15,8.03,,,12.67%,,,,1136,28,2.46%,$98.15,$2.42,,,,,,,,,,,,,
12/18/2024,,," $ 2,977.98 "," $ 2,224.32 ", $ 167.97 ,$395.72, $ 353.86 ,8.42,, $ 194.50 ,11.44,,$135.39,2.92,,$23.97,7.01,,,11.88%,,,,1365,25,1.83%,$119.12,$2.18,,,,,,,,,,,,,
12/19/2024,,," $ 1,914.22 "," $ 1,227.36 ", $ 311.34 ,$304.54, $ 356.13 ,5.38,, $ 198.41 ,6.19,,$136.86,2.23,,$20.86,14.93,,,18.60%,,,,1140,17,1.49%,$112.60,$1.68,,,,,,,,,,,,,
12/20/2024,,," $ 1,901.37 "," $ 1,379.07 ", $ 145.98 ,$355.33, $ 352.59 ,5.39,, $ 196.10 ,7.03,,$136.42,2.60,,$20.07,7.27,,,18.54%,,,,1118,20,1.79%,$95.07,$1.70,,,,,,,,,,,,,
12/21/2024,,," $ 1,823.96 "," $ 1,245.51 ", $ 137.95 ,$176.91, $ 335.52 ,5.44,, $ 193.94 ,6.42,,$121.10,1.46,,$20.48,6.74,,,18.40%,,,,1085,21,1.94%,$86.86,$1.68,,,,,,,,,,,,,
12/22/2024,,," $ 1,202.10 ", $ 854.75 , $ 83.98 ,$79.16, $ 374.97 ,3.21,, $ 200.45 ,4.26,,$148.12,0.53,,$26.40,3.18,,,31.19%,,,,1205,12,1.00%,$100.18,$1.00,,,,,,,,,,,,,
12/23/2024,,, $ 654.74 , $ 409.31 , $ 49.99 ,$73.67, $ 368.96 ,1.77,, $ 198.13 ,2.07,,$141.68,0.52,,$29.15,1.71,,,56.35%,,,,1162,15,1.29%,$43.65,$0.56,,,,,,,,,,,,,
12/24/2024,,, $ 833.61 , $ 590.65 , $ 104.96 ,$138.00, $ 330.30 ,2.52,, $ 176.49 ,3.35,,$128.05,1.08,,$25.76,4.07,,,39.62%,,,,984,12,1.22%,$69.47,$0.85,,,,,,,,,,,,,
12/25/2024,,," $ 1,188.92 "," $ 1,050.37 ", $ -   ,$54.57, $ 356.59 ,3.33,, $ 191.09 ,5.50,,$143.69,0.38,,$21.81,0.00,,,29.99%,,,,1316,14,1.06%,$84.92,$0.90,,,,,,,,,,,,,
12/26/2024,,," $ 1,732.60 "," $ 1,335.72 ", $ -   ,$342.89, $ 369.23 ,4.69,, $ 209.45 ,6.38,,$134.34,2.55,,$25.44,0.00,,,21.31%,,,,1271,21,1.65%,$82.50,$1.36,,,,,,,,,,,,,
12/27/2024,,," $ 1,504.83 "," $ 1,232.73 ", $ 62.98 ,$82.14, $ 343.33 ,4.38,, $ 202.56 ,6.09,,$113.80,0.72,,$26.97,2.34,,,22.82%,,,,1090,16,1.47%,$94.05,$1.38,,,,,,,,,,,,,
12/28/2024,,," $ 1,071.57 ", $ 345.89 , $ 49.98 ,$561.74, $ 374.10 ,2.86,, $ 220.58 ,1.57,,$132.85,4.23,,$20.67,2.42,,,34.91%,,,,1028,12,1.17%,$89.30,$1.04,,,,,,,,,,,,,
12/29/2024,,, $ 781.26 , $ 781.26 , $ -   ,$0.00, $ 382.41 ,2.04,, $ 205.91 ,3.79,,$138.36,0.00,,$38.14,0.00,,,48.95%,,,,1135,6,0.53%,$130.21,$0.69,,,,,,,,,,,,,
12/30/2024,,," $ 1,078.34 ", $ 843.40 , $ 234.94 ,$0.00, $ 364.91 ,2.96,, $ 194.13 ,4.34,,$141.83,0.00,,$28.95,8.12,,,33.84%,,,,1102,11,1.00%,$98.03,$0.98,,,,,,,,,,,,,
12/31/2024,,, $ 197.96 , $ 197.96 , $ -   ,$0.00, $ 332.21 ,0.60,, $ 173.27 ,1.14,,$132.56,0.00,,$26.38,0.00,,,167.82%,,,,932,3,0.32%,$65.99,$0.21,,,,,,,,,,,,,
1/1/2025,,," $ 1,349.66 ", $ 973.06 , $ -   ,$376.60, $ 374.86 ,3.60,, $ 217.00 ,4.48,,$133.03,2.83,,$24.83,0.00,,,27.77%,,,,1206,18,1.49%,$74.98,$1.12,,,,,,,,,,,,,
1/2/2025,,, $ 886.15 , $ 670.84 , $ -   ,$109.32, $ 353.93 ,2.50,, $ 200.08 ,3.35,,$124.29,0.88,,$29.56,0.00,,,39.94%,,,,1204,11,0.91%,$80.56,$0.74,,,,,,,,,,,,,
1/3/2025,,," $ 1,564.84 "," $ 1,372.76 ", $ -   ,$192.08, $ 355.47 ,4.40,, $ 200.91 ,6.83,,$124.95,1.54,,$29.61,0.00,,,22.72%,,,,1239,16,1.29%,$97.80,$1.26,,,,,,,,,,,,,
1/4/2025,,," $ 2,443.93 "," $ 2,096.87 ", $ 105.99 ,$241.07, $ 351.29 ,6.96,, $ 204.86 ,10.24,,$114.41,2.11,,$32.02,3.31,,,14.37%,,,,1208,17,1.41%,$143.76,$2.02,,,,,,,,,,,,,
1/5/2025,,," $ 2,338.01 "," $ 1,934.62 ", $ 295.96 ,$27.45, $ 390.27 ,5.99,, $ 208.58 ,9.28,,$146.87,0.19,,$34.82,8.50,,,16.69%,,,,1377,26,1.89%,$89.92,$1.70,,,,,,,,,,,,,
1/6/2025,,," $ 1,632.54 "," $ 1,252.00 ", $ 170.98 ,$103.57, $ 373.63 ,4.37,, $ 208.08 ,6.02,,$133.30,0.78,,$32.25,5.30,,,22.89%,,,,1304,18,1.38%,$90.70,$1.25,,,,,,,,,,,,,
1/7/2025,,," $ 2,436.47 "," $ 1,744.70 ", $ 263.34 ,$305.46, $ 353.59 ,6.89,, $ 193.74 ,9.01,,$133.28,2.29,,$26.57,9.91,,,14.51%,,,,1200,27,2.25%,$90.24,$2.03,,,,,,,,,,,,,
1/8/2025,,," $ 1,784.26 "," $ 1,031.30 ", $ 431.71 ,$463.21, $ 347.49 ,5.13,, $ 188.84 ,5.46,,$124.45,3.72,,$34.20,12.62,,,19.48%,,,,1197,14,1.17%,$127.45,$1.49,,,,,,,,,,,,,
1/9/2025,,," $ 1,479.59 "," $ 1,372.25 ", $ -   ,-$24.63, $ 339.31 ,4.36,, $ 187.93 ,7.30,,$121.09,-0.20,,$30.29,0.00,,,22.93%,,,,756,15,1.98%,$98.64,$1.96,,,,,,,,,,,,,
1/10/2025,,," $ 1,198.05 ", $ 926.99 , $ 41.99 ,$229.07, $ 493.95 ,2.43,, $ 342.20 ,2.71,, $ 151.75 ,1.51,,,,,,41.23%,,,,1103,13,1.18%,$92.16,$1.09,,,,,,,,,,,,,
1/11/2025,,," $ 1,025.23 "," $ 1,018.24 ", $ 6.99 ,$0.00, $ 512.04 ,2.00,, $ 362.32 ,2.81,, $ 149.72 ,0.00,,,,,,49.94%,,,,1155,11,0.95%,$93.20,$0.89,,,,,,,,,,,,,
1/12/2025,,," $ 2,052.56 "," $ 1,550.74 ", $ 273.93 ,$227.89, $ 544.80 ,3.77,, $ 370.10 ,4.19,, $ 174.70 ,1.30,,,,,,26.54%,,,,1164,20,1.72%,$102.63,$1.76,,,,,,,,,,,,,
1/13/2025,,, $ 845.26 , $ 783.91 , $ 20.99 ,$40.36, $ 513.15 ,1.65,, $ 348.79 ,2.25,, $ 164.36 ,0.25,,,,,,60.71%,,,,1058,11,1.04%,$76.84,$0.80,,,,,,,,,,,,,
1/14/2025,,, $ 173.48 , $ 187.40 , $ (38.97),$25.05, $ 509.10 ,0.34,, $ 346.47 ,0.54,, $ 162.63 ,0.15,,,,,,293.46%,,,,1052,10,0.95%,$17.35,$0.16,,,,,,,,,,,,,
1/15/2025,"Pub foulard off. Ajout reel semelles FR et EN. Refresh audience posts statiques FR: 30-65+ Quebec, enlevé les settings de langue","Changement audiences USA pour all USA et Canada, 30-65+. Pas juste northern states"," $ 1,553.91 "," $ 1,390.70 ", $ 135.98 ,$27.23, $ 565.44 ,2.75,, $ 391.53 ,3.55,, $ 173.91 ,0.16,,,,,,36.39%,,,,1111,16,1.44%,$97.12,$1.40,,,,,,,,,,,,,
1/16/2025,,, $ 657.30 , $ 564.88 , $ 54.99 ,$37.43, $ 480.85 ,1.37,, $ 369.01 ,1.53,, $ 111.84 ,0.33,,,,,,73.16%,,,,955,9,0.94%,$73.03,$0.69,,,,,,,,,,,,,
1/17/2025,,, $ 661.85 , $ 523.58 , $ -   ,$138.27, $ 471.04 ,1.41,, $ 357.54 ,1.46,, $ 113.50 ,1.22,,,,,,71.17%,,,,943,10,1.06%,$66.19,$0.70,,,,,,,,,,,,,
1/18/2025,,, $ 719.06 , $ 368.84 , $ (39.00),$389.22, $ 460.16 ,1.56,, $ 353.13 ,1.04,, $ 107.03 ,3.64,,,,,,63.99%,,,,1003,16,1.60%,$44.94,$0.72,,,,,,,,,,,,,
1/19/2025,,," $ 3,026.58 "," $ 2,607.06 ", $ 419.52 ,$0.00, $ 470.94 ,6.43,, $ 344.11 ,7.58,, $ 126.83 ,0.00,,,,,,15.56%,,,,4145,43,1.04%,$70.39,$0.73,,,,,,,,,,,,,
1/20/2025,,," $ 1,730.55 "," $ 1,730.55 ", $ -   ,$0.00, $ 443.79 ,3.90,, $ 326.13 ,5.31,, $ 117.66 ,0.00,,,,,,25.64%,,,,1659,26,1.57%,$66.56,$1.04,,,,,,,,,,,,,
1/21/2025,,," $ 1,398.85 ", $ 941.17 , $ 120.97 ,$336.71, $ 433.00 ,3.23,, $ 319.72 ,2.94,, $ 113.28 ,2.97,,,,,,30.95%,,,,1355,22,1.62%,$63.58,$1.03,,,,,,,,,,,,,
1/22/2025,,, $ 559.48 , $ 353.80 , $ 157.94 ,$47.74, $ 428.83 ,1.30,, $ 320.03 ,1.11,, $ 108.80 ,0.44,,,,,,76.65%,,,,1094,16,1.46%,$34.97,$0.51,,,,,,,,,,,,,
1/23/2025,,," $ 1,204.82 ", $ 578.44 , $ 548.18 ,$78.20, $ 412.26 ,2.92,, $ 311.87 ,1.85,, $ 100.39 ,0.78,,,,,,34.22%,,,,1000,17,1.70%,$70.87,$1.20,,,,,,,,,,,,,
1/24/2025,,, $ 723.49 , $ 535.54 , $ 187.95 ,$0.00, $ 419.72 ,1.72,, $ 317.70 ,1.69,, $ 102.02 ,0.00,,,,,,58.01%,,,,959,10,1.04%,$72.35,$0.75,,,,,,,,,,,,,
1/25/2025,,," $ 1,137.32 ", $ 889.14 , $ 96.97 ,$151.21, $ 423.73 ,2.68,, $ 324.65 ,2.74,, $ 99.08 ,1.53,,,,,,37.26%,,,,937,16,1.71%,$71.08,$1.21,,,,,,,,,,,,,
1/26/2025,,, $ 944.49 , $ 968.02 , $ 41.98 ,-$65.51, $ 455.75 ,2.07,, $ 334.63 ,2.89,, $ 121.12 ,-0.54,,,,,,48.25%,,,,1146,16,1.40%,$59.03,$0.82,,,,,,,,,,,,,
1/27/2025,,," $ 1,546.11 "," $ 1,404.17 ", $ 141.94 ,$0.00, $ 429.44 ,3.60,, $ 316.10 ,4.44,, $ 113.34 ,0.00,,,,,,27.78%,,,,1023,24,2.35%,$64.42,$1.51,,,,,,,,,,,,,
1/28/2025,,," $ 1,362.57 ", $ 980.69 , $ 331.80 ,$50.08, $ 402.84 ,3.38,, $ 310.99 ,3.15,, $ 91.85 ,0.55,,,,,,29.56%,,,,1001,25,2.50%,$54.50,$1.36,,,,,,,,,,,,,
1/29/2025,,," $ 1,957.20 "," $ 1,957.20 ", $ -   ,$0.00, $ 350.06 ,5.59,, $ 313.73 ,6.24,, $ 36.33 ,0.00,,,,,,17.89%,,,,1274,21,1.65%,$93.20,$1.54,,,,,,,,,,,,,
1/30/2025,,," $ 1,458.12 "," $ 1,395.15 ", $ 62.97 ,$0.00, $ 355.98 ,4.10,, $ 324.48 ,4.30,, $ 31.50 ,0.00,,,,,,24.41%,,,,1146,18,1.57%,$81.01,$1.27,,,,,,,,,,,,,
1/31/2025,,," $ 1,376.61 "," $ 1,198.26 ", $ 178.35 ,$0.00, $ 357.04 ,3.86,, $ 321.17 ,3.73,, $ 35.87 ,0.00,,,,,,25.94%,,,,1070,20,1.87%,$68.83,$1.29,,,,,,,,,,,,,
2/1/2025,,," $ 9,358.03 "," $ 8,917.04 ", $ 440.99 ,$0.00, $ 353.75 ,26.45,, $ 329.60 ,27.05,, $ 24.15 ,0.00,,,,,,3.78%,,,,2796,104,3.72%,$89.98,$3.35,,,,,,,,,,,,,
2/2/2025,,," $ 5,376.94 "," $ 4,902.89 ", $ 172.29 ,$301.76, $ 398.66 ,13.49,, $ 355.77 ,13.78,, $ 42.89 ,7.04,,,,,,7.41%,,,,1785,61,3.42%,$88.15,$3.01,,,,,,,,,,,,,
2/3/2025,,," $ 3,194.81 "," $ 3,040.34 ", $ 154.47 ,$0.00, $ 363.42 ,8.79,, $ 313.29 ,9.70,, $ 50.13 ,0.00,,,,,,11.38%,,,,1243,38,3.06%,$84.07,$2.57,,,,,,,,,,,,,
2/4/2025,,," $ 2,095.99 "," $ 1,990.00 ", $ 105.99 ,$0.00, $ 317.86 ,6.59,, $ 305.68 ,6.51,, $ 12.18 ,0.00,,,,,,15.17%,,,,1214,24,1.98%,$87.33,$1.73,,,,,,,,,,,,,
2/5/2025,,," $ 2,489.06 "," $ 2,383.07 ", $ 105.99 ,$0.00, $ 341.10 ,7.30,, $ 310.61 ,7.67,, $ 30.49 ,0.00,,,,,,13.70%,,,,1221,21,1.72%,$118.53,$2.04,,,,,,,,,,,,,
2/6/2025,,," $ 2,084.01 "," $ 2,058.45 ", $ -   ,$25.56, $ 349.19 ,5.97,, $ 311.15 ,6.62,, $ 38.04 ,0.67,,,,,,16.76%,,,,1366,28,2.05%,$74.43,$1.53,,,,,,,,,,,,,
2/7/2025,,," $ 1,887.76 "," $ 1,835.78 ", $ 51.98 ,$0.00, $ 350.23 ,5.39,, $ 314.18 ,5.84,, $ 36.05 ,0.00,,,,,,18.55%,,,,1134,23,2.03%,$82.08,$1.66,,,,,,,,,,,,,
2/8/2025,,," $ 3,642.52 "," $ 3,482.34 ", $ 160.18 ,$0.00, $ 377.35 ,9.65,, $ 342.19 ,10.18,, $ 35.16 ,0.00,,,,,,10.36%,,,,1618,53,3.28%,$68.73,$2.25,,,,,,,,,,,,,
2/9/2025,,," $ 3,014.82 "," $ 2,786.52 ", $ 172.55 ,$55.75, $ 363.11 ,8.30,, $ 323.10 ,8.62,, $ 40.01 ,1.39,,,,,,12.04%,,,,1208,35,2.90%,$86.14,$2.50,,,,,,,,,,,,,
2/10/2025,,," $ 1,610.69 "," $ 1,695.78 ", $ (79.19),-$5.90, $ 355.24 ,4.53,, $ 318.81 ,5.32,, $ 36.43 ,-0.16,,,,,,22.06%,,,,1053,28,2.66%,$57.52,$1.53,,,,,,,,,,,,,
2/11/2025,,," $ 1,685.93 "," $ 1,537.80 ", $ 45.00 ,$103.13, $ 364.62 ,4.62,, $ 331.13 ,4.64,, $ 33.49 ,3.08,,,,,,21.63%,,,,1222,25,2.05%,$67.44,$1.38,,,,,,,,,,,,,
2/12/2025,,," $ 1,127.83 "," $ 1,093.06 ", $ 34.77 ,$0.00, $ 388.38 ,2.90,, $ 348.98 ,3.13,, $ 39.40 ,0.00,,,,,,34.44%,,,,1255,21,1.67%,$53.71,$0.90,,,,,,,,,,,,,
2/13/2025,,," $ 1,884.14 "," $ 1,884.14 ", $ -   ,$0.00, $ 317.75 ,5.93,, $ 287.35 ,6.56,, $ 30.40 ,0.00,,,,,,16.86%,,,,1347,20,1.48%,$94.21,$1.40,,,,,,,,,,,,,
2/14/2025,,," $ 1,463.61 "," $ 1,442.62 ", $ 20.99 ,$0.00, $ 329.41 ,4.44,, $ 297.43 ,4.85,, $ 31.98 ,0.00,,,,,,22.51%,,,,929,20,2.15%,$73.18,$1.58,,,,,,,,,,,,,
2/15/2025,,," $ 6,319.69 "," $ 5,960.07 ", $ 290.70 ,$68.92, $ 388.12 ,16.28,, $ 354.84 ,16.80,, $ 33.28 ,2.07,,,,,,6.14%,,,,1895,69,3.64%,$91.59,$3.33,,,,,,,,,,,,,
2/16/2025,,," $ 4,319.67 "," $ 2,384.12 "," $ 1,598.36 ",$337.19, $ 383.15 ,11.27,, $ 345.15 ,6.91,, $ 38.00 ,8.87,,,,,,8.87%,,,,1643,53,3.23%,$81.50,$2.63,,,,,,,,,,,,,
2/17/2025,,," $ 2,926.75 "," $ 2,689.17 ", $ 184.54 ,$53.04, $ 342.79 ,8.54,, $ 305.53 ,8.80,, $ 37.26 ,1.42,,,,,,11.71%,,,,1387,31,2.24%,$94.41,$2.11,,,,,,,,,,,,,
2/18/2025,,," $ 1,790.43 "," $ 1,405.50 ", $ 384.93 ,$0.00, $ 347.72 ,5.15,, $ 311.37 ,4.51,, $ 36.35 ,0.00,,,,,,19.42%,,,,1194,20,1.68%,$89.52,$1.50,,,,,,,,,,,,,
2/19/2025,,," $ 1,624.45 "," $ 1,373.72 ", $ 169.50 ,$81.23, $ 346.78 ,4.68,, $ 313.98 ,4.38,, $ 32.80 ,2.48,,,,,,21.35%,,,,1149,20,1.74%,$81.22,$1.41,,,,,,,,,,,,,
2/20/2025,,," $ 1,380.34 "," $ 1,254.36 ", $ 125.98 ,$0.00, $ 360.06 ,3.83,, $ 326.19 ,3.85,, $ 33.87 ,0.00,,,,,,26.08%,,,,,,,,,,,,,,,,,,,,,
2/21/2025,,," $ 1,210.69 "," $ 1,102.20 ", $ 108.49 ,$0.00, $ 352.47 ,3.43,, $ 318.47 ,3.46,, $ 34.00 ,0.00,,,,,,29.11%,,,,,,,,,,,,,,,,,,,,,
2/22/2025,,," $ 1,390.92 "," $ 1,369.93 ", $ 20.99 ,$0.00, $ 377.54 ,3.68,, $ 344.92 ,3.97,, $ 32.62 ,0.00,,,,,,27.14%,,,,,,,,,,,,,,,,,,,,,
2/23/2025,,," $ 1,227.53 "," $ 1,227.53 ", $ -   ,$0.00, $ 366.25 ,3.35,, $ 327.05 ,3.75,, $ 39.20 ,0.00,,,,,,29.84%,,,,,,,,,,,,,,,,,,,,,
2/24/2025,,," $ 1,429.12 "," $ 1,135.69 ", $ -   ,$293.43, $ 343.80 ,4.16,, $ 307.15 ,3.70,, $ 36.65 ,8.01,,,,,,24.06%,,,,,,,,,,,,,,,,,,,,,
2/25/2025,,," $ 1,050.60 "," $ 1,023.38 ", $ -   ,$27.22, $ 348.99 ,3.01,, $ 311.51 ,3.29,, $ 37.48 ,0.73,,,,,,33.22%,,,,,,,,,,,,,,,,,,,,,
2/26/2025,"Ad sac lunch, APM prévente off. tuque sport et foulard on. Vidéo manique et semelle off. Tout le budget va aux semelles et le ROAS est de 2.15. Mitaines et 30, sac lunch à 18 mais avec de petits échantillons de spend. On va tester.",," $ 1,679.51 "," $ 1,299.62 ", $ 49.99 ,$329.90, $ 533.53 ,3.15,, $ 341.96 ,3.80,, $ 191.57 ,1.72,,,,,,31.77%,,,,,,,,,,,,,,,,,,,,,
2/27/2025,,, $ 556.84 , $ 314.53 , $ (83.98),$326.29, $ 502.75 ,1.11,, $ 309.49 ,1.02,, $ 193.26 ,1.69,,,,,,90.29%,,,,,,,,,,,,,,,,,,,,,
2/28/2025,"pub assises off, le budget va toute là, Je vais essayer de voir si on peut démarrer un autre adset sans que ça entre en compétition",," $ 1,409.95 "," $ 1,040.13 ", $ 130.08 ,$239.74, $ 500.09 ,2.82,, $ 310.26 ,3.35,, $ 189.83 ,1.26,,,,,,35.47%,,,,,,,,,,,,,,,,,,,,,
3/1/2025,,," $ 1,739.88 "," $ 1,018.15 ", $ 235.49 ,$486.24, $ 580.98 ,2.99,, $ 392.34 ,2.60,, $ 188.64 ,2.58,,,,,,33.39%,,,,,,,,,,,,,,,,,,,,,
3/2/2025,,," $ 1,997.07 "," $ 1,101.08 ", $ 211.98 ,$684.01, $ 541.99 ,3.68,, $ 374.58 ,2.94,, $ 167.41 ,4.09,,,,,,27.14%,,,,,,,,,,,,,,,,,,,,,
3/3/2025,,," $ 1,301.28 ", $ 751.59 , $ 19.99 ,$529.70, $ 486.21 ,2.68,, $ 352.02 ,2.14,, $ 134.19 ,3.95,,,,,,37.36%,,,,,,,,,,,,,,,,,,,,,
3/4/2025,,," $ 1,080.46 ", $ 517.30 , $ 163.22 ,$399.94, $ 491.56 ,2.20,, $ 350.04 ,1.48,, $ 141.52 ,2.83,,,,,,45.50%,,,,,,,,,,,,,,,,,,,,,
3/5/2025,,," $ 1,808.05 ", $ 397.32 , $ 553.94 ,$856.79, $ 508.72 ,3.55,, $ 348.58 ,1.14,, $ 160.14 ,5.35,,,,,,28.14%,,,,,,,,,,,,,,,,,,,,,
3/6/2025,,," $ 1,251.09 ", $ 646.08 , $ 277.98 ,$327.03, $ 572.45 ,2.19,, $ 365.07 ,1.77,, $ 207.38 ,1.58,,,,,,45.76%,,,,,,,,,,,,,,,,,,,,,
3/7/2025,,, $ 964.97 , $ 617.51 , $ 85.50 ,$261.96, $ 554.11 ,1.74,, $ 358.25 ,1.72,, $ 195.86 ,1.34,,,,,,57.42%,,,,,,,,,,,,,,,,,,,,,
3/8/2025,,," $ 4,245.51 "," $ 3,596.84 ", $ 371.96 ,$276.71, $ 607.84 ,6.98,, $ 388.41 ,9.26,, $ 219.43 ,1.26,,,,,,14.32%,,,,,,,,,,,,,,,,,,,,,
3/9/2025,,," $ 2,381.34 "," $ 1,983.46 ", $ -   ,$397.88, $ 603.27 ,3.95,, $ 368.25 ,5.39,, $ 235.02 ,1.69,,,,,,25.33%,,,,,,,,,,,,,,,,,,,,,
3/10/2025,,," $ 1,135.08 ", $ 986.33 , $ (131.75),$280.50, $ 581.00 ,1.95,, $ 364.27 ,2.71,, $ 216.73 ,1.29,,,,,,51.19%,,,,,,,,,,,,,,,,,,,,,
3/11/2025,,," $ 1,296.39 ", $ 741.48 , $ 274.93 ,$279.98, $ 559.91 ,2.32,, $ 350.15 ,2.12,, $ 209.76 ,1.33,,,,,,43.19%,,,,,,,,,,,,,,,,,,,,,
3/12/2025,,, $ 597.81 , $ 376.81 , $ 20.99 ,$200.01, $ 564.39 ,1.06,, $ 355.84 ,1.06,, $ 208.55 ,0.96,,,,,,94.41%,,,,,,,,,,,,,,,,,,,,,
3/13/2025,reel mitaines et cache-cou OFF. Hiver terminé. Adset dédié au coussin d'assise OFF (Learning limited). ,"Posts conversion: j'enlève post foulard, les 2 posts de cache-cou. Je laisse seulement: mitaines, tuques et je réactive Post accessoires printemps. C'est possible que les mauvais résultats des derniers jours étaient seulement dûs au learning limited et au chevauchement entre 2 adsets compétiteurs... car oui, clairement la saisonnalité joue un rôle mais on observe une diminution très drastique du ROAS entre le 2-3 mars et le 5-6, ça passe de 3,5 à 0,7 et ça pourrait être dû aux effets latents des modifs du 28 fév. 

Je vais baisser le budget des pubs texitles et réactiver la campagne nationale de plantation et c'est dommage car j'aurais du ajuster les pubs de textile avant pour éviter un chevauchement, mais l'hypothèse de la baisse de rendement en raison de la fin de saison est trop plausible. Il faut pousser sur les produits horticoles!"," $ 1,440.31 ", $ 985.26 , $ 79.64 ,$375.41, $ 680.61 ,2.12,, $ 460.80 ,2.14,, $ 219.81 ,1.71,,,,,,47.25%,,,,,,,,,,,,,,,,,,,,,
3/14/2025,,," $ 2,244.58 "," $ 1,197.04 ", $ 160.98 ,$886.56, $ 574.97 ,3.90,, $ 346.78 ,3.45,, $ 228.19 ,3.89,,,,,,25.62%,,,,,,,,,,,,,,,,,,,,,
3/15/2025,Publication vidéo graines et campagne plantation FR (Las et APM),Set augmention budget les fins de semaine jusqu'à fin avril," $ 2,777.19 "," $ 2,144.03 ", $ 72.00 ,$561.16, $ 677.40 ,4.10,, $ 421.37 ,5.09,, $ 256.03 ,2.19,,,,,,24.39%,,,,,,,,,,,,,,,,,,,,,
3/16/2025,,," $ 2,282.79 "," $ 1,729.08 ", $ 12.60 ,$541.11, $ 702.92 ,3.25,, $ 415.35 ,4.16,, $ 287.57 ,1.88,,,,,,30.79%,,,,,,,,,,,,,,,,,,,,,
3/17/2025,,," $ 1,538.26 ", $ 674.44 , $ 19.99 ,$843.83, $ 528.28 ,2.91,, $ 272.91 ,2.47,, $ 255.37 ,3.30,,,,,,34.34%,,,,,,,,,,,,,,,,,,,,,
3/18/2025,Pub conversion textile off,," $ 1,395.75 ", $ 724.94 , $ -   ,$670.81, $ 495.32 ,2.82,, $ 242.13 ,2.99,, $ 253.19 ,2.65,,,,,,35.49%,,,,,,,,,,,,,,,,,,,,,
3/19/2025,,," $ 1,752.31 ", $ 824.11 , $ -   ,$928.20, $ 486.51 ,3.60,, $ 218.14 ,3.78,, $ 268.37 ,3.46,,,,,,27.76%,,,,,,,,,,,,,,,,,,,,,
3/20/2025,,," $ 1,468.00 ", $ 683.76 , $ 49.99 ,$734.25, $ 458.55 ,3.20,, $ 213.05 ,3.21,, $ 245.50 ,2.99,,,,,,31.24%,,,,,,,,,,,,,,,,,,,,,
3/21/2025,,," $ 2,010.95 ", $ 792.47 , $ 159.96 ,"$1,058.52", $ 456.84 ,4.40,, $ 215.02 ,3.69,, $ 241.82 ,4.38,,,,,,22.72%,,,,,,,,,,,,,,,,,,,,,
3/22/2025,"Augmentation budgets campagne plantation pub statique 150 a 200, video 50 a 100",," $ 2,590.51 "," $ 1,920.43 ", $ -   ,$670.08, $ 645.71 ,4.01,, $ 385.73 ,4.98,, $ 259.98 ,2.58,,,,,,24.93%,,,,,,,,,,,,,,,,,,,,,
3/23/2025,,," $ 2,838.81 "," $ 1,653.06 ", $ 687.12 ,$498.63, $ 912.57 ,3.11,, $ 506.62 ,3.26,, $ 285.33 ,1.75,, $ 120.62 ,5.70,,,32.15%,,,,,,,,,,,,,,,,,,,,,
3/24/2025,,," $ 1,457.56 ", $ 734.15 , $ 142.92 ,$580.49, $ 714.49 ,2.04,, $ 312.45 ,2.35,, $ 259.93 ,2.23,, $ 142.11 ,1.01,,,49.02%,,,,,,,,,,,,,,,,,,,,,
3/25/2025,,," $ 1,836.21 ", $ 755.03 , $ 439.44 ,$641.74, $ 729.91 ,2.52,, $ 330.47 ,2.28,, $ 256.78 ,2.50,, $ 142.66 ,3.08,,,39.75%,,,,,,,,,,,,,,,,,,,,,
3/26/2025,,," $ 1,416.57 ", $ 429.83 , $ 193.00 ,$793.74, $ 708.54 ,2.00,, $ 304.58 ,1.41,, $ 254.79 ,3.12,, $ 149.17 ,1.29,,,50.02%,,,,,,,,,,,,,,,,,,,,,
3/27/2025,,," $ 1,493.39 ", $ 549.27 , $ 346.55 ,$597.57, $ 695.38 ,2.15,, $ 311.02 ,1.77,, $ 243.68 ,2.45,, $ 140.68 ,2.46,,,46.56%,,,,,,,,,,,,,,,,,,,,,
3/28/2025,,," $ 1,542.64 ", $ 822.14 , $ 159.53 ,$560.97, $ 725.20 ,2.13,, $ 338.67 ,2.43,, $ 248.08 ,2.26,, $ 138.45 ,1.15,,,47.01%,,,,,,,,,,,,,,,,,,,,,
3/29/2025,,," $ 2,420.45 "," $ 1,455.01 ", $ 393.94 ,$571.50, $ 972.33 ,2.49,, $ 654.12 ,2.22,, $ 261.48 ,2.19,, $ 56.73 ,6.94,,,40.17%,,,,,,,,,,,,,,,,,,,,,
3/30/2025,,," $ 1,788.64 ", $ 982.14 , $ 235.41 ,$571.09, $ 949.91 ,1.88,, $ 592.75 ,1.66,, $ 306.81 ,1.86,, $ 50.35 ,4.68,,,53.11%,,,,,,,,,,,,,,,,,,,,,
3/31/2025,,," $ 1,716.60 ", $ 667.58 , $ 156.95 ,$892.07, $ 674.56 ,2.54,, $ 336.16 ,1.99,, $ 290.21 ,3.07,, $ 48.19 ,3.26,,,39.30%,,,,,,,,,,,,,,,,,,,,,
4/1/2025,"USA: changement audience South USA: il y avait Georgie, le pays et non l'état... Erreur corrigée. J'ai aussi enlevé les critères de revenu élevé, de même que pour MidWest qui performe le moins bien. Changement audience Ouest, qui performe peu: ajout d'intérets: jardinage,nature, papillons, fleurs, environnement","Ajout  jardinage,nature, papillons, fleurs, environnement au ad set video campagne plantation + augmentation budget à 150$ (QC)"," $ 1,280.45 ", $ 733.64 , $ 111.94 ,$434.87, $ 635.13 ,2.02,, $ 333.07 ,2.20,, $ 253.51 ,1.72,, $ 48.55 ,2.31,,,49.60%,,,,,,,,,,,,,,,,,,,,,
4/2/2025,,," $ 4,467.22 "," $ 1,086.70 "," $ 2,460.21 ",$920.31, $ 699.90 ,6.38,, $ 379.09 ,2.87,, $ 270.92 ,3.40,, $ 49.89 ,49.31,,,15.67%,,,,,,,,,,,,,,,,,,,,,
4/3/2025,,," $ 1,480.80 ", $ 906.05 , $ 111.98 ,$462.77, $ 676.43 ,2.19,, $ 361.08 ,2.51,, $ 267.27 ,1.73,, $ 48.08 ,2.33,,,45.68%,,,,,,,,,,,,,,,,,,,,,
4/4/2025,,," $ 1,916.71 "," $ 1,044.57 ", $ 140.94 ,$731.20, $ 697.85 ,2.75,, $ 376.53 ,2.77,, $ 271.30 ,2.70,, $ 50.02 ,2.82,,,36.41%,,,,,,,,,,,,,,,,,,,,,
4/5/2025,,," $ 2,931.62 "," $ 1,523.37 ", $ 54.97 ,"$1,353.28"," $ 1,347.01 ",2.18,, $ 788.17 ,1.93,, $ 506.53 ,2.67,, $ 52.31 ,1.05,,,45.95%,,,,,,,,,,,,,,,,,,,,,
4/6/2025,,," $ 2,137.08 "," $ 1,080.33 ", $ 29.99 ,"$1,026.76"," $ 1,256.34 ",1.70,, $ 716.70 ,1.51,, $ 487.71 ,2.11,, $ 51.93 ,0.58,,,58.79%,,,,,,,,,,,,,,,,,,,,,
4/7/2025,"Lasclay FR posts statiques: Post APM printemps + Lasclay post campagne classique à OFF. La plupart du budget va dessus, FB indique des ROAS inférieurs à 2, alors que les posts de bombes performent mieux et sont sous-financés. Essai de quelques jours","Canada: réactivation post M&M printemps. USA: essai d'une augmentation programmée pour South et Video durant la semaine, jusqu'à vendredi pour voir."," $ 1,822.64 ", $ 711.84 , $ 98.64 ,"$1,012.16", $ 895.50 ,2.04,, $ 387.06 ,1.84,, $ 450.67 ,2.25,, $ 57.77 ,1.71,,,49.13%,,,,,,,,,,,,,,,,,,,,,
4/8/2025,,," $ 2,025.31 "," $ 1,045.94 ", $ 197.90 ,$781.47, $ 836.12 ,2.42,, $ 387.60 ,2.70,, $ 402.80 ,1.94,, $ 45.72 ,4.33,,,41.28%,,,,,,,,,,,,,,,,,,,,,
4/9/2025,,," $ 1,155.85 ", $ 481.91 , $ 135.39 ,$538.55, $ 832.12 ,1.39,, $ 382.80 ,1.26,, $ 400.14 ,1.35,, $ 49.18 ,2.75,,,71.99%,,,,,,,,,,,,,,,,,,,,,
4/10/2025,,," $ 1,428.55 ", $ 224.61 , $ 258.99 ,$944.95, $ 791.82 ,1.80,, $ 381.68 ,0.59,, $ 363.00 ,2.60,, $ 47.14 ,5.49,,,55.43%,,,,,,,,,,,,,,,,,,,,,
4/11/2025,,," $ 1,375.67 ", $ 575.42 , $ 241.27 ,$558.98, $ 842.31 ,1.63,, $ 386.93 ,1.49,, $ 408.45 ,1.37,, $ 46.93 ,5.14,,,61.23%,,,,,,,,,,,,,,,,,,,,,
4/12/2025,,," $ 6,693.79 "," $ 3,380.74 "," $ 1,113.79 ","$2,199.26"," $ 1,380.39 ",4.85,, $ 782.44 ,4.32,, $ 547.93 ,4.01,, $ 50.02 ,22.27,,,20.62%,,,,,,,,,,,,,,,,,,,,,
4/13/2025,Réactivation posts graines Lasclay et APM 2021-2023,Retour à une audience plus large pour video Lasclay FR. ROAS plus faible en avril (modif date du 1er) qu'en mars," $ 3,327.40 "," $ 1,579.78 ", $ 325.62 ,"$1,422.00"," $ 1,363.00 ",2.44,, $ 733.69 ,2.15,, $ 509.96 ,2.79,, $ 119.35 ,2.73,,,40.96%,,,,,,,,,,,,,,,,,,,,,
4/14/2025,,," $ 3,081.18 "," $ 1,223.60 ", $ 357.55 ,"$1,500.03"," $ 1,053.91 ",2.92,, $ 436.75 ,2.80,, $ 501.17 ,2.99,, $ 115.99 ,3.08,,,34.20%,,,,,,,,,,,,,,,,,,,,,
4/15/2025,,," $ 2,058.82 ", $ 822.39 , $ 189.38 ,"$1,047.05"," $ 1,007.88 ",2.04,, $ 392.32 ,2.10,, $ 513.82 ,2.04,, $ 101.74 ,1.86,,,48.95%,,,,,,,,,,,,,,,,,,,,,
4/16/2025,,," $ 2,594.38 ", $ 933.88 , $ 497.43 ,"$1,163.07"," $ 1,003.80 ",2.58,, $ 383.68 ,2.43,, $ 519.02 ,2.24,, $ 101.10 ,4.92,,,38.69%,,,,,,,,,,,,,,,,,,,,,
4/17/2025,,," $ 1,564.57 ", $ 510.66 , $ 248.03 ,$805.88," $ 1,302.70 ",1.20,, $ 379.23 ,1.35,, $ 819.26 ,0.98,, $ 104.21 ,2.38,,,83.26%,,,,,,,,,,,,,,,,,,,,,
4/18/2025,,," $ 2,218.34 ", $ 651.81 , $ 180.34 ,"$1,386.19"," $ 1,028.05 ",2.16,, $ 381.37 ,1.71,, $ 547.07 ,2.53,, $ 99.61 ,1.81,,,46.34%,,,,,,,,,,,,,,,,,,,,,
4/19/2025,,," $ 2,601.57 "," $ 1,347.67 ", $ 127.74 ,"$1,126.16"," $ 1,298.57 ",2.00,, $ 657.22 ,2.05,, $ 545.22 ,2.07,, $ 96.13 ,1.33,,,49.91%,,,,,,,,,,,,,,,,,,,,,
4/20/2025,,," $ 3,160.77 "," $ 1,120.41 ", $ 237.18 ,"$1,803.18"," $ 1,269.95 ",2.49,, $ 623.42 ,1.80,, $ 533.70 ,3.38,, $ 112.83 ,2.10,,,40.18%,,,,,,,,,,,,,,,,,,,,,
4/21/2025,"Retrait Pub APM printemps et post graines Lasclay. Selon FB, les plus basses performances (moins de 2 ROAS)",," $ 2,804.23 "," $ 1,149.28 ", $ 255.81 ,"$1,399.14"," $ 1,332.90 ",2.10,, $ 543.62 ,2.11,, $ 512.69 ,2.73,, $ 276.59 ,0.92,,,47.53%,,,,,,,,,,,,,,,,,,,,,
4/22/2025,,," $ 2,815.95 "," $ 1,197.83 ", $ 448.26 ,"$1,169.86"," $ 1,242.73 ",2.27,, $ 489.69 ,2.45,, $ 478.29 ,2.45,, $ 274.75 ,1.63,,,44.13%,,,,,,,,,,,,,,,,,,,,,
4/23/2025,,," $ 2,278.63 ", $ 651.96 , $ 454.93 ,"$1,171.74"," $ 1,218.16 ",1.87,, $ 484.31 ,1.35,, $ 463.27 ,2.53,, $ 270.58 ,1.68,,,53.46%,,,,,,,,,,,,,,,,,,,,,
4/24/2025,,," $ 3,124.50 "," $ 1,167.91 ", $ 458.90 ,"$1,497.69"," $ 1,176.16 ",2.66,, $ 409.59 ,2.85,, $ 491.27 ,3.05,, $ 275.30 ,1.67,,,37.64%,,,,,,,,,,,,,,,,,,,,,
4/25/2025,,," $ 2,294.08 ", $ 826.77 , $ 345.97 ,"$1,121.34"," $ 1,232.43 ",1.86,, $ 487.95 ,1.69,, $ 471.38 ,2.38,, $ 273.10 ,1.27,,,53.72%,,,,,,,,,,,,,,,,,,,,,
4/26/2025,Switch avantage + placement et audience pour ROC statique + baisse de budget légère. Si ça fonctionne on pourra garder un budget élevé mais sinon la solution est de garder un budget bas (100$/jour),," $ 2,543.83 ", $ 655.80 , $ 389.65 ,"$1,498.38"," $ 1,471.91 ",1.73,, $ 563.97 ,1.16,, $ 738.02 ,2.03,, $ 169.92 ,2.29,,,57.86%,,,,,,,,,,,,,,,,,,,,,
4/27/2025,Ad set Lasclay FR: Turn off post apm graines 2022 et 2023 + post bombes Lasclay (performent peu) et turn on Advantage+ placements,," $ 3,700.55 ", $ 953.98 , $ 231.74 ,"$2,514.83"," $ 1,858.57 ",1.99,, $ 609.95 ,1.56,, $ 949.34 ,2.65,, $ 299.28 ,0.77,,,50.22%,,,,,,,,,,,,,,,,,,,,,
4/28/2025,,," $ 2,131.76 ", $ 381.90 , $ 371.43 ,"$1,378.43"," $ 1,470.11 ",1.45,, $ 417.93 ,0.91,, $ 918.17 ,1.50,, $ 134.01 ,2.77,,,68.96%,,,,,,,,,,,,,,,,,,,,,
4/29/2025,,," $ 2,183.31 ", $ 630.55 , $ 312.94 ,"$1,239.82"," $ 1,430.20 ",1.53,, $ 404.33 ,1.56,, $ 884.83 ,1.40,, $ 141.04 ,2.22,,,65.51%,,,,,,,,,,,,,,,,,,,,,
4/30/2025,,," $ 2,339.10 ", $ 701.89 , $ 83.99 ,"$1,553.22"," $ 1,376.61 ",1.70,, $ 376.53 ,1.86,, $ 877.01 ,1.77,, $ 123.07 ,0.68,,,58.85%,,,,,,,,,,,,,,,,,,,,,
5/1/2025,,," $ 2,760.42 "," $ 1,046.34 ", $ 283.94 ,"$1,430.14"," $ 1,355.78 ",2.04,, $ 377.67 ,2.77,, $ 865.53 ,1.65,, $ 112.58 ,2.52,,,49.11%,,,,,,,,,,,,,,,,,,,,,
5/2/2025,,," $ 2,384.76 ", $ 562.73 , $ 151.79 ,"$1,670.24"," $ 1,385.94 ",1.72,, $ 380.30 ,1.48,, $ 886.27 ,1.88,, $ 119.37 ,1.27,,,58.12%,,,,,,,,,,,,,,,,,,,,,
5/3/2025, turn off Advantage+ placements partout ou j'avais essayé (posts statiques FR et adsets USA West et Midwest. ,"Changement audience video USA pour une audience super broad (All USA, 22-65+, aucune spec de langue)"," $ 5,090.07 "," $ 2,949.42 ", $ 303.87 ,"$1,836.78"," $ 1,292.91 ",3.94,, $ 368.94 ,7.99,, $ 812.75 ,2.26,, $ 111.22 ,2.73,,,25.40%,,,,,,,,,,,,,,,,,,,,,
5/4/2025,,," $ 2,942.69 "," $ 1,059.34 ", $ 172.55 ,"$1,710.80"," $ 1,543.82 ",1.91,, $ 427.54 ,2.48,, $ 982.78 ,1.74,, $ 133.50 ,1.29,,,52.46%,,,,,,,,,,,,,,,,,,,,,
5/5/2025,,," $ 3,789.67 "," $ 1,688.68 ", $ 192.92 ,"$1,908.07"," $ 1,460.61 ",2.59,, $ 407.16 ,4.15,, $ 922.50 ,2.07,, $ 130.95 ,1.47,,,38.54%,,,,,,,,,,,,,,,,,,,,,
5/6/2025,,," $ 2,261.01 ", $ 598.89 , $ 397.54 ,"$1,264.58"," $ 1,370.73 ",1.65,, $ 375.54 ,1.59,, $ 876.20 ,1.44,, $ 118.99 ,3.34,,,60.62%,,,,,,,,,,,,,,,,,,,,,
5/7/2025,,," $ 3,076.64 "," $ 1,227.66 ", $ 142.63 ,"$1,706.35"," $ 1,266.76 ",2.43,, $ 266.71 ,4.60,, $ 879.06 ,1.94,, $ 120.99 ,1.18,,,41.17%,,,,,,,,,,,,,,,,,,,,,
5/8/2025,,," $ 2,702.44 ", $ 720.79 , $ 211.92 ,"$1,769.73"," $ 1,439.18 ",1.88,, $ 430.38 ,1.67,, $ 881.48 ,2.01,, $ 127.32 ,1.66,,,53.25%,,,,,,,,,,,,,,,,,,,,,
5/9/2025,,," $ 2,306.11 "," $ 1,255.49 ", $ 76.96 ,$973.66," $ 1,517.16 ",1.52,, $ 428.17 ,2.93,, $ 952.40 ,1.02,, $ 136.59 ,0.56,,,65.79%,,,,,,,,,,,,,,,,,,,,,
5/10/2025,,," $ 4,235.09 "," $ 2,066.61 ", $ 617.72 ,"$1,550.76"," $ 1,314.68 ",3.22,, $ 393.56 ,5.25,, $ 814.46 ,1.90,, $ 106.66 ,5.79,,,31.04%,,,,,,,,,,,,,,,,,,,,,
5/11/2025,Awareness Imparfait OFF. Mange tout le budget et je veux tester Meteomedia,Retour de l'audience normale USA 25-65 pour video USA . Ad set West. Changement audience pour top earners. Réactivation post graines original Lasclay et post bombes," $ 3,038.52 "," $ 1,346.00 ", $ 248.57 ,"$1,443.95"," $ 1,588.94 ",1.91,, $ 651.03 ,2.07,, $ 802.95 ,1.80,, $ 134.96 ,1.84,,,52.29%,,,,,,,,,,,,,,,,,,,,,
5/12/2025,,," $ 2,321.03 ", $ 736.96 , $ 390.32 ,"$1,193.75"," $ 1,497.95 ",1.55,, $ 639.25 ,1.15,, $ 653.69 ,1.83,, $ 205.01 ,1.90,,,64.54%,,,,,,,,,,,,,,,,,,,,,
5/13/2025,Désactivation post graines et bombes Lasclay. Prennent tout le budget pour des résultats éxecrables,," $ 2,023.54 "," $ 1,317.91 ", $ 152.56 ,$553.07," $ 1,479.28 ",1.37,, $ 617.34 ,2.13,, $ 654.25 ,0.85,, $ 207.69 ,0.73,,,73.10%,,,,,,,,,,,,,,,,,,,,,
5/14/2025,,," $ 2,753.31 ", $ 941.67 , $ 292.48 ,"$1,519.16"," $ 1,490.49 ",1.85,, $ 615.83 ,1.53,, $ 683.07 ,2.22,, $ 191.59 ,1.53,,,54.13%,,,,,,,,,,,,,,,,,,,,,
5/15/2025,,," $ 2,619.89 "," $ 1,274.56 ", $ 172.91 ,"$1,172.42"," $ 1,490.59 ",1.76,, $ 610.37 ,2.09,, $ 685.26 ,1.71,, $ 194.96 ,0.89,,,56.90%,,,,,,,,,,,,,,,,,,,,,
5/16/2025,,," $ 2,702.10 "," $ 1,008.67 ", $ 307.82 ,"$1,385.61"," $ 1,558.59 ",1.73,, $ 607.05 ,1.66,, $ 752.17 ,1.84,, $ 199.37 ,1.54,,,57.68%,,,,,,,,,,,,,,,,,,,,,
5/17/2025,,," $ 2,276.20 "," $ 1,082.73 ", $ 161.55 ,"$1,031.92"," $ 1,577.23 ",1.44,, $ 612.37 ,1.77,, $ 764.83 ,1.35,, $ 200.03 ,0.81,,,69.29%,,,,,,,,,,,,,,,,,,,,,
5/18/2025,,," $ 3,605.23 ", $ 858.78 , $ 197.75 ,"$2,548.70"," $ 1,700.65 ",2.12,, $ 625.57 ,1.37,, $ 860.20 ,2.96,, $ 214.88 ,0.92,,,47.17%,,,,,,,,,,,,,,,,,,,,,
5/19/2025,Campagne Vidéo FR: tout à off sauf Bombes dynamique,," $ 2,396.36 "," $ 1,199.79 ", $ 301.65 ,$894.92," $ 1,189.81 ",2.01,, $ 395.39 ,3.03,, $ 662.91 ,1.35,, $ 131.51 ,2.29,,,49.65%,,,,,,,,,,,,,,,,,,,,,
5/20/2025,,," $ 2,290.16 "," $ 1,249.85 ", $ 342.79 ,$697.52," $ 1,155.40 ",1.98,, $ 393.00 ,3.18,, $ 637.28 ,1.09,, $ 125.12 ,2.74,,,50.45%,,,,,,,,,,,,,,,,,,,,,
5/21/2025,Réactivation vidéos FR,"Désactivation POST fr WW2, on laisse seulement météomedia"," $ 1,724.03 ", $ 561.49 , $ 235.96 ,$926.58," $ 1,159.39 ",1.49,, $ 412.99 ,1.36,, $ 626.31 ,1.48,, $ 120.09 ,1.96,,,67.25%,,,,,,,,,,,,,,,,,,,,,
5/22/2025,,," $ 1,164.16 ", $ 268.91 , $ 96.66 ,$798.59," $ 1,190.14 ",0.98,, $ 427.13 ,0.63,, $ 641.89 ,1.24,, $ 121.12 ,0.80,,,102.23%,,,,,,,,,,,,,,,,,,,,,
5/23/2025,"Désactivation avantage placements QC statique.  Campagne Vidéo FR: tout à off sauf Bombes dynamique Voir journées du 18 et 19 mai. ROAS de 3 et ça a été les 2 seules journées où tout le budget a été mis là. Journée suivante, presque aucun budget dessus, tout allait ailleurs et le résultat parle de lui-même.",Edit audience + placements ROC (remove avantage audience et remove placements autres que fb feed)," $ 1,711.78 ", $ 300.20 , $ 195.71 ,"$1,215.87"," $ 1,214.77 ",1.41,, $ 382.03 ,0.79,, $ 711.25 ,1.71,, $ 121.49 ,1.61,,,70.97%,,,,,,,,,,,,,,,,,,,,,
5/24/2025,Vidéo FB QC off (p-e compétition entre ad sets vu que c'est la même audience),," $ 2,629.66 ", $ 230.62 , $ 575.86 ,"$1,823.18"," $ 1,119.02 ",2.35,, $ 262.51 ,0.88,, $ 733.91 ,2.48,, $ 122.60 ,4.70,,,42.55%,,,,,,,,,,,,,,,,,,,,,
5/25/2025,,," $ 1,539.62 ", $ 303.23 , $ 173.83 ,"$1,062.56"," $ 1,227.87 ",1.25,, $ 226.03 ,1.34,, $ 852.15 ,1.25,, $ 149.69 ,1.16,,,79.75%,,,,,,,,,,,,,,,,,,,,,
5/26/2025,Statique FR performe pas extra. Je turn off et je réactive Video FR pour comparer les 2 en individuel. Seul le ad set bombe dynamique roule,," $ 2,164.93 ", $ 556.92 , $ 349.29 ,"$1,258.72"," $ 1,206.67 ",1.79,, $ 260.15 ,2.14,, $ 821.31 ,1.53,, $ 125.21 ,2.79,,,55.74%,,,,,,,,,,,,,,,,,,,,,
5/27/2025,,," $ 1,285.27 ", $ 201.99 , $ 232.96 ,$850.32," $ 1,034.30 ",1.24,, $ 225.25 ,0.90,, $ 684.56 ,1.24,, $ 124.49 ,1.87,,,80.47%,,,,,,,,,,,,,,,,,,,,,
5/28/2025,,," $ 2,119.42 ", $ 300.92 , $ 191.47 ,"$1,627.03"," $ 1,034.35 ",2.05,, $ 176.95 ,1.70,, $ 740.30 ,2.20,, $ 117.10 ,1.64,,,48.80%,,,,,,,,,,,,,,,,,,,,,
5/29/2025,Fusion Ad sets statiques Northeast + West,," $ 1,585.98 ", $ 309.79 , $ 172.83 ,"$1,103.36"," $ 1,023.12 ",1.55,, $ 204.90 ,1.51,, $ 702.63 ,1.57,, $ 115.59 ,1.50,,,64.51%,,,,,,,,,,,,,,,,,,,,,
5/30/2025,Turn off Campagne plantation QC. Démarrage campagne textile été,," $ 1,190.25 ", $ 117.93 , $ 129.95 ,$942.37, $ 980.34 ,1.21,, $ 203.82 ,0.58,, $ 656.38 ,1.44,, $ 120.14 ,1.08,,,82.36%,,,,,,,,,,,,,,,,,,,,,
5/31/2025,Lancement manteaux ,," $ 2,718.58 "," $ 1,392.82 ", $ 50.86 ,"$1,274.90", $ 733.51 ,3.71,, $ 36.02 ,38.67,, $ 576.33 ,2.21,, $ 121.16 ,0.42,,,26.98%,,,,,,,,,,,,,,,,,,,,,
6/1/2025,,," $ 2,005.39 ", $ 346.15 , $ 56.00 ,"$1,603.24", $ 838.11 ,2.39,, $ 53.89 ,6.42,, $ 645.40 ,2.48,, $ 138.82 ,0.40,,,41.79%,,,,,,,,,,,,,,,,,,,,,
6/2/2025,,," $ 2,572.29 ", $ 960.88 , $ 246.83 ,"$1,364.58", $ 732.57 ,3.51,, $ 47.86 ,20.08,, $ 561.95 ,2.43,, $ 122.76 ,2.01,,,28.48%,,,,,,,,,,,,,,,,,,,,,
6/3/2025,,," $ 1,860.18 ", $ 251.85 , $ 311.57 ,"$1,296.76", $ 903.49 ,2.06,, $ 130.93 ,1.92,, $ 647.72 ,2.00,, $ 124.84 ,2.50,,,48.57%,,,,,,,,,,,,,,,,,,,,,
6/4/2025,,," $ 1,989.73 ", $ 936.72 , $ 181.56 ,$871.45," $ 1,080.57 ",1.84,, $ 305.39 ,3.07,, $ 651.78 ,1.34,, $ 123.40 ,1.47,,,54.31%,,,,,,,,,,,,,,,,,,,,,
6/5/2025,,," $ 2,255.38 "," $ 1,609.59 ", $ 128.95 ,$516.84," $ 1,099.07 ",2.05,, $ 347.34 ,4.63,, $ 633.73 ,0.82,, $ 118.00 ,1.09,,,48.73%,,,,,,,,,,,,,,,,,,,,,
6/6/2025,,, $ 776.82 , $ 382.79 , $ 145.66 ,$248.37," $ 1,084.68 ",0.72,, $ 297.73 ,1.29,, $ 660.86 ,0.38,, $ 126.09 ,1.16,,,139.63%,,,,,,,,,,,,,,,,,,,,,
6/7/2025,,," $ 2,895.85 "," $ 2,332.85 ", $ 24.00 ,$539.00, $ 997.75 ,2.90,, $ 247.70 ,9.42,, $ 628.99 ,0.86,, $ 121.06 ,0.20,,,34.45%,,,,,,,,,,,,,,,,,,,,,
6/8/2025,,," $ 2,341.93 "," $ 1,641.30 ", $ 257.09 ,$443.54," $ 1,096.24 ",2.14,, $ 242.80 ,6.76,, $ 712.94 ,0.62,, $ 140.50 ,1.83,,,46.81%,,,,,,,,,,,,,,,,,,,,,
6/9/2025,,," $ 1,245.53 ", $ 609.31 , $ 95.20 ,$541.02," $ 1,081.42 ",1.15,, $ 277.72 ,2.19,, $ 677.94 ,0.80,, $ 125.76 ,0.76,,,86.82%,,,,,,,,,,,,,,,,,,,,,
6/10/2025,,," $ 2,500.78 "," $ 1,370.75 ", $ 88.32 ,"$1,041.71"," $ 1,055.43 ",2.37,, $ 291.94 ,4.70,, $ 639.39 ,1.63,, $ 124.10 ,0.71,,,42.20%,,,,,,,,,,,,,,,,,,,,,
6/11/2025,,," $ 1,521.66 ", $ 656.30 , $ 17.49 ,$847.87," $ 1,046.64 ",1.45,, $ 291.84 ,2.25,, $ 632.14 ,1.34,, $ 122.66 ,0.14,,,68.78%,,,,,,,,,,,,,,,,,,,,,
6/12/2025,,," $ 1,593.19 ", $ 656.90 , $ 82.48 ,$853.81," $ 1,032.10 ",1.54,, $ 284.60 ,2.31,, $ 629.33 ,1.36,, $ 118.17 ,0.70,,,64.78%,,,,,,,,,,,,,,,,,,,,,
6/13/2025,,," $ 1,972.05 "," $ 1,073.92 ", $ 184.44 ,$713.69," $ 1,059.31 ",1.86,, $ 303.96 ,3.53,, $ 640.33 ,1.11,, $ 115.02 ,1.60,,,53.72%,,,,,,,,,,,,,,,,,,,,,
6/14/2025,,," $ 2,005.49 ", $ 539.36 , $ 79.23 ,"$1,386.90", $ 949.58 ,2.11,, $ 297.44 ,1.81,, $ 652.14 ,2.13,, $ -   ,#DIV/0!,,,47.35%,,,,,,,,,,,,,,,,,,,,,
6/15/2025,,," $ 1,309.72 ", $ 695.34 , $ -   ,$614.38, $ 830.11 ,1.58,, $ 323.67 ,2.15,, $ 506.44 ,1.21,, $ -   ,#DIV/0!,,,63.38%,,,,,,,,,,,,,,,,,,,,,
6/16/2025,,, $ 681.65 , $ (89.57), $ 107.01 ,$664.21, $ 924.69 ,0.74,, $ 387.72 ,-0.23,, $ 536.97 ,1.24,, $ -   ,#DIV/0!,,,135.65%,,,,,,,,,,,,,,,,,,,,,
6/17/2025,Lancement pub fin saison bombes USA,," $ 1,410.59 ", $ 727.21 , $ 39.96 ,$643.42, $ 947.88 ,1.49,, $ 387.45 ,1.88,, $ 560.43 ,1.15,, $ -   ,#DIV/0!,,,67.20%,,,,,,,,,,,,,,,,,,,,,
6/18/2025,,," $ 1,210.65 ", $ 272.24 , $ (30.00),$968.41," $ 1,010.61 ",1.20,, $ 367.93 ,0.74,, $ 642.68 ,1.51,, $ -   ,#DIV/0!,,,83.48%,,,,,,,,,,,,,,,,,,,,,
6/19/2025,,," $ 1,380.15 ", $ 665.71 , $ 47.97 ,$666.47," $ 1,029.64 ",1.34,, $ 389.17 ,1.71,, $ 640.47 ,1.04,, $ -   ,#DIV/0!,,,74.60%,,,,,,,,,,,,,,,,,,,,,
6/20/2025,USA Turn off static ads sauf fin de saison. turn off video sauf bombs,," $ 1,462.23 ", $ 648.51 , $ 52.69 ,$761.03," $ 1,007.22 ",1.45,, $ 396.93 ,1.63,, $ 610.29 ,1.25,, $ -   ,,,,68.88%,,,,,,,,,,,,,,,,,,,,,
6/21/2025,,," $ 2,685.97 ", $ 854.70 , $ 194.84 ,"$1,636.43"," $ 1,086.39 ",2.47,, $ 405.97 ,2.11,, $ 680.42 ,2.41,, $ -   ,,,,40.45%,,,,,,,,,,,,,,,,,,,,,
6/22/2025,,," $ 1,615.90 ", $ 542.79 , $ -   ,"$1,073.11"," $ 1,109.54 ",1.46,, $ 427.89 ,1.27,, $ 681.65 ,1.57,, $ -   ,,,,68.66%,,,,,,,,,,,,,,,,,,,,,
6/23/2025,Nouvelle pub statique glacières,," $ 2,215.40 "," $ 1,145.24 ", $ 49.99 ,"$1,020.17"," $ 1,062.70 ",2.08,, $ 406.80 ,2.82,, $ 655.90 ,1.56,, $ -   ,,,,47.97%,,,,,,,,,,,,,,,,,,,,,
6/24/2025,,," $ 1,688.53 ", $ 972.60 , $ 71.98 ,$643.95, $ 988.42 ,1.71,, $ 364.68 ,2.67,, $ 623.74 ,1.03,, $ -   ,,,,58.54%,,,,,,,,,,,,,,,,,,,,,
6/25/2025,,," $ 1,506.23 ", $ 739.52 , $ (56.00),$822.71," $ 1,001.78 ",1.50,, $ 369.98 ,2.00,, $ 631.80 ,1.30,, $ -   ,,,,66.51%,,,,,,,,,,,,,,,,,,,,,
6/26/2025,,," $ 2,201.42 "," $ 1,346.97 ", $ 72.48 ,$781.97, $ 993.23 ,2.22,, $ 363.27 ,3.71,, $ 629.96 ,1.24,, $ -   ,,,,45.12%,,,,,,,,,,,,,,,,,,,,,
6/27/2025,Nouvelle pub statique sacs vin,," $ 2,371.80 "," $ 1,203.61 ", $ 99.47 ,"$1,068.72", $ 999.80 ,2.37,, $ 367.74 ,3.27,, $ 632.06 ,1.69,, $ -   ,,,,42.15%,,,,,,,,,,,,,,,,,,,,,
6/28/2025,,," $ 2,282.13 "," $ 1,461.68 ", $ -   ,$820.45," $ 1,030.22 ",2.22,, $ 371.55 ,3.93,, $ 658.67 ,1.25,, $ -   ,,,,45.14%,,,,,,,,,,,,,,,,,,,,,
6/29/2025,,," $ 1,071.60 ", $ 564.87 , $ 139.97 ,$366.76, $ 854.62 ,1.25,, $ 398.17 ,1.42,, $ 456.45 ,0.80,, $ -   ,,,,79.75%,,,,,,,,,,,,,,,,,,,,,
6/30/2025,,," $ 2,656.31 "," $ 1,375.14 ", $ -   ,"$1,281.17", $ 884.47 ,3.00,, $ 380.54 ,3.61,, $ 503.93 ,2.54,, $ -   ,,,,33.30%,,,,,,,,,,,,,,,,,,,,,
7/1/2025,,," $ 1,539.36 ", $ 789.56 , $ -   ,$749.80, $ 950.81 ,1.62,, $ 363.66 ,2.17,, $ 587.15 ,1.28,, $ -   ,,,,61.77%,,,,,,,,,,,,,,,,,,,,,
7/2/2025,Vidéo USA off,," $ 1,280.07 ", $ 673.76 , $ 19.99 ,$586.32, $ 873.79 ,1.46,, $ 380.94 ,1.77,, $ 492.85 ,1.19,,,,,,68.26%,,,,,,,,,,,,,,,,,,,,,
7/3/2025,,," $ 1,545.21 "," $ 1,251.16 ", $ 138.97 ,$155.08, $ 915.66 ,1.69,, $ 469.99 ,2.66,, $ 445.67 ,0.35,,,,,,59.26%,,,,,,,,,,,,,,,,,,,,,
7/4/2025,Vidéo USA back on (statique ne performe pas,," $ 2,708.60 "," $ 1,848.04 ", $ 53.95 ,$806.61, $ 984.34 ,2.75,, $ 473.34 ,3.90,, $ 511.00 ,1.58,,,,,,36.34%,,,,,,,,,,,,,,,,,,,,,
7/5/2025,,," $ 1,195.50 ", $ 788.28 , $ 9.99 ,$397.23," $ 1,007.86 ",1.19,, $ 462.53 ,1.70,, $ 545.33 ,0.73,,,,,,84.30%,,,,,,,,,,,,,,,,,,,,,
7/6/2025,Pub assises et manchons off (low ROAS),," $ 1,797.16 "," $ 1,253.23 ", $ 5.50 ,$538.43," $ 1,106.19 ",1.62,, $ 496.11 ,2.53,, $ 610.08 ,0.88,,,,,,61.55%,,,,,,,,,,,,,,,,,,,,,
7/7/2025,,," $ 1,648.30 ", $ 892.81 , $ -   ,$755.49," $ 1,071.05 ",1.54,, $ 485.89 ,1.84,, $ 585.16 ,1.29,,,,,,64.98%,,,,,,,,,,,,,,,,,,,,,
7/8/2025,Engagement courriel + ww2 USA off,USA garden off. Quebec plantation off, $ 763.19 , $ 571.88 , $ 16.50 ,$174.81, $ 742.82 ,1.03,, $ 437.57 ,1.31,, $ 305.25 ,0.57,,,,,,97.33%,,,,,,,,,,,,,,,,,,,,,
7/9/2025,,," $ 1,055.56 ", $ 960.81 , $ -   ,$94.75, $ 443.68 ,2.38,, $ 443.68 ,2.17,, $ -   ,#DIV/0!,,,,,,42.03%,,,,,,,,,,,,,,,,,,,,,
7/10/2025,,," $ 1,312.62 "," $ 1,218.13 ", $ 110.95 ,-$16.46, $ 439.56 ,2.99,, $ 439.56 ,2.77,, $ -   ,#DIV/0!,,,,,,33.49%,,,,,,,,,,,,,,,,,,,,,
7/11/2025,,," $ 1,035.82 "," $ 1,035.82 ", $ -   ,$0.00, $ 456.47 ,2.27,, $ 456.47 ,2.27,, $ -   ,#DIV/0!,,,,,,44.07%,,,,,,,,,,,,,,,,,,,,,
7/12/2025,,," $ 1,796.58 "," $ 1,716.01 ", $ -   ,$80.57, $ 453.91 ,3.96,, $ 453.91 ,3.78,, $ -   ,#DIV/0!,,,,,,25.27%,,,,,,,,,,,,,,,,,,,,,
7/13/2025,,," $ 1,825.64 "," $ 1,809.20 ", $ -   ,$16.44, $ 462.93 ,3.94,, $ 462.93 ,3.91,, $ -   ,#DIV/0!,,,,,,25.36%,,,,,,,,,,,,,,,,,,,,,
7/14/2025,,," $ 1,292.05 "," $ 1,212.40 ", $ 74.95 ,$4.70, $ 461.65 ,2.80,, $ 461.65 ,2.63,, $ -   ,#DIV/0!,,,,,,35.73%,,,,,,,,,,,,,,,,,,,,,
7/15/2025,,, $ 827.14 , $ 768.25 , $ -   ,$58.89, $ 452.13 ,1.83,, $ 452.13 ,1.70,, $ -   ,#DIV/0!,,,,,,54.66%,,,,,,,,,,,,,,,,,,,,,
7/16/2025,,, $ 661.30 , $ 707.72 , $ -   ,-$46.42, $ 439.61 ,1.50,, $ 439.61 ,1.61,, $ -   ,#DIV/0!,,,,,,66.48%,,,,,,,,,,,,,,,,,,,,,
7/17/2025,,," $ 1,479.06 "," $ 1,297.66 ", $ 164.97 ,$16.43, $ 442.60 ,3.34,, $ 442.60 ,2.93,, $ -   ,#DIV/0!,,,,,,29.92%,,,,,,,,,,,,,,,,,,,,,
7/18/2025,,, $ 842.08 , $ 842.08 , $ -   ,$0.00, $ 437.58 ,1.92,, $ 437.58 ,1.92,, $ -   ,#DIV/0!,,,,,,51.96%,,,,,,,,,,,,,,,,,,,,,
7/19/2025,,," $ 1,310.15 ", $ 794.52 , $ 197.20 ,$318.43, $ 453.02 ,2.89,, $ 453.02 ,1.75,, $ -   ,#DIV/0!,,,,,,34.58%,,,,,,,,,,,,,,,,,,,,,
7/20/2025,,," $ 1,320.72 "," $ 1,248.72 ", $ 72.00 ,$0.00, $ 473.16 ,2.79,, $ 473.16 ,2.64,, $ -   ,#DIV/0!,,,,,,35.83%,,,,,,,,,,,,,,,,,,,,,
7/21/2025,,," $ 1,010.57 "," $ 1,103.39 ", $ -   ,-$92.82, $ 462.95 ,2.18,, $ 462.95 ,2.38,, $ -   ,#DIV/0!,,,,,,45.81%,,,,,,,,,,,,,,,,,,,,,
7/22/2025,,," $ 1,593.83 "," $ 1,542.16 ", $ -   ,$51.67, $ 450.39 ,3.54,, $ 450.39 ,3.42,, $ -   ,#DIV/0!,,,,,,28.26%,,,,,,,,,,,,,,,,,,,,,
7/23/2025,,, $ 576.82 , $ 576.82 , $ -   ,$0.00, $ 441.25 ,1.31,, $ 441.25 ,1.31,, $ -   ,#DIV/0!,,,,,,76.50%,,,,,,,,,,,,,,,,,,,,,
7/24/2025,,, $ 731.31 , $ 671.31 , $ -   ,$60.00, $ 425.63 ,1.72,, $ 425.63 ,1.58,, $ -   ,#DIV/0!,,,,,,58.20%,,,,,,,,,,,,,,,,,,,,,
7/25/2025,,," $ 1,014.20 "," $ 1,014.20 ", $ -   ,$0.00, $ 394.03 ,2.57,, $ 394.03 ,2.57,, $ -   ,#DIV/0!,,,,,,38.85%,,,,,,,,,,,,,,,,,,,,,
7/26/2025,,, $ 776.16 , $ 603.41 , $ 89.99 ,$82.76, $ 367.96 ,2.11,, $ 367.96 ,1.64,, $ -   ,#DIV/0!,,,,,,47.41%,,,,,,,,,,,,,,,,,,,,,
7/27/2025,,, $ 842.72 , $ 815.32 , $ -   ,$27.40, $ 344.76 ,2.44,, $ 344.76 ,2.36,, $ -   ,#DIV/0!,,,,,,40.91%,,,,,,,,,,,,,,,,,,,,,
7/28/2025,,," $ 1,051.85 ", $ 801.86 , $ 249.99 ,$0.00, $ 293.79 ,3.58,, $ 293.79 ,2.73,, $ -   ,#DIV/0!,,,,,,27.93%,,,,,,,,,,,,,,,,,,,,,
7/29/2025,,, $ 862.52 , $ 862.52 , $ -   ,$0.00, $ 256.48 ,3.36,, $ 256.48 ,3.36,, $ -   ,#DIV/0!,,,,,,29.74%,,,,,,,,,,,,,,,,,,,,,
7/30/2025,,, $ 891.52 , $ 891.52 , $ -   ,$0.00, $ 283.58 ,3.14,, $ 283.58 ,3.14,, $ -   ,#DIV/0!,,,,,,31.81%,,,,,,,,,,,,,,,,,,,,,
7/31/2025,,, $ 768.78 , $ 768.78 , $ -   ,$0.00, $ 358.25 ,2.15,, $ 358.25 ,2.15,, $ -   ,#DIV/0!,,,,,,46.60%,,,,,,,,,,,,,,,,,,,,,
8/1/2025,,, $ 655.08 , $ 645.42 , $ -   ,$9.66, $ 54.60 ,12.00,, $ 54.60 ,11.82,, $ -   ,#DIV/0!,,,,,,8.33%,,,,,,,,,,,,,,,,,,,,,
8/2/2025,,," $ 1,212.92 "," $ 1,212.92 ", $ -   ,$0.00, $ 42.79 ,28.35,, $ 42.79 ,28.35,, $ -   ,#DIV/0!,,,,,,3.53%,,,,,,,,,,,,,,,,,,,,,
8/3/2025,,, $ 832.83 , $ 832.83 , $ -   ,$0.00, $ 56.74 ,14.68,, $ 56.74 ,14.68,, $ -   ,#DIV/0!,,,,,,6.81%,,,,,,,,,,,,,,,,,,,,,
8/4/2025,,, $ 338.84 , $ 338.84 , $ -   ,$0.00, $ 48.78 ,6.95,, $ 48.78 ,6.95,, $ -   ,#DIV/0!,,,,,,14.40%,,,,,,,,,,,,,,,,,,,,,
8/5/2025,,, $ 344.95 , $ 344.95 , $ -   ,$0.00, $ 90.40 ,3.82,, $ 90.40 ,3.82,, $ -   ,#DIV/0!,,,,,,26.21%,,,,,,,,,,,,,,,,,,,,,
8/6/2025,,, $ 549.97 , $ 568.17 , $ -   ,-$18.20, $ 92.21 ,5.96,, $ 92.21 ,6.16,, $ -   ,#DIV/0!,,,,,,16.77%,,,,,,,,,,,,,,,,,,,,,
8/7/2025,,, $ 308.57 , $ 308.57 , $ -   ,$0.00, $ 95.76 ,3.22,, $ 95.76 ,3.22,, $ -   ,#DIV/0!,,,,,,31.03%,,,,,,,,,,,,,,,,,,,,,
8/8/2025,,, $ 456.90 , $ 456.90 , $ -   ,$0.00, $ 92.98 ,4.91,, $ 92.98 ,4.91,, $ -   ,#DIV/0!,,,,,,20.35%,,,,,,,,,,,,,,,,,,,,,
8/9/2025,,, $ 304.93 , $ 204.95 , $ 99.98 ,$0.00, $ 99.08 ,3.08,, $ 99.08 ,2.07,, $ -   ,#DIV/0!,,,,,,32.49%,,,,,,,,,,,,,,,,,,,,,
8/10/2025,,, $ 482.13 , $ 482.13 , $ -   ,$0.00, $ 110.67 ,4.36,, $ 110.67 ,4.36,, $ -   ,#DIV/0!,,,,,,22.95%,,,,,,,,,,,,,,,,,,,,,
8/11/2025,,, $ 442.29 , $ 420.93 , $ -   ,$21.36, $ 135.87 ,3.26,, $ 135.87 ,3.10,, $ -   ,#DIV/0!,,,,,,30.72%,,,,,,,,,,,,,,,,,,,,,
8/12/2025,,, $ -   , $ -   , $ -   ,$0.00, $ 136.22 ,0.00,, $ 136.22 ,0.00,, $ -   ,#DIV/0!,,,,,,#DIV/0!,,,,,,,,,,,,,,,,,,,,,
8/13/2025,,, $ 519.91 , $ 519.91 , $ -   ,$0.00, $ 146.69 ,3.54,, $ 146.69 ,3.54,, $ -   ,#DIV/0!,,,,,,28.21%,,,,,,,,,,,,,,,,,,,,,
8/14/2025,,, $ 586.37 , $ 586.37 , $ -   ,$0.00, $ 146.50 ,4.00,, $ 146.50 ,4.00,, $ -   ,#DIV/0!,,,,,,24.98%,,,,,,,,,,,,,,,,,,,,,
8/15/2025,,, $ 583.70 , $ 567.13 , $ -   ,$16.57, $ 150.17 ,3.89,, $ 150.17 ,3.78,, $ -   ,#DIV/0!,,,,,,25.73%,,,,,,,,,,,,,,,,,,,,,
8/16/2025,,," $ 1,076.75 "," $ 1,076.75 ", $ -   ,$0.00, $ 154.71 ,6.96,, $ 154.71 ,6.96,, $ -   ,#DIV/0!,,,,,,14.37%,,,,,,,,,,,,,,,,,,,,,
8/17/2025,,, $ 838.45 , $ 810.82 , $ -   ,$27.63, $ 162.77 ,5.15,, $ 162.77 ,4.98,, $ -   ,#DIV/0!,,,,,,19.41%,,,,,,,,,,,,,,,,,,,,,
8/18/2025,,, $ 346.89 , $ 236.91 , $ 109.98 ,$0.00, $ 182.81 ,1.90,, $ 172.30 ,1.37,, $ 10.51 ,0.00,,,,,,52.70%,,,,,,,,,,,,,,,,,,,,,
8/19/2025,,, $ 757.85 , $ 600.80 , $ -   ,$157.05, $ 207.50 ,3.65,, $ 186.93 ,3.21,, $ 20.57 ,7.63,,,,,,27.38%,,,,,,,,,,,,,,,,,,,,,
8/20/2025,,, $ 517.11 , $ 377.39 , $ -   ,$139.72, $ 172.40 ,3.00,, $ 153.67 ,2.46,, $ 18.73 ,7.46,,,,,,33.34%,,,,,,,,,,,,,,,,,,,,,
8/21/2025,,, $ 997.16 , $ 738.63 , $ -   ,$258.53, $ 191.69 ,5.20,, $ 157.83 ,4.68,, $ 33.86 ,7.64,,,,,,19.22%,,,,,,,,,,,,,,,,,,,,,
8/22/2025,,," $ 1,404.78 ", $ 805.11 , $ 114.99 ,$484.68, $ 253.44 ,5.54,, $ 158.21 ,5.09,, $ 95.23 ,5.09,,,,,,18.04%,,,,,,,,,,,,,,,,,,,,,
8/23/2025,,, $ 692.80 , $ 254.96 , $ -   ,$437.84, $ 243.39 ,2.85,, $ 157.16 ,1.62,, $ 86.23 ,5.08,,,,,,35.13%,,,,,,,,,,,,,,,,,,,,,
8/24/2025,,, $ 901.93 , $ 697.89 , $ 174.98 ,$29.06, $ 272.82 ,3.31,, $ 184.53 ,3.78,, $ 88.29 ,0.33,,,,,,30.25%,,,,,,,,,,,,,,,,,,,,,
8/25/2025,,, $ 293.17 , $ 131.26 , $ -   ,$161.91, $ 193.41 ,1.52,, $ 140.69 ,0.93,, $ 52.72 ,3.07,,,,,,65.97%,,,,,,,,,,,,,,,,,,,,,
8/26/2025,,," $ 1,558.02 "," $ 1,101.88 ", $ -   ,$456.14, $ 299.01 ,5.21,, $ 201.52 ,5.47,, $ 97.49 ,4.68,,,,,,19.19%,,,,,,,,,,,,,,,,,,,,,
8/27/2025,,, $ 467.25 , $ 109.98 , $ -   ,$357.27, $ 296.65 ,1.58,, $ 176.05 ,0.62,, $ 120.60 ,2.96,,,,,,63.49%,,,,,,,,,,,,,,,,,,,,,
8/28/2025,,, $ 794.04 , $ 441.38 , $ -   ,$352.66, $ 269.20 ,2.95,, $ 163.89 ,2.69,, $ 105.31 ,3.35,,,,,,33.90%,,,,,,,,,,,,,,,,,,,,,
8/29/2025,,," $ 1,304.04 ", $ 584.94 , $ -   ,$719.10, $ 269.07 ,4.85,, $ 152.72 ,3.83,, $ 116.35 ,6.18,,,,,,20.63%,,,,,,,,,,,,,,,,,,,,,
8/30/2025,,," $ 3,491.81 "," $ 1,505.17 ", $ 151.96 ,"$1,834.68", $ 311.15 ,11.22,, $ 161.15 ,9.34,, $ 150.00 ,12.23,,,,,,8.91%,,,,,,,,,,,,,,,,,,,,,
8/31/2025,,," $ 1,728.08 ", $ 475.34 , $ 114.99 ,"$1,137.75", $ 368.88 ,4.68,, $ 215.29 ,2.21,, $ 153.59 ,7.41,,,,,,21.35%,,,,,,,,,,,,,,,,,,,,,
9/1/2025,,," $ 1,344.50 ", $ 637.35 , $ -   ,$707.15, $ 327.81 ,4.10,, $ 209.46 ,3.04,, $ 118.35 ,5.98,,,,,,24.38%,,,,,,,,,,,,,,,,,,,,,
9/2/2025,,," $ 1,073.25 ", $ 564.87 , $ 20.97 ,$487.41, $ 291.09 ,3.69,, $ 189.45 ,2.98,, $ 101.64 ,4.80,,,,,,27.12%,,,,,,,,,,,,,,,,,,,,,
9/3/2025,,," $ 1,430.34 ", $ 663.82 , $ 54.99 ,$711.53, $ 370.62 ,3.86,, $ 203.24 ,3.27,, $ 167.38 ,4.25,,,,,,25.91%,,,,,,,,,,,,,,,,,,,,,
9/4/2025,,," $ 1,959.28 ", $ 573.91 , $ 266.31 ,"$1,119.06", $ 449.49 ,4.36,, $ 165.50 ,3.47,, $ 283.99 ,3.94,,,,,,22.94%,,,,,,,,,,,,,,,,,,,,,
9/5/2025,,," $ 1,488.02 ", $ 673.79 , $ 239.38 ,$574.85, $ 427.36 ,3.48,, $ 147.64 ,4.56,, $ 279.72 ,2.06,,,,,,28.72%,,,,,,,,,,,,,,,,,,,,,
9/6/2025,,," $ 2,822.36 "," $ 1,024.76 ", $ 305.71 ,"$1,491.89", $ 571.38 ,4.94,, $ 147.58 ,6.94,, $ 423.80 ,3.52,,,,,,20.24%,,,,,,,,,,,,,,,,,,,,,
9/7/2025,,," $ 2,034.74 ", $ 586.78 , $ 137.54 ,"$1,310.42", $ 509.47 ,3.99,, $ 173.60 ,3.38,, $ 335.87 ,3.90,,,,,,25.04%,,,,,,,,,,,,,,,,,,,,,
9/8/2025,,," $ 1,870.83 ", $ 682.89 , $ 142.56 ,"$1,045.38", $ 420.81 ,4.45,, $ 142.50 ,4.79,, $ 278.31 ,3.76,,,,,,22.49%,,,,,,,,,,,,,,,,,,,,,
9/9/2025,,," $ 1,423.84 ", $ 194.96 , $ 299.91 ,$928.97, $ 417.20 ,3.41,, $ 154.61 ,1.26,, $ 262.59 ,3.54,,,,,,29.30%,,,,,,,,,,,,,,,,,,,,,
9/10/2025,,," $ 1,738.75 ", $ 646.97 , $ 96.57 ,$995.21, $ 476.36 ,3.65,, $ 145.98 ,4.43,, $ 330.38 ,3.01,,,,,,27.40%,,,,,,,,,,,,,,,,,,,,,
9/11/2025,,," $ 1,692.12 ", $ 645.85 , $ 54.34 ,$991.93, $ 470.21 ,3.60,, $ 142.52 ,4.53,, $ 327.69 ,3.03,,,,,,27.79%,,,,,,,,,,,,,,,,,,,,,
9/12/2025,,," $ 2,377.86 "," $ 1,070.36 ", $ 108.94 ,"$1,198.56", $ 516.16 ,4.61,, $ 172.38 ,6.21,, $ 343.78 ,3.49,,,,,,21.71%,,,,,,,,,,,,,,,,,,,,,
9/13/2025,,," $ 37,216.84 "," $ 31,820.87 "," $ 2,062.13 ","$3,333.84", $ 533.25 ,69.79,, $ 181.85 ,174.98,, $ 351.40 ,9.49,,,,,,1.43%,,,,,,,,,,,,,,,,,,,,,
9/14/2025,,," $ 3,649.83 "," $ 2,471.84 ", $ 330.14 ,$847.85, $ 624.40 ,5.85,, $ 198.95 ,12.42,, $ 425.45 ,1.99,,,,,,17.11%,,,,,,,,,,,,,,,,,,,,,
9/15/2025,,," $ 1,437.77 ", $ 340.58 , $ 142.50 ,$954.69, $ 534.69 ,2.69,, $ 163.17 ,2.09,, $ 371.52 ,2.57,,,,,,37.19%,,,,,,,,,,,,,,,,,,,,,
9/16/2025,,," $ 1,920.28 ", $ 833.90 , $ 85.15 ,"$1,001.23", $ 505.03 ,3.80,, $ 137.62 ,6.06,, $ 367.41 ,2.73,,,,,,26.30%,,,,,,,,,,,,,,,,,,,,,
9/17/2025,,," $ 1,518.92 ", $ 129.23 , $ 178.34 ,"$1,211.35", $ 483.93 ,3.14,, $ 119.99 ,1.08,, $ 363.94 ,3.33,,,,,,31.86%,,,,,,,,,,,,,,,,,,,,,
9/18/2025,,," $ 2,423.92 "," $ 1,946.85 ", $ 51.49 ,$425.58, $ 430.35 ,5.63,, $ 103.45 ,18.82,, $ 326.90 ,1.30,,,,,,17.75%,,,,,,,,,,,,,,,,,,,,,
9/19/2025,,," $ 1,516.37 ", $ 671.94 , $ 6.40 ,$838.03, $ 631.65 ,2.40,, $ 205.22 ,3.27,, $ 426.43 ,1.97,,,,,,41.66%,,,,,,,,,,,,,,,,,,,,,
9/20/2025,,," $ 1,852.29 "," $ 1,105.24 ", $ -   ,$747.05, $ 610.95 ,3.03,, $ 199.37 ,5.54,, $ 411.58 ,1.82,,,,,,32.98%,,,,,,,,,,,,,,,,,,,,,
9/21/2025,,," $ 2,442.26 "," $ 1,352.50 ", $ 164.19 ,$925.57, $ 583.74 ,4.18,, $ 185.38 ,7.30,, $ 398.36 ,2.32,,,,,,23.90%,,,,,,,,,,,,,,,,,,,,,
9/22/2025,,," $ 2,208.97 "," $ 1,296.80 ", $ -   ,$912.17, $ 467.71 ,4.72,, $ 179.61 ,7.22,, $ 288.10 ,3.17,,,,,,21.17%,,,,,,,,,,,,,,,,,,,,,
9/23/2025,,," $ 1,036.48 ", $ 579.88 , $ -   ,$456.60, $ 427.35 ,2.43,, $ 164.13 ,3.53,, $ 263.22 ,1.73,,,,,,41.23%,,,,,,,,,,,,,,,,,,,,,
9/24/2025,,," $ 2,408.04 "," $ 1,833.84 ", $ -   ,$574.20, $ 262.96 ,9.16,, $ 158.72 ,11.55,, $ 104.24 ,5.51,,,,,,10.92%,,,,,,,,,,,,,,,,,,,,,
9/25/2025,,, $ 923.51 , $ 479.39 , $ -   ,$444.12, $ 274.54 ,3.36,, $ 164.61 ,2.91,, $ 109.93 ,4.04,,,,,,29.73%,,,,,,,,,,,,,,,,,,,,,
9/26/2025,,, $ 696.74 , $ 509.87 , $ -   ,$186.87, $ 186.21 ,3.74,, $ 161.48 ,3.16,, $ 24.73 ,7.56,,,,,,26.73%,,,,,,,,,,,,,,,,,,,,,
9/27/2025,,, $ 234.97 , $ 234.97 , $ -   ,$0.00, $ 182.22 ,1.29,, $ 174.17 ,1.35,, $ 8.05 ,0.00,,,,,,77.55%,,,,,,,,,,,,,,,,,,,,,
9/28/2025,,," $ 1,014.88 "," $ 1,014.88 ", $ -   ,$0.00, $ 201.43 ,5.04,, $ 191.25 ,5.31,, $ 10.18 ,0.00,,,,,,19.85%,,,,,,,,,,,,,,,,,,,,,
9/29/2025,,, $ 588.33 , $ 485.90 , $ -   ,$102.43, $ 182.09 ,3.23,, $ 166.15 ,2.92,, $ 15.94 ,6.43,,,,,,30.95%,,,,,,,,,,,,,,,,,,,,,
9/30/2025,,, $ 675.74 , $ 532.93 , $ 49.50 ,$93.31, $ 176.42 ,3.83,, $ 168.28 ,3.17,, $ 8.14 ,11.46,,,,,,26.11%,,,,,,,,,,,,,,,,,,,,,
10/1/2025,,, $ 626.87 , $ 516.89 , $ 109.98 ,$0.00, $ 243.25 ,2.58,, $ 235.38 ,2.20,, $ 7.87 ,0.00,,,,,,38.80%,,,,,,,,,,,,,,,,,,,,,
10/2/2025,,," $ 1,253.69 ", $ 931.86 , $ 367.94 ,-$46.11, $ 280.56 ,4.47,, $ 224.98 ,4.14,, $ 55.58 ,-0.83,,,,,,22.38%,,,,,,,,,,,,,,,,,,,,,
10/3/2025,,, $ 786.15 , $ 681.85 , $ 81.98 ,$22.32, $ 292.45 ,2.69,, $ 233.53 ,2.92,, $ 58.92 ,0.38,,,,,,37.20%,,,,,,,,,,,,,,,,,,,,,
10/4/2025,,, $ 295.95 , $ 295.95 , $ -   ,$0.00, $ 273.19 ,1.08,, $ 213.52 ,1.39,, $ 59.67 ,0.00,,,,,,92.31%,,,,,,,,,,,,,,,,,,,,,
10/5/2025,,, $ 852.82 , $ 652.85 , $ 199.97 ,$0.00, $ 398.61 ,2.14,, $ 317.92 ,2.05,, $ 80.69 ,0.00,,,,,,46.74%,,,,,,,,,,,,,,,,,,,,,
10/6/2025,,, $ 489.89 , $ 434.93 , $ 54.96 ,$0.00, $ 230.42 ,2.13,, $ 150.06 ,2.90,, $ 80.36 ,0.00,,,,,,47.04%,,,,,,,,,,,,,,,,,,,,,
10/7/2025,,, $ 943.84 , $ 943.84 , $ -   ,$0.00, $ 319.50 ,2.95,, $ 306.13 ,3.08,, $ 13.37 ,0.00,,,,,,33.85%,,,,,,,,,,,,,,,,,,,,,
10/8/2025,,," $ 1,483.16 ", $ 922.24 , $ 560.92 ,$0.00, $ 366.68 ,4.04,, $ 312.11 ,2.95,, $ 54.57 ,0.00,,,,,,24.72%,,,,,,,,,,,,,,,,,,,,,
10/9/2025,,," $ 1,666.74 "," $ 1,636.75 ", $ 29.99 ,$0.00, $ 350.63 ,4.75,, $ 294.32 ,5.56,, $ 56.31 ,0.00,,,,,,21.04%,,,,,,,,,,,,,,,,,,,,,
10/10/2025,,," $ 1,422.28 "," $ 1,310.32 ", $ 111.96 ,$0.00, $ 418.00 ,3.40,, $ 361.06 ,3.63,, $ 56.94 ,0.00,,,,,,29.39%,,,,,,,,,,,,,,,,,,,,,
10/11/2025,,," $ 1,163.74 ", $ 900.80 , $ 262.94 ,$0.00, $ 409.98 ,2.84,, $ 350.96 ,2.57,, $ 59.02 ,0.00,,,,,,35.23%,,,,,,,,,,,,,,,,,,,,,
10/12/2025,,," $ 2,307.54 "," $ 2,307.54 ", $ -   ,$0.00, $ 407.21 ,5.67,, $ 345.50 ,6.68,, $ 61.71 ,0.00,,,,,,17.65%,,,,,,,,,,,,,,,,,,,,,
10/13/2025,,," $ 1,414.75 "," $ 1,187.78 ", $ 226.97 ,$0.00, $ 360.53 ,3.92,, $ 301.60 ,3.94,, $ 58.93 ,0.00,,,,,,25.48%,,,,,,,,,,,,,,,,,,,,,
10/14/2025,,, $ 819.14 , $ 442.52 , $ 349.95 ,$26.67, $ 340.40 ,2.41,, $ 283.05 ,1.56,, $ 57.35 ,0.47,,,,,,41.56%,,,,,,,,,,,,,,,,,,,,,
10/15/2025,,, $ 992.86 , $ 983.04 , $ -   ,$9.82, $ 359.79 ,2.76,, $ 279.85 ,3.51,, $ 79.94 ,0.12,,,,,,36.24%,,,,,,,,,,,,,,,,,,,,,
10/16/2025,,," $ 2,242.68 "," $ 1,417.01 ", $ 877.74 ,-$52.07, $ 341.41 ,6.57,, $ 282.47 ,5.02,, $ 58.94 ,-0.88,,,,,,15.22%,,,,,,,,,,,,,,,,,,,,,
10/17/2025,,," $ 1,120.68 "," $ 1,035.70 ", $ 84.98 ,$0.00, $ 304.12 ,3.68,, $ 268.75 ,3.85,, $ 35.37 ,0.00,,,,,,27.14%,,,,,,,,,,,,,,,,,,,,,
10/18/2025,,," $ 3,412.82 "," $ 2,725.79 ", $ 214.98 ,$472.05, $ 460.04 ,7.42,, $ 259.26 ,10.51,, $ 200.78 ,2.35,,,,,,13.48%,,,,,,,,,,,,,,,,,,,,,
10/19/2025,,," $ 2,363.83 "," $ 1,474.07 ", $ 227.36 ,$662.40, $ 589.58 ,4.01,, $ 320.18 ,4.60,, $ 269.40 ,2.46,,,,,,24.94%,,,,,,,,,,,,,,,,,,,,,
10/20/2025,,," $ 1,615.74 "," $ 1,232.55 ", $ 54.99 ,$328.20, $ 552.88 ,2.92,, $ 310.10 ,3.97,, $ 242.78 ,1.35,,,,,,34.22%,,,,,,,,,,,,,,,,,,,,,
10/21/2025,,," $ 1,538.00 "," $ 1,741.73 ", $ 101.96 ,-$305.69, $ 568.69 ,2.70,, $ 336.72 ,5.17,, $ 231.97 ,-1.32,,,,,,36.98%,,,,,,,,,,,,,,,,,,,,,
10/22/2025,,, $ 930.41 , $ 652.81 , $ -   ,$277.60, $ 561.95 ,1.66,, $ 285.91 ,2.28,, $ 276.04 ,1.01,,,,,,60.40%,,,,,,,,,,,,,,,,,,,,,
10/23/2025,,," $ 1,965.60 "," $ 1,293.73 ", $ 329.95 ,$341.92, $ 499.43 ,3.94,, $ 268.16 ,4.82,, $ 231.27 ,1.48,,,,,,25.41%,,,,,,,,,,,,,,,,,,,,,
10/24/2025,,," $ 1,642.80 "," $ 1,053.21 ", $ -   ,$589.59, $ 425.43 ,3.86,, $ 240.46 ,4.38,, $ 184.97 ,3.19,,,,,,25.90%,,,,,,,,,,,,,,,,,,,,,
10/25/2025,,," $ 2,735.23 "," $ 1,506.76 ", $ 34.99 ,"$1,193.48"," $ 1,148.93 ",2.38,, $ 485.01 ,3.11,, $ 663.92 ,1.80,,,,,,42.00%,,,,,,,,,,,,,,,,,,,,,
10/26/2025,,," $ 2,427.32 "," $ 1,248.77 ", $ 102.97 ,"$1,075.58", $ 993.77 ,2.44,, $ 444.52 ,2.81,, $ 549.25 ,1.96,,,,,,40.94%,,,,,,,,,,,,,,,,,,,,,
10/27/2025,,," $ 2,806.74 "," $ 1,953.28 ", $ 46.99 ,$806.47, $ 812.91 ,3.45,, $ 348.31 ,5.61,, $ 464.60 ,1.74,,,,,,28.96%,,,,,,,,,,,,,,,,,,,,,
10/28/2025,,, $ 903.59 , $ 611.88 , $ 109.99 ,$181.72, $ 532.51 ,1.70,, $ 341.46 ,1.79,, $ 191.05 ,0.95,,,,,,58.93%,,,,,,,,,,,,,,,,,,,,,
10/29/2025,,," $ 1,523.70 "," $ 1,456.80 ", $ -   ,$66.90, $ 528.08 ,2.89,, $ 338.22 ,4.31,, $ 189.86 ,0.35,,,,,,34.66%,,,,,,,,,,,,,,,,,,,,,
10/30/2025,,," $ 2,185.70 "," $ 1,543.44 ", $ -   ,$642.26, $ 817.92 ,2.67,, $ 500.89 ,3.08,, $ 317.03 ,2.03,,,,,,37.42%,,,,,,,,,,,,,,,,,,,,,
10/31/2025,,," $ 2,660.82 "," $ 1,243.98 ", $ 424.97 ,$991.87," $ 1,031.07 ",2.58,, $ 606.79 ,2.05,, $ 424.28 ,2.34,,,,,,38.75%,,,,,,,,,,,,,,,,,,,,,
11/1/2025,,," $ 5,542.74 "," $ 3,739.30 ", $ 674.92 ,"$1,128.52"," $ 1,017.35 ",5.45,, $ 585.79 ,6.38,, $ 431.56 ,2.61,,,,,,18.35%,,,,,,,,,,,,,,,,,,,,,
11/2/2025,,," $ 4,778.78 "," $ 4,105.71 ", $ -   ,$673.07," $ 1,144.04 ",4.18,, $ 662.58 ,6.20,, $ 481.46 ,1.40,,,,,,23.94%,,,,,,,,,,,,,,,,,,,,,
11/3/2025,,," $ 3,311.52 "," $ 2,184.72 ", $ 544.95 ,$581.85, $ 999.53 ,3.31,, $ 540.81 ,4.04,, $ 458.72 ,1.27,,,,,,30.18%,,,,,,,,,,,,,,,,,,,,,
11/4/2025,,," $ 1,953.53 "," $ 1,896.67 ", $ 48.97 ,$7.89, $ 971.32 ,2.01,, $ 971.32 ,1.95,, $ -   ,#DIV/0!,,,,,,49.72%,,,,,,,,,,,,,,,,,,,,,
11/5/2025,,," $ 3,950.89 "," $ 3,468.66 ", $ 292.97 ,$189.26, $ 997.67 ,3.96,, $ 997.67 ,3.48,, $ -   ,#DIV/0!,,,,,,25.25%,,,,,,,,,,,,,,,,,,,,,
11/6/2025,,," $ 4,252.84 "," $ 3,681.45 ", $ 414.90 ,$156.49, $ 777.25 ,5.47,, $ 777.25 ,4.74,, $ -   ,#DIV/0!,,,,,,18.28%,,,,,,,,,,,,,,,,,,,,,
11/7/2025,,," $ 3,135.80 "," $ 2,509.47 ", $ 506.91 ,$119.42," $ 1,008.87 ",3.11,, $ 812.54 ,3.09,, $ 196.33 ,0.61,,,,,,32.17%,,,,,,,,,,,,,,,,,,,,,
11/8/2025,,," $ 6,172.94 "," $ 4,551.16 ", $ 662.32 ,$959.46," $ 1,275.37 ",4.84,," $ 1,060.60 ",4.29,, $ 214.77 ,4.47,,,,,,20.66%,,,,,,,,,,,,,,,,,,,,,
11/9/2025,,," $ 3,941.38 "," $ 3,468.53 ", $ 434.92 ,$37.93," $ 1,364.30 ",2.89,," $ 1,205.34 ",2.88,, $ 158.96 ,0.24,,,,,,34.61%,,,,,,,,,,,,,,,,,,,,,
11/10/2025,,," $ 5,334.86 "," $ 4,919.00 ", $ 415.86 ,$0.00," $ 1,038.99 ",5.13,, $ 918.02 ,5.36,, $ 120.97 ,0.00,,,,,,19.48%,,,,,,,,,,,,,,,,,,,,,
11/11/2025,,," $ 6,127.41 "," $ 5,172.43 ", $ 831.33 ,$123.65, $ 985.47 ,6.22,, $ 864.94 ,5.98,, $ 120.53 ,1.03,,,,,,16.08%,,,,,,,,,,,,,,,,,,,,,
11/12/2025,,," $ 3,399.91 "," $ 2,866.56 ", $ 419.89 ,$113.46," $ 1,055.46 ",3.22,, $ 940.84 ,3.05,, $ 114.62 ,0.99,,,,,,31.04%,,,,,,,,,,,,,,,,,,,,,
11/13/2025,,," $ 4,231.92 "," $ 3,849.00 ", $ 382.92 ,$0.00," $ 1,395.50 ",3.03,," $ 1,242.89 ",3.10,, $ 152.61 ,0.00,,,,,,32.98%,,,,,,,,,,,,,,,,,,,,,
11/14/2025,,," $ 4,223.97 "," $ 3,885.37 ", $ 172.96 ,$165.64," $ 1,330.95 ",3.17,," $ 1,229.58 ",3.16,, $ 101.37 ,1.63,,,,,,31.51%,,,,,,,,,,,,,,,,,,,,,
11/15/2025,,," $ 7,398.77 "," $ 6,810.60 ", $ 534.87 ,$53.30," $ 1,378.38 ",5.37,," $ 1,282.12 ",5.31,, $ 96.26 ,0.55,,,,,,18.63%,,,,,,,,,,,,,,,,,,,,,
11/16/2025,,," $ 6,608.93 "," $ 5,751.80 ", $ 517.61 ,$339.52," $ 1,523.02 ",4.34,," $ 1,414.69 ",4.07,, $ 108.33 ,3.13,,,,,,23.04%,,,,,,,,,,,,,,,,,,,,,
11/17/2025,,," $ 4,999.78 "," $ 4,809.15 ", $ 163.93 ,$26.70," $ 1,438.21 ",3.48,," $ 1,329.13 ",3.62,, $ 109.08 ,0.24,,,,,,28.77%,,,,,,,,,,,,,,,,,,,,,
11/18/2025,,," $ 6,370.68 "," $ 5,999.73 ", $ 219.98 ,$150.97," $ 1,476.72 ",4.31,," $ 1,332.01 ",4.50,, $ 144.71 ,1.04,,,,,,23.18%,,,,,,,,,,,,,,,,,,,,,
11/19/2025,,," $ 7,052.99 "," $ 6,148.44 ", $ 574.33 ,$330.22," $ 1,415.11 ",4.98,," $ 1,263.63 ",4.87,, $ 151.48 ,2.18,,,,,,20.06%,,,,,,,,,,,,,,,,,,,,,
11/20/2025,,," $ 5,496.17 "," $ 5,015.19 ", $ 480.98 ,$0.00," $ 1,503.61 ",3.66,," $ 1,346.23 ",3.73,, $ 157.38 ,0.00,,,,,,27.36%,,,,,,,,,,,,,,,,,,,,,
11/21/2025,,," $ 5,784.00 "," $ 4,823.66 ", $ 583.85 ,$376.49," $ 1,583.16 ",3.65,," $ 1,441.60 ",3.35,, $ 141.56 ,2.66,,,,,,27.37%,,,,,,,,,,,,,,,,,,,,,
11/22/2025,,," $ 6,997.53 "," $ 5,659.74 ", $ 983.79 ,$354.00," $ 1,720.97 ",4.07,," $ 1,502.67 ",3.77,, $ 218.30 ,1.62,,,,,,24.59%,,,,,,,,,,,,,,,,,,,,,
11/23/2025,,," $ 6,852.81 "," $ 5,805.90 ", $ 922.83 ,$124.08," $ 1,866.77 ",3.67,," $ 1,518.70 ",3.82,, $ 348.07 ,0.36,,,,,,27.24%,,,,,,,,,,,,,,,,,,,,,
11/24/2025,,," $ 6,257.76 "," $ 4,920.65 ", $ 899.88 ,$437.23," $ 1,560.98 ",4.01,," $ 1,218.99 ",4.04,, $ 341.99 ,1.28,,,,,,24.94%,,,,,,,,,,,,,,,,,,,,,
11/25/2025,,," $ 5,857.95 "," $ 4,981.12 ", $ 821.80 ,$55.03," $ 2,186.08 ",2.68,," $ 1,866.66 ",2.67,, $ 319.42 ,0.17,,,,,,37.32%,,,,,,,,,,,,,,,,,,,,,
11/26/2025,,," $ 7,959.99 "," $ 6,757.04 "," $ 1,059.75 ",$143.20," $ 2,213.92 ",3.60,," $ 1,895.28 ",3.57,, $ 318.64 ,0.45,,,,,,27.81%,,,,,,,,,,,,,,,,,,,,,
11/27/2025,,," $ 6,071.81 "," $ 5,076.96 ", $ 994.85 ,$0.00," $ 2,210.02 ",2.75,," $ 1,892.10 ",2.68,, $ 317.92 ,0.00,,,,,,36.40%,,,,,,,,,,,,,,,,,,,,,
11/28/2025,,," $ 10,450.35 "," $ 9,556.23 ", $ 661.89 ,$232.23," $ 2,374.22 ",4.40,," $ 2,036.07 ",4.69,, $ 338.15 ,0.69,,,,,,22.72%,,,,,,,,,,,,,,,,,,,,,
11/29/2025,,," $ 9,305.00 "," $ 8,372.46 ", $ 714.44 ,$218.10," $ 2,454.51 ",3.79,," $ 2,035.15 ",4.11,, $ 419.36 ,0.52,,,,,,26.38%,,,,,,,,,,,,,,,,,,,,,
11/30/2025,,," $ 9,808.50 "," $ 9,233.16 ", $ 450.90 ,$124.44," $ 2,479.17 ",3.96,," $ 1,795.16 ",5.14,, $ 684.01 ,0.18,,,,,,25.28%,,,,,,,,,,,,,,,,,,,,,
12/1/2025,,," $ 11,762.93 "," $ 9,980.65 ", $ 761.14 ,"$1,021.14"," $ 2,651.97 ",4.44,," $ 1,970.37 ",5.07,, $ 681.60 ,1.50,,,,,,22.55%,,,,,,,,,,,,,,,,,,,,,
12/2/2025,,," $ 10,384.49 "," $ 8,682.87 ", $ 549.84 ,"$1,151.78"," $ 2,597.37 ",4.00,," $ 1,922.10 ",4.52,, $ 675.27 ,1.71,,,,,,25.01%,,,,,,,,,,,,,,,,,,,,,
12/3/2025,,," $ 11,035.29 "," $ 9,465.37 "," $ 1,251.78 ",$318.14," $ 2,779.60 ",3.97,," $ 2,118.57 ",4.47,, $ 661.03 ,0.48,,,,,,25.19%,,,,,,,,,,,,,,,,,,,,,
12/4/2025,,," $ 11,732.33 "," $ 10,249.98 ", $ 869.81 ,$612.54," $ 2,977.98 ",3.94,," $ 2,334.23 ",4.39,, $ 643.75 ,0.95,,,,,,25.38%,,,,,,,,,,,,,,,,,,,,,
12/5/2025,,," $ 11,201.10 "," $ 9,477.32 "," $ 1,209.75 ",$514.03," $ 3,115.61 ",3.60,," $ 2,264.79 ",4.18,, $ 850.82 ,0.60,,,,,,27.82%,,,,,,,,,,,,,,,,,,,,,
12/6/2025,,," $ 17,203.66 "," $ 14,192.60 "," $ 1,568.69 ","$1,442.37"," $ 3,073.53 ",5.60,," $ 2,227.80 ",6.37,, $ 845.73 ,1.71,,,,,,17.87%,,,,,,,,,,,,,,,,,,,,,
12/7/2025,,," $ 15,571.27 "," $ 13,509.36 "," $ 1,354.73 ",$707.18," $ 3,530.32 ",4.41,," $ 2,618.05 ",5.16,, $ 912.27 ,0.78,,,,,,22.67%,,,,,,,,,,,,,,,,,,,,,
12/8/2025,,," $ 18,475.11 "," $ 16,367.32 "," $ 1,743.62 ",$364.17," $ 3,528.96 ",5.24,," $ 2,566.83 ",6.38,, $ 962.13 ,0.38,,,,,,19.10%,,,,,,,,,,,,,,,,,,,,,
12/9/2025,,," $ 13,752.74 "," $ 11,820.12 "," $ 1,093.75 ",$838.87," $ 3,451.69 ",3.98,," $ 2,566.90 ",4.60,, $ 884.79 ,0.95,,,,,,25.10%,,,,,,,,,,,,,,,,,,,,,
12/10/2025,,," $ 12,055.75 "," $ 10,239.73 "," $ 1,694.63 ",$121.39," $ 3,439.15 ",3.51,," $ 2,561.49 ",4.00,, $ 877.66 ,0.14,,,,,,28.53%,,,,,,,,,,,,,,,,,,,,,
12/11/2025,,," $ 13,321.54 "," $ 11,299.23 "," $ 1,738.59 ",$283.72," $ 3,492.00 ",3.81,," $ 2,597.66 ",4.35,, $ 894.34 ,0.32,,,,,,26.21%,,,,,,,,,,,,,,,,,,,,,
12/12/2025,,," $ 10,464.28 "," $ 9,726.42 ", $ 737.86 ,$0.00," $ 3,377.56 ",3.10,," $ 2,500.22 ",3.89,, $ 877.34 ,0.00,,,,,,32.28%,,,,,,,,,,,,,,,,,,,,,
12/13/2025,,," $ 10,967.94 "," $ 9,438.44 "," $ 1,172.75 ",$356.75," $ 3,440.96 ",3.19,," $ 2,557.59 ",3.69,, $ 883.37 ,0.40,,,,,,31.37%,,,,,,,,,,,,,,,,,,,,,
12/14/2025,,," $ 9,530.04 "," $ 7,921.73 "," $ 1,189.59 ",$418.72," $ 3,283.93 ",2.90,," $ 2,536.81 ",3.12,, $ 747.12 ,0.56,,,,,,34.46%,,,,,,,,,,,,,,,,,,,,,
12/15/2025,,," $ 8,041.17 "," $ 6,390.68 "," $ 1,508.61 ",$141.88," $ 2,720.17 ",2.96,," $ 1,994.28 ",3.20,, $ 725.89 ,0.20,,,,,,33.83%,,,,,,,,,,,,,,,,,,,,,
12/16/2025,,," $ 5,798.18 "," $ 4,393.61 "," $ 1,051.79 ",$352.78," $ 2,989.10 ",1.94,," $ 2,035.61 ",2.16,, $ 953.49 ,0.37,,,,,,51.55%,,,,,,,,,,,,,,,,,,,,,
12/17/2025,,," $ 6,319.21 "," $ 5,283.49 "," $ 1,035.72 ",$0.00," $ 4,154.12 ",1.52,," $ 2,985.63 ",1.77,," $ 1,168.49 ",0.00,,,,,,65.74%,,,,,,,,,,,,,,,,,,,,,
12/18/2025,,," $ 4,309.33 "," $ 3,868.41 ", $ 290.94 ,$149.98," $ 3,052.47 ",1.41,," $ 1,875.98 ",2.06,," $ 1,176.49 ",0.13,,,,,,70.83%,,,,,,,,,,,,,,,,,,,,,
12/19/2025,,," $ 2,991.68 "," $ 1,896.20 ", $ 990.72 ,$104.76," $ 2,691.49 ",1.11,," $ 1,767.04 ",1.07,, $ 924.45 ,0.11,,,,,,89.97%,,,,,,,,,,,,,,,,,,,,,
12/20/2025,,," $ 2,451.68 "," $ 1,898.57 ", $ 366.84 ,$186.27," $ 1,699.50 ",1.44,, $ 853.02 ,2.23,, $ 846.48 ,0.22,,,,,,69.32%,,,,,,,,,,,,,,,,,,,,,
12/21/2025,,," $ 2,306.49 "," $ 1,698.67 ", $ 607.82 ,$0.00," $ 1,859.36 ",1.24,," $ 1,316.12 ",1.29,, $ 543.24 ,0.00,,,,,,80.61%,,,,,,,,,,,,,,,,,,,,,
12/22/2025,,," $ 2,309.49 "," $ 2,069.95 ", $ 102.98 ,$136.56," $ 1,229.24 ",1.88,, $ 899.06 ,2.30,, $ 330.18 ,0.41,,,,,,53.23%,,,,,,,,,,,,,,,,,,,,,
12/23/2025,,," $ 2,706.74 "," $ 1,698.74 ", $ 442.90 ,$565.10," $ 1,099.51 ",2.46,, $ 774.67 ,2.19,, $ 324.84 ,1.74,,,,,,40.62%,,,,,,,,,,,,,,,,,,,,,
12/24/2025,,," $ 2,750.63 "," $ 2,198.91 ", $ 403.92 ,$147.80," $ 1,044.90 ",2.63,, $ 710.42 ,3.10,, $ 334.48 ,0.44,,,,,,37.99%,,,,,,,,,,,,,,,,,,,,,
12/25/2025,,," $ 2,491.59 "," $ 2,291.62 ", $ 199.97 ,$0.00," $ 1,244.21 ",2.00,, $ 875.22 ,2.62,, $ 368.99 ,0.00,,,,,,49.94%,,,,,,,,,,,,,,,,,,,,,
12/26/2025,,," $ 3,246.06 "," $ 2,208.58 ", $ 781.84 ,$255.64," $ 1,129.70 ",2.87,, $ 776.24 ,2.85,, $ 353.46 ,0.72,,,,,,34.80%,,,,,,,,,,,,,,,,,,,,,
12/27/2025,,," $ 3,733.16 "," $ 3,204.29 ", $ 528.87 ,$0.00," $ 1,082.90 ",3.45,, $ 764.91 ,4.19,, $ 317.99 ,0.00,,,,,,29.01%,,,,,,,,,,,,,,,,,,,,,
12/28/2025,,," $ 3,978.34 "," $ 3,166.43 ", $ 811.91 ,$0.00," $ 1,288.86 ",3.09,, $ 927.47 ,3.41,, $ 361.39 ,0.00,,,,,,32.40%,,,,,,,,,,,,,,,,,,,,,
12/29/2025,,," $ 1,561.09 "," $ 1,458.68 ", $ 28.50 ,$73.91," $ 1,151.82 ",1.36,, $ 823.15 ,1.77,, $ 328.67 ,0.22,,,,,,73.78%,,,,,,,,,,,,,,,,,,,,,
12/30/2025,,," $ 3,271.43 "," $ 2,417.58 ", $ 853.85 ,$0.00," $ 1,183.22 ",2.76,, $ 830.58 ,2.91,, $ 352.64 ,0.00,,,,,,36.17%,,,,,,,,,,,,,,,,,,,,,
12/31/2025,,," $ 3,095.55 "," $ 2,103.26 ", $ 499.95 ,$492.34," $ 1,182.07 ",2.62,, $ 650.30 ,3.23,, $ 531.77 ,0.93,,,,,,38.19%,,,,,,,,,,,,,,,,,,,,,
1/1/2026,,," $ 3,441.30 "," $ 2,908.43 ", $ 451.91 ,$80.96," $ 1,350.09 ",2.55,, $ 747.84 ,3.89,, $ 602.25 ,0.13,,,,,,39.23%,,,,,,,,,,,,,,,,,,,,,
1/2/2026,,," $ 2,837.66 "," $ 2,352.71 ", $ 484.95 ,$0.00," $ 1,281.11 ",2.22,, $ 710.76 ,3.31,, $ 570.35 ,0.00,,,,,,45.15%,,,,,,,,,,,,,,,,,,,,,
1/3/2026,,," $ 2,879.18 "," $ 2,343.50 ", $ 446.93 ,$88.75," $ 1,235.37 ",2.33,, $ 675.31 ,3.47,, $ 560.06 ,0.16,,,,,,42.91%,,,,,,,,,,,,,,,,,,,,,
1/4/2026,,," $ 4,704.18 "," $ 4,014.05 ", $ 567.89 ,$122.24," $ 1,712.94 ",2.75,," $ 1,206.36 ",3.33,, $ 506.58 ,0.24,,,,,,36.41%,,,,,,,,,,,,,,,,,,,,,
1/5/2026,,," $ 3,212.23 "," $ 3,142.25 ", $ 69.98 ,$0.00," $ 1,344.74 ",2.39,," $ 1,077.77 ",2.92,, $ 266.97 ,0.00,,,,,,41.86%,,,,,,,,,,,,,,,,,,,,,
1/6/2026,,," $ 3,933.53 "," $ 3,052.24 ", $ 486.92 ,$394.37," $ 1,436.51 ",2.74,," $ 1,191.98 ",2.56,, $ 244.53 ,1.61,,,,,,36.52%,,,,,,,,,,,,,,,,,,,,,
1/7/2026,,," $ 2,453.68 "," $ 2,123.71 ", $ 329.97 ,$0.00," $ 1,390.80 ",1.76,," $ 1,156.09 ",1.84,, $ 234.71 ,0.00,,,,,,56.68%,,,,,,,,,,,,,,,,,,,,,
1/8/2026,,," $ 1,231.75 "," $ 1,231.75 ", $ -   ,$0.00," $ 1,457.77 ",0.84,," $ 1,191.54 ",1.03,, $ 266.23 ,0.00,,,,,,118.35%,,,,,,,,,,,,,,,,,,,,,
1/9/2026,,," $ 1,346.50 "," $ 1,144.74 ", $ 227.93 ,-$26.17," $ 1,007.91 ",1.34,, $ 802.44 ,1.43,, $ 205.47 ,-0.13,,,,,,74.85%,,,,,,,,,,,,,,,,,,,,,
1/10/2026,,," $ 1,980.36 "," $ 1,639.74 ", $ 220.95 ,$119.67, $ 723.42 ,2.74,, $ 557.01 ,2.94,, $ 166.41 ,0.72,,,,,,36.53%,,,,,,,,,,,,,,,,,,,,,
1/11/2026,,," $ 1,956.68 "," $ 1,905.70 ", $ 50.98 ,$0.00, $ 824.94 ,2.37,, $ 612.54 ,3.11,, $ 212.40 ,0.00,,,,,,42.16%,,,,,,,,,,,,,,,,,,,,,
1/12/2026,,, $ (234.75), $ 135.75 , $ (163.14),-$207.36, $ 793.29 ,-0.30,, $ 596.88 ,0.23,, $ 196.41 ,-1.06,,,,,,-337.93%,,,,,,,,,,,,,,,,,,,,,
1/13/2026,,," $ (1,077.66)"," $ (1,157.64)", $ 79.98 ,$0.00, $ 844.97 ,-1.28,, $ 650.34 ,-1.78,, $ 194.63 ,0.00,,,,,,-78.41%,,,,,,,,,,,,,,,,,,,,,
1/14/2026,,, $ 614.77 , $ 73.86 , $ 540.91 ,$0.00, $ 789.41 ,0.78,, $ 585.60 ,0.13,, $ 203.81 ,0.00,,,,,,128.41%,,,,,,,,,,,,,,,,,,,,,
1/15/2026,,, $ 17.23 , $ (22.76), $ 39.99 ,$0.00, $ 653.72 ,0.03,, $ 520.52 ,-0.04,, $ 133.20 ,0.00,,,,,,3794.08%,,,,,,,,,,,,,,,,,,,,,
1/16/2026,,, $ 492.46 , $ 331.98 , $ 160.48 ,$0.00, $ 600.95 ,0.82,, $ 600.95 ,0.55,, $ -   ,#DIV/0!,,,,,,122.03%,,,,,,,,,,,,,,,,,,,,,
1/17/2026,,," $ 1,841.63 "," $ 1,701.65 ", $ 139.98 ,$0.00, $ 998.47 ,1.84,, $ 998.47 ,1.70,, $ -   ,#DIV/0!,,,,,,54.22%,,,,,,,,,,,,,,,,,,,,,
1/18/2026,,," $ 2,118.66 "," $ 1,748.69 ", $ 369.97 ,$0.00," $ 1,057.35 ",2.00,," $ 1,057.35 ",1.65,, $ -   ,#DIV/0!,,,,,,49.91%,,,,,,,,,,,,,,,,,,,,,
1/19/2026,,," $ 1,315.54 "," $ 1,155.56 ", $ 159.98 ,$0.00, $ 995.10 ,1.32,, $ 995.10 ,1.16,, $ -   ,#DIV/0!,,,,,,75.64%,,,,,,,,,,,,,,,,,,,,,
1/20/2026,,," $ 1,902.47 "," $ 1,792.48 ", $ 109.99 ,$0.00," $ 1,025.58 ",1.86,," $ 1,025.58 ",1.75,, $ -   ,#DIV/0!,,,,,,53.91%,,,,,,,,,,,,,,,,,,,,,
1/21/2026,,," $ 1,406.47 "," $ 1,032.24 ", $ 374.23 ,$0.00," $ 1,012.60 ",1.39,," $ 1,012.60 ",1.02,, $ -   ,#DIV/0!,,,,,,72.00%,,,,,,,,,,,,,,,,,,,,,
1/22/2026,,, $ 574.76 , $ 594.77 , $ (20.01),$0.00, $ 990.03 ,0.58,, $ 990.03 ,0.60,, $ -   ,#DIV/0!,,,,,,172.25%,,,,,,,,,,,,,,,,,,,,,
1/23/2026,,," $ 1,521.11 "," $ 1,411.12 ", $ 109.99 ,$0.00, $ 838.01 ,1.82,, $ 838.01 ,1.68,, $ -   ,#DIV/0!,,,,,,55.09%,,,,,,,,,,,,,,,,,,,,,
1/24/2026,,," $ 12,769.90 "," $ 11,355.20 ", $ 481.42 ,$933.28," $ 1,005.74 ",12.70,," $ 1,005.74 ",11.29,, $ -   ,#DIV/0!,,,,,,7.88%,,,,,,,,,,,,,,,,,,,,,
1/25/2026,,," $ 9,453.21 "," $ 8,324.01 ", $ 622.67 ,$506.53, $ 927.61 ,10.19,, $ 927.61 ,8.97,, $ -   ,#DIV/0!,,,,,,9.81%,,,,,,,,,,,,,,,,,,,,,
1/26/2026,,," $ 4,783.96 "," $ 4,366.54 ", $ 225.94 ,$191.48, $ 783.23 ,6.11,, $ 783.23 ,5.58,, $ -   ,#DIV/0!,,,,,,16.37%,,,,,,,,,,,,,,,,,,,,,
1/27/2026,,," $ 3,113.69 "," $ 3,000.15 ", $ 50.98 ,$62.56," $ 1,417.60 ",2.20,," $ 1,082.62 ",2.77,, $ 334.98 ,0.19,,,,,,45.53%,,,,,,,,,,,,,,,,,,,,,
1/28/2026,,," $ 3,526.01 "," $ 3,007.83 ", $ 343.93 ,$174.25," $ 1,554.67 ",2.27,," $ 1,251.91 ",2.40,, $ 302.76 ,0.58,,,,,,44.09%,,,,,,,,,,,,,,,,,,,,,
1/29/2026,,," $ 2,947.15 "," $ 2,492.65 ", $ 454.50 ,$0.00," $ 1,510.67 ",1.95,," $ 1,309.93 ",1.90,, $ 200.74 ,0.00,,,,,,51.26%,,,,,,,,,,,,,,,,,,,,,
1/30/2026,,," $ 4,378.50 "," $ 3,501.58 ", $ 803.76 ,$73.16," $ 1,547.58 ",2.83,," $ 1,360.31 ",2.57,, $ 187.27 ,0.39,,,,,,35.34%,,,,,,,,,,,,,,,,,,,,,
1/31/2026,,," $ 4,388.22 "," $ 3,639.90 ", $ 613.55 ,$134.77," $ 1,634.86 ",2.68,," $ 1,412.18 ",2.58,, $ 222.68 ,0.61,,,,,,37.26%,,,,,,,,,,,,,,,,,,,,,
2/1/2026,,," $ 3,675.03 "," $ 3,528.38 ", $ 45.98 ,$100.67," $ 1,512.38 ",2.43,," $ 1,257.36 ",2.81,, $ 255.02 ,0.39,,,,,,41.15%,,,,,,,,,,,,,,,,,,,,,
2/2/2026,,," $ 2,662.26 "," $ 2,442.28 ", $ 219.98 ,$0.00," $ 1,062.12 ",2.51,, $ 843.53 ,2.90,, $ 218.59 ,0.00,,,,,,39.90%,,,,,,,,,,,,,,,,,,,,,
2/3/2026,,," $ 1,737.70 "," $ 1,622.72 ", $ 114.98 ,$0.00," $ 1,419.56 ",1.22,," $ 1,419.56 ",1.14,, $ -   ,#DIV/0!,,,,,,81.69%,,,,,,,,,,,,,,,,,,,,,
2/4/2026,,," $ 4,833.27 "," $ 4,759.00 ", $ 35.99 ,$38.28," $ 1,520.81 ",3.18,," $ 1,432.72 ",3.32,, $ 88.09 ,0.43,,,,,,31.47%,,,,,,,,,,,,,,,,,,,,,
2/5/2026,,," $ 6,740.27 "," $ 6,343.35 ", $ 251.27 ,$145.65," $ 1,353.53 ",4.98,," $ 1,252.33 ",5.07,, $ 101.20 ,1.44,,,,,,20.08%,,,,,,,,,,,,,,,,,,,,,
2/6/2026,,," $ 5,726.69 "," $ 5,698.72 ", $ -   ,$27.97," $ 1,198.94 ",4.78,," $ 1,079.85 ",5.28,, $ 119.09 ,0.23,,,,,,20.94%,,,,,,,,,,,,,,,,,,,,,
2/7/2026,,," $ 9,579.41 "," $ 8,984.21 ", $ 545.97 ,$49.23," $ 1,331.91 ",7.19,," $ 1,209.60 ",7.43,, $ 122.31 ,0.40,,,,,,13.90%,,,,,,,,,,,,,,,,,,,,,
2/8/2026,,," $ 6,470.04 "," $ 6,235.09 ", $ 203.49 ,$31.46," $ 1,357.19 ",4.77,," $ 1,211.72 ",5.15,, $ 145.47 ,0.22,,,,,,20.98%,,,,,,,,,,,,,,,,,,,,,
2/9/2026,,," $ 4,683.99 "," $ 4,362.53 ", $ 195.99 ,$125.47," $ 1,608.17 ",2.91,," $ 1,237.50 ",3.53,, $ 370.67 ,0.34,,,,,,34.33%,,,,,,,,,,,,,,,,,,,,,
2/10/2026,,," $ 2,397.32 "," $ 1,752.45 ", $ 377.34 ,$267.53," $ 1,833.82 ",1.31,," $ 1,534.71 ",1.14,, $ 299.11 ,0.89,,,,,,76.49%,,,,,,,,,,,,,,,,,,,,,
2/11/2026,,," $ 3,233.26 "," $ 3,006.19 ", $ 129.31 ,$97.76," $ 1,910.51 ",1.69,," $ 1,561.04 ",1.93,, $ 349.47 ,0.28,,,,,,59.09%,,,,,,,,,,,,,,,,,,,,,
2/12/2026,,," $ 2,689.81 "," $ 2,490.45 ", $ 114.00 ,$85.36," $ 1,876.67 ",1.43,," $ 1,553.72 ",1.60,, $ 322.95 ,0.26,,,,,,69.77%,,,,,,,,,,,,,,,,,,,,,
2/13/2026,,," $ 1,821.07 "," $ 1,821.07 ", $ -   ,$0.00," $ 1,214.22 ",1.50,," $ 1,207.47 ",1.51,, $ 6.75 ,0.00,,,,,,66.68%,,,,,,,,,,,,,,,,,,,,,
2/14/2026,,," $ 1,675.90 "," $ 1,665.01 ", $ -   ,$10.89, $ 950.73 ,1.76,, $ 950.73 ,1.75,, $ -   ,#DIV/0!,,,,,,56.73%,,,,,,,,,,,,,,,,,,,,,
2/15/2026,,," $ 1,782.01 "," $ 1,782.01 ", $ -   ,$0.00," $ 1,102.68 ",1.62,," $ 1,102.68 ",1.62,, $ -   ,#DIV/0!,,,,,,61.88%,,,,,,,,,,,,,,,,,,,,,
2/16/2026,,," $ 3,173.59 "," $ 2,975.15 ", $ 176.63 ,$21.81," $ 1,185.10 ",2.68,," $ 1,185.10 ",2.51,, $ -   ,#DIV/0!,,,,,,37.34%,,,,,,,,,,,,,,,,,,,,,
2/17/2026,,," $ 1,638.20 "," $ 1,583.64 ", $ -   ,$54.56," $ 1,209.60 ",1.35,," $ 1,163.07 ",1.36,, $ 46.53 ,1.17,,,,,,73.84%,,,,,,,,,,,,,,,,,,,,,
2/18/2026,,," $ 1,122.96 ", $ 650.08 , $ 74.99 ,$397.89," $ 1,292.83 ",0.87,, $ 869.46 ,0.75,, $ 423.37 ,0.94,,,,,,115.13%,,,,,,,,,,,,,,,,,,,,,
2/19/2026,,," $ 1,672.09 ", $ 184.00 , $ 632.20 ,$855.89," $ 1,992.12 ",0.84,," $ 1,607.86 ",0.11,, $ 384.26 ,2.23,,,,,,119.14%,,,,,,,,,,,,,,,,,,,,,
2/20/2026,,," $ 2,209.05 "," $ 1,497.20 ", $ -   ,$711.85," $ 1,320.33 ",1.67,," $ 1,053.14 ",1.42,, $ 267.19 ,2.66,,,,,,59.77%,,,,,,,,,,,,,,,,,,,,,
2/21/2026,,," $ 2,966.02 "," $ 2,641.14 ", $ 5.20 ,$319.68," $ 1,296.91 ",2.29,," $ 1,082.32 ",2.44,, $ 214.59 ,1.49,,,,,,43.73%,,,,,,,,,,,,,,,,,,,,,
2/22/2026,,," $ 2,477.92 "," $ 2,052.59 ", $ -   ,$425.33," $ 1,630.56 ",1.52,," $ 1,340.95 ",1.53,, $ 289.61 ,1.47,,,,,,65.80%,,,,,,,,,,,,,,,,,,,,,
2/23/2026,,," $ 3,541.03 "," $ 3,009.01 ", $ -   ,$532.02," $ 1,521.80 ",2.33,," $ 1,238.02 ",2.43,, $ 283.78 ,1.87,,,,,,42.98%,,,,,,,,,,,,,,,,,,,,,
2/24/2026,,," $ 2,830.08 "," $ 2,173.43 ", $ 31.99 ,$624.66," $ 1,665.17 ",1.70,," $ 1,177.55 ",1.85,, $ 487.62 ,1.28,,,,,,58.84%,,,,,,,,,,,,,,,,,,,,,
2/25/2026,,," $ 2,729.19 "," $ 1,847.07 ", $ 109.99 ,$772.13," $ 1,726.41 ",1.58,," $ 1,326.60 ",1.39,, $ 399.81 ,1.93,,,,,,63.26%,,,,,,,,,,,,,,,,,,,,,
2/26/2026,,," $ 1,753.89 "," $ 1,426.09 ", $ -   ,$327.80," $ 1,772.55 ",0.99,," $ 1,423.42 ",1.00,, $ 349.13 ,0.94,,,,,,101.06%,,,,,,,,,,,,,,,,,,,,,
2/27/2026,,," $ 3,176.10 "," $ 2,179.31 ", $ -   ,$996.79," $ 1,599.98 ",1.99,," $ 1,117.23 ",1.95,, $ 482.75 ,2.06,,,,,,50.38%,,,,,,,,,,,,,,,,,,,,,
2/28/2026,,," $ 2,539.92 "," $ 1,814.40 ", $ (89.99),$815.51," $ 1,391.01 ",1.83,, $ 903.58 ,2.01,, $ 487.43 ,1.67,,,,,,54.77%,,,,,,,,,,,,,,,,,,,,,
3/1/2026,,," $ 2,260.67 "," $ 1,325.79 ", $ -   ,$934.88," $ 1,453.82 ",1.55,, $ 876.44 ,1.51,, $ 577.38 ,1.62,,,,,,64.31%,,,,,,,,,,,,,,,,,,,,,
3/2/2026,,," $ 2,621.63 "," $ 1,542.10 ", $ -   ,"$1,079.53"," $ 1,306.72 ",2.01,, $ 730.47 ,2.11,, $ 576.25 ,1.87,,,,,,49.84%,,,,,,,,,,,,,,,,,,,,,
3/3/2026,,," $ 2,078.36 ", $ 988.76 , $ 156.96 ,$932.64," $ 1,413.22 ",1.47,, $ 838.82 ,1.18,, $ 574.40 ,1.62,,,,,,68.00%,,,,,,,,,,,,,,,,,,,,,
3/4/2026,,," $ 1,696.74 ", $ 641.89 , $ 6.11 ,"$1,048.74"," $ 1,381.65 ",1.23,, $ 862.83 ,0.74,, $ 518.82 ,2.02,,,,,,81.43%,,,,,,,,,,,,,,,,,,,,,
3/5/2026,,," $ 1,909.24 "," $ 1,186.59 ", $ 20.99 ,$701.66," $ 1,345.88 ",1.42,, $ 816.19 ,1.45,, $ 529.69 ,1.32,,,,,,70.49%,,,,,,,,,,,,,,,,,,,,,
3/6/2026,,," $ 2,397.15 "," $ 1,079.75 ", $ -   ,"$1,317.40"," $ 1,440.68 ",1.66,, $ 907.79 ,1.19,, $ 532.89 ,2.47,,,,,,60.10%,,,,,,,,,,,,,,,,,,,,,
3/7/2026,,," $ 2,019.76 "," $ 1,076.64 ", $ -   ,$943.12," $ 1,563.94 ",1.29,," $ 1,034.50 ",1.04,, $ 529.44 ,1.78,,,,,,77.43%,,,,,,,,,,,,,,,,,,,,,
3/8/2026,,," $ 1,819.29 ", $ 791.14 , $ -   ,"$1,028.15"," $ 1,376.85 ",1.32,, $ 805.89 ,0.98,, $ 570.96 ,1.80,,,,,,75.68%,,,,,,,,,,,,,,,,,,,,,
3/9/2026,,," $ 3,096.45 "," $ 2,088.61 ", $ 47.99 ,$959.85," $ 1,382.50 ",2.24,, $ 768.92 ,2.72,, $ 613.58 ,1.56,,,,,,44.65%,,,,,,,,,,,,,,,,,,,,,
3/10/2026,,," $ 1,199.13 "," $ 1,199.13 ",,, $ 768.92 ,1.56,, $ 768.92 ,1.56,,,,,,,,,64.12%,,,,,,,,,,,,,,,,,,,,,
3/11/2026,,," $ 1,784.94 "," $ 1,784.94 ",,, $ 768.92 ,2.32,, $ 768.92 ,2.32,,,,,,,,,43.08%,,,,,,,,,,,,,,,,,,,,,
3/12/2026,,," $ 1,535.62 "," $ 1,535.62 ",,, $ 768.92 ,2.00,, $ 768.92 ,2.00,,,,,,,,,50.07%,,,,,,,,,,,,,,,,,,,,,
3/13/2026,,," $ 1,585.20 "," $ 1,585.20 ",,, $ 768.92 ,2.06,, $ 768.92 ,2.06,,,,,,,,,48.51%,,,,,,,,,,,,,,,,,,,,,
3/14/2026,,," $ 4,142.65 "," $ 4,142.65 ",,, $ 768.92 ,5.39,, $ 768.92 ,5.39,,,,,,,,,18.56%,,,,,,,,,,,,,,,,,,,,,
3/15/2026,,," $ 2,289.16 "," $ 2,289.16 ",,, $ 768.92 ,2.98,, $ 768.92 ,2.98,,,,,,,,,33.59%,,,,,,,,,,,,,,,,,,,,,
3/16/2026,,," $ 1,752.88 "," $ 1,752.88 ",,, $ 768.92 ,2.28,, $ 768.92 ,2.28,,,,,,,,,43.87%,,,,,,,,,,,,,,,,,,,,,
3/17/2026,,," $ 1,980.34 "," $ 1,980.34 ",,, $ 768.92 ,2.58,, $ 768.92 ,2.58,,,,,,,,,38.83%,,,,,,,,,,,,,,,,,,,,,
3/18/2026,,," $ 1,181.57 "," $ 1,181.57 ",,, $ 768.92 ,1.54,, $ 768.92 ,1.54,,,,,,,,,65.08%,,,,,,,,,,,,,,,,,,,,,
3/19/2026,,," $ 1,513.50 "," $ 1,513.50 ",,, $ 768.92 ,1.97,, $ 768.92 ,1.97,,,,,,,,,50.80%,,,,,,,,,,,,,,,,,,,,,
3/20/2026,,," $ 1,265.01 "," $ 1,265.01 ",,, $ 768.92 ,1.65,, $ 768.92 ,1.65,,,,,,,,,60.78%,,,,,,,,,,,,,,,,,,,,,
3/21/2026,,," $ 1,325.34 "," $ 1,325.34 ",,, $ 768.92 ,1.72,, $ 768.92 ,1.72,,,,,,,,,58.02%,,,,,,,,,,,,,,,,,,,,,
3/22/2026,,," $ 1,656.94 "," $ 1,656.94 ",,, $ 768.92 ,2.15,, $ 768.92 ,2.15,,,,,,,,,46.41%,,,,,,,,,,,,,,,,,,,,,
3/23/2026,,," $ 2,128.48 "," $ 2,128.48 ",,, $ 768.92 ,2.77,, $ 768.92 ,2.77,,,,,,,,,36.13%,,,,,,,,,,,,,,,,,,,,,
3/24/2026,,," $ 1,307.13 "," $ 1,307.13 ",,, $ 768.92 ,1.70,, $ 768.92 ,1.70,,,,,,,,,58.83%,,,,,,,,,,,,,,,,,,,,,
3/25/2026,,, $ 886.21 , $ 886.21 ,,, $ 768.92 ,1.15,, $ 768.92 ,1.15,,,,,,,,,86.76%,,,,,,,,,,,,,,,,,,,,,
3/26/2026,,, $ 225.59 , $ 225.59 ,,, $ 768.92 ,0.29,, $ 768.92 ,0.29,,,,,,,,,340.85%,,,,,,,,,,,,,,,,,,,,,
3/27/2026,,, $ 90.82 , $ 90.82 ,,, $ 768.92 ,0.12,, $ 768.92 ,0.12,,,,,,,,,846.64%,,,,,,,,,,,,,,,,,,,,,
3/28/2026,,, $ (212.00), $ (212.00),,, $ 768.92 ,-0.28,, $ 768.92 ,-0.28,,,,,,,,,-362.70%,,,,,,,,,,,,,,,,,,,,,
3/29/2026,,, $ 214.93 , $ 214.93 ,,, $ 768.92 ,0.28,, $ 768.92 ,0.28,,,,,,,,,357.75%,,,,,,,,,,,,,,,,,,,,,
3/30/2026,,, $ 372.48 , $ 372.48 ,,, $ 768.92 ,0.48,, $ 768.92 ,0.48,,,,,,,,,206.43%,,,,,,,,,,,,,,,,,,,,,
3/31/2026,,, $ 520.91 , $ 520.91 ,,, $ 768.92 ,0.68,, $ 768.92 ,0.68,,,,,,,,,147.61%,,,,,,,,,,,,,,,,,,,,,
4/1/2026,,, $ 157.06 , $ 157.06 ,,, $ 768.92 ,0.20,, $ 768.92 ,0.20,,,,,,,,,489.57%,,,,,,,,,,,,,,,,,,,,,
4/2/2026,,, $ (176.26), $ (176.26),,, $ 768.92 ,-0.23,, $ 768.92 ,-0.23,,,,,,,,,-436.24%,,,,,,,,,,,,,,,,,,,,,
4/3/2026,,, $ 255.91 , $ 255.91 ,,, $ 768.92 ,0.33,, $ 768.92 ,0.33,,,,,,,,,300.47%,,,,,,,,,,,,,,,,,,,,,
4/4/2026,,," $ 2,423.78 "," $ 2,423.78 ",,, $ 768.92 ,3.15,, $ 768.92 ,3.15,,,,,,,,,31.72%,,,,,,,,,,,,,,,,,,,,,
4/5/2026,,, $ 450.05 , $ 450.05 ,,, $ 768.92 ,0.59,, $ 768.92 ,0.59,,,,,,,,,170.85%,,,,,,,,,,,,,,,,,,,,,
4/6/2026,,, $ 384.44 , $ 384.44 ,,, $ 768.92 ,0.50,, $ 768.92 ,0.50,,,,,,,,,200.01%,,,,,,,,,,,,,,,,,,,,,
4/7/2026,,, $ 538.08 , $ 538.08 ,,, $ 768.92 ,0.70,, $ 768.92 ,0.70,,,,,,,,,142.90%,,,,,,,,,,,,,,,,,,,,,
4/8/2026,,, $ 394.67 , $ 394.67 ,,, $ 768.92 ,0.51,, $ 768.92 ,0.51,,,,,,,,,194.83%,,,,,,,,,,,,,,,,,,,,,
4/9/2026,,, $ 528.33 , $ 528.33 ,,, $ 768.92 ,0.69,, $ 768.92 ,0.69,,,,,,,,,145.54%,,,,,,,,,,,,,,,,,,,,,
4/10/2026,,, $ 609.43 , $ 609.43 ,,, $ 768.92 ,0.79,, $ 768.92 ,,,,,,,,,,126.17%,,,,,,,,,,,,,,,,,,,,,
4/11/2026,,, $ 626.09 , $ 626.09 ,,, $ 768.92 ,0.81,, $ 768.92 ,,,,,,,,,,122.81%,,,,,,,,,,,,,,,,,,,,,
4/12/2026,,," $ 1,001.51 "," $ 1,001.51 ",,, $ 768.92 ,1.30,, $ 768.92 ,,,,,,,,,,76.78%,,,,,,,,,,,,,,,,,,,,,
4/13/2026,,, $ 692.22 , $ 692.22 ,,, $ 768.92 ,0.90,, $ 768.92 ,,,,,,,,,,111.08%,,,,,,,,,,,,,,,,,,,,,
4/14/2026,,, $ 491.69 , $ 491.69 ,,, $ 768.92 ,0.64,, $ 768.92 ,,,,,,,,,,156.38%,,,,,,,,,,,,,,,,,,,,,
4/15/2026,,, $ 133.76 , $ 133.76 ,,, $ 768.92 ,0.17,, $ 768.92 ,,,,,,,,,,574.85%,,,,,,,,,,,,,,,,,,,,,
4/16/2026,,, $ 514.23 , $ 514.23 ,,, $ 768.92 ,0.67,, $ 768.92 ,,,,,,,,,,,,,,,,,,,,,,,,,,,,,,,
4/17/2026,,, $ 249.20 , $ 249.20 ,,, $ 768.92 ,0.32,, $ 768.92 ,,,,,,,,,,,,,,,,,,,,,,,,,,,,,,,
4/18/2026,,," $ 4,820.29 "," $ 4,820.29 ",,, $ 768.92 ,6.27,, $ 768.92 ,,,,,,,,,,,,,,,,,,,,,,,,,,,,,,,
4/19/2026,,," $ 2,255.29 "," $ 2,255.29 ",,, $ 768.92 ,2.93,, $ 768.92 ,,,,,,,,,,,,,,,,,,,,,,,,,,,,,,,
4/20/2026,,," $ 1,140.49 "," $ 1,140.49 ",,, $ 768.92 ,1.48,, $ 768.92 ,,,,,,,,,,,,,,,,,,,,,,,,,,,,,,,
4/21/2026,,, $ 793.70 , $ 793.70 ,,, $ 768.92 ,1.03,, $ 768.92 ,,,,,,,,,,,,,,,,,,,,,,,,,,,,,,,
4/22/2026,,," $ 1,019.67 "," $ 1,019.67 ",,, $ 768.92 ,1.33,, $ 768.92 ,,,,,,,,,,,,,,,,,,,,,,,,,,,,,,,
4/23/2026,,, $ 327.09 , $ 327.09 ,,, $ 768.92 ,0.43,, $ 768.92 ,,,,,,,,,,,,,,,,,,,,,,,,,,,,,,,
4/24/2026,,, $ 733.45 , $ 733.45 ,,, $ 768.92 ,0.95,, $ 768.92 ,,,,,,,,,,,,,,,,,,,,,,,,,,,,,,,
4/25/2026,,, $ 929.75 , $ 929.75 ,,, $ 768.92 ,1.21,, $ 768.92 ,,,,,,,,,,,,,,,,,,,,,,,,,,,,,,,
4/26/2026,,," $ 1,148.33 "," $ 1,148.33 ",,, $ 768.92 ,1.49,, $ 768.92 ,,,,,,,,,,,,,,,,,,,,,,,,,,,,,,,
4/27/2026,,, $ 832.34 , $ 832.34 ,,, $ 768.92 ,1.08,, $ 768.92 ,,,,,,,,,,,,,,,,,,,,,,,,,,,,,,,
4/28/2026,,, $ 357.90 , $ 357.90 ,,, $ 768.92 ,0.47,, $ 768.92 ,,,,,,,,,,,,,,,,,,,,,,,,,,,,,,,
4/29/2026,,, $ 499.21 , $ 499.21 ,,, $ 768.92 ,0.65,, $ 768.92 ,,,,,,,,,,,,,,,,,,,,,,,,,,,,,,,
4/30/2026,,, $ 361.81 , $ 361.81 ,,, $ 768.92 ,0.47,, $ 768.92 ,,,,,,,,,,,,,,,,,,,,,,,,,,,,,,,
5/1/2026,,, $ 404.05 , $ 404.05 ,,, $ 768.92 ,0.53,, $ 768.92 ,,,,,,,,,,,,,,,,,,,,,,,,,,,,,,,
5/2/2026,,," $ 3,603.54 "," $ 3,603.54 ",,, $ 768.92 ,4.69,, $ 768.92 ,,,,,,,,,,,,,,,,,,,,,,,,,,,,,,,
5/3/2026,,," $ 1,472.29 "," $ 1,472.29 ",,, $ 768.92 ,1.91,, $ 768.92 ,,,,,,,,,,,,,,,,,,,,,,,,,,,,,,,
5/4/2026,,," $ 1,367.97 "," $ 1,367.97 ",,, $ 768.92 ,1.78,, $ 768.92 ,,,,,,,,,,,,,,,,,,,,,,,,,,,,,,,
5/5/2026,,, $ 469.04 , $ 469.04 ,,, $ 768.92 ,0.61,, $ 768.92 ,,,,,,,,,,,,,,,,,,,,,,,,,,,,,,,
5/6/2026,,," $ 4,855.80 "," $ 4,855.80 ",,, $ 768.92 ,6.32,, $ 768.92 ,,,,,,,,,,,,,,,,,,,,,,,,,,,,,,,
5/7/2026,,, $ 393.55 , $ 393.55 ,,, $ 768.92 ,0.51,, $ 768.92 ,,,,,,,,,,,,,,,,,,,,,,,,,,,,,,,
5/8/2026,,, $ 783.52 , $ 783.52 ,,, $ 768.92 ,1.02,, $ 768.92 ,,,,,,,,,,,,,,,,,,,,,,,,,,,,,,,
5/9/2026,,, $ 404.01 , $ 404.01 ,,, $ 768.92 ,0.53,, $ 768.92 ,,,,,,,,,,,,,,,,,,,,,,,,,,,,,,,
5/10/2026,,, $ 631.35 , $ 631.35 ,,, $ 768.92 ,0.82,, $ 768.92 ,,,,,,,,,,,,,,,,,,,,,,,,,,,,,,,
5/11/2026,,, $ 279.21 , $ 279.21 ,,, $ 768.92 ,0.36,, $ 768.92 ,,,,,,,,,,,,,,,,,,,,,,,,,,,,,,,
5/12/2026,,, $ 103.22 , $ 103.22 ,,, $ 768.92 ,0.13,, $ 768.92 ,,,,,,,,,,,,,,,,,,,,,,,,,,,,,,,
5/13/2026,,, $ 40.80 , $ 40.80 ,,, $ 768.92 ,0.05,, $ 768.92 ,,,,,,,,,,,,,,,,,,,,,,,,,,,,,,,
5/14/2026,,, $ 163.91 , $ 163.91 ,,, $ 768.92 ,0.21,, $ 768.92 ,,,,,,,,,,,,,,,,,,,,,,,,,,,,,,,
5/15/2026,,, $ 3.99 , $ 3.99 ,,, $ 768.92 ,0.01,, $ 768.92 ,,,,,,,,,,,,,,,,,,,,,,,,,,,,,,,
5/16/2026,,, $ 80.95 , $ 80.95 ,,, $ 768.92 ,0.11,, $ 768.92 ,,,,,,,,,,,,,,,,,,,,,,,,,,,,,,,
5/17/2026,,, $ 6.99 , $ 6.99 ,,, $ 768.92 ,0.01,, $ 768.92 ,,,,,,,,,,,,,,,,,,,,,,,,,,,,,,,
5/18/2026,,, $ 436.47 , $ 436.47 ,,, $ 768.92 ,0.57,, $ 768.92 ,,,,,,,,,,,,,,,,,,,,,,,,,,,,,,,
5/19/2026,,, $ 17.79 , $ 17.79 ,,, $ 768.92 ,0.02,, $ 768.92 ,,,,,,,,,,,,,,,,,,,,,,,,,,,,,,,
5/20/2026,,, $ 30.72 , $ 30.72 ,,, $ 768.92 ,0.04,, $ 768.92 ,,,,,,,,,,,,,,,,,,,,,,,,,,,,,,,
5/21/2026,,, $ 23.97 , $ 23.97 ,,, $ 768.92 ,0.03,, $ 768.92 ,,,,,,,,,,,,,,,,,,,,,,,,,,,,,,,
5/22/2026,,, $ 245.03 , $ 245.03 ,,, $ 768.92 ,0.32,, $ 768.92 ,,,,,,,,,,,,,,,,,,,,,,,,,,,,,,,
,,, $ 62.54 , $ 62.54 ,,, $ 768.92 ,0.08,, $ 768.92 ,,,,,,,,,,,,,,,,,,,,,,,,,,,,,,,
,,," $ 1,067.42 "," $ 1,067.42 ",,, $ 768.92 ,1.39,, $ 768.92 ,,,,,,,,,,,,,,,,,,,,,,,,,,,,,,,
,,, $ 89.97 , $ 89.97 ,,, $ 768.92 ,0.12,, $ 768.92 ,,,,,,,,,,,,,,,,,,,,,,,,,,,,,,,
,,, $ -   ,,,, $ 768.92 ,0.00,, $ 768.92 ,,,,,,,,,,,,,,,,,,,,,,,,,,,,,,,
,,, $ -   ,,,, $ 768.92 ,0.00,, $ 768.92 ,,,,,,,,,,,,,,,,,,,,,,,,,,,,,,,
,,, $ -   ,,,, $ 768.92 ,0.00,, $ 768.92 ,,,,,,,,,,,,,,,,,,,,,,,,,,,,,,,
,,, $ -   ,,,, $ 768.92 ,0.00,, $ 768.92 ,,,,,,,,,,,,,,,,,,,,,,,,,,,,,,,
,,, $ -   ,,,, $ 768.92 ,0.00,, $ 768.92 ,,,,,,,,,,,,,,,,,,,,,,,,,,,,,,,
,,, $ -   ,,,, $ 768.92 ,0.00,, $ 768.92 ,,,,,,,,,,,,,,,,,,,,,,,,,,,,,,,
,,, $ -   ,,,,,#DIV/0!,, $ 768.92 ,,,,,,,,,,,,,,,,,,,,,,,,,,,,,,,
,,, $ -   ,,,,,#DIV/0!,, $ 768.92 ,,,,,,,,,,,,,,,,,,,,,,,,,,,,,,,
,,, $ -   ,,,,,#DIV/0!,, $ 768.92 ,,,,,,,,,,,,,,,,,,,,,,,,,,,,,,,
,,, $ -   ,,,,,#DIV/0!,, $ 768.92 ,,,,,,,,,,,,,,,,,,,,,,,,,,,,,,,
,,, $ -   ,,,,,#DIV/0!,, $ 768.92 ,,,,,,,,,,,,,,,,,,,,,,,,,,,,,,,
,,, $ -   ,,,,,#DIV/0!,, $ 768.92 ,,,,,,,,,,,,,,,,,,,,,,,,,,,,,,,
,,, $ -   ,,,,,#DIV/0!,, $ 768.92 ,,,,,,,,,,,,,,,,,,,,,,,,,,,,,,,
,,, $ -   ,,,,,#DIV/0!,, $ 768.92 ,,,,,,,,,,,,,,,,,,,,,,,,,,,,,,,
,,, $ -   ,,,,,#DIV/0!,, $ 768.92 ,,,,,,,,,,,,,,,,,,,,,,,,,,,,,,,
,,, $ -   ,,,,,#DIV/0!,, $ 768.92 ,,,,,,,,,,,,,,,,,,,,,,,,,,,,,,,
,,, $ -   ,,,,,,, $ 768.92 ,,,,,,,,,,,,,,,,,,,,,,,,,,,,,,,
,,, $ -   ,,,,,,,,,,,,,,,,,,,,,,,,,,,,,,,,,,,,,,
,,, $ -   ,,,,,,,,,,,,,,,,,,,,,,,,,,,,,,,,,,,,,,
,,, $ -   ,,,,,,,,,,,,,,,,,,,,,,,,,,,,,,,,,,,,,,
,,, $ -   ,,,,,,,,,,,,,,,,,,,,,,,,,,,,,,,,,,,,,,
,,, $ -   ,,,,,,,,,,,,,,,,,,,,,,,,,,,,,,,,,,,,,,
,,, $ -   ,,,,,,,,,,,,,,,,,,,,,,,,,,,,,,,,,,,,,,
,,, $ -   ,,,,,,,,,,,,,,,,,,,,,,,,,,,,,,,,,,,,,,
,,, $ -   ,,,,,,,,,,,,,,,,,,,,,,,,,,,,,,,,,,,,,,
,,, $ -   ,,,,,,,,,,,,,,,,,,,,,,,,,,,,,,,,,,,,,,
,,, $ -   ,,,,,,,,,,,,,,,,,,,,,,,,,,,,,,,,,,,,,,
,,, $ -   ,,,,,,,,,,,,,,,,,,,,,,,,,,,,,,,,,,,,,,
,,, $ -   ,,,,,,,,,,,,,,,,,,,,,,,,,,,,,,,,,,,,,,