produit	handle	rang	url	largeur	hauteur	texte_alternatif
2x Besace	2x-besace	1	https://cdn.shopify.com/s/files/1/0475/8932/7010/files/2X_BESACE.png?v=1722655013	1638	2048	Deux besaces isothermes en coton, isolées à la soie d'asclépiade, pour garder vos boissons et collations au frais.
2x Besace	2x-besace	2	https://cdn.shopify.com/s/files/1/0475/8932/7010/files/LASCLAY-TOTEBAG-GREEN-FRONT_DETAIL_094c811d-cffd-4f52-b216-60372ed136e8.png?v=1721063799	1638	2048	Deux besaces isothermes vertes en coton, isolées à la soie d'asclépiade, pour garder vos boissons au frais.
2x Besace	2x-besace	3	https://cdn.shopify.com/s/files/1/0475/8932/7010/files/4.png?v=1782265390	1024	1536	Personne portant en bandoulière une besace isotherme jaune moutarde en toile de coton doublée de nylon, anses noires et étiquette Lasclay, isolée à la fibre d'asclépiade pour garder les boissons au frais.
2x Besace	2x-besace	4	https://cdn.shopify.com/s/files/1/0475/8932/7010/files/3.png?v=1721397633	1024	1536	
2x Besace	2x-besace	5	https://cdn.shopify.com/s/files/1/0475/8932/7010/files/LASCLAY-TOTEBAG-BEIGE-FRONT_ce374074-b2c3-49e3-89e1-95a34e6072a0.png?v=1782265390	1638	2048	Grand sac fourre-tout en toile beige caramel, anses noires et bandoulière ajustable amovible, écusson Lasclay cousu, doublure isolante à la soie d'asclépiade, sac de plage et du quotidien.
2x Besace	2x-besace	6	https://cdn.shopify.com/s/files/1/0475/8932/7010/files/2.png?v=1782265390	1024	1536	Homme marchant en rue porte à la main une besace isotherme noire en toile de coton doublée de nylon, anses et logo Lasclay, isolée à la soie d'asclépiade pour garder les boissons fraîches.
2x Besace	2x-besace	7	https://cdn.shopify.com/s/files/1/0475/8932/7010/files/1.png?v=1721397633	1024	1536	
2x Besace	2x-besace	8	https://cdn.shopify.com/s/files/1/0475/8932/7010/files/2a21c686-a982-45ed-9737-a914defcbc67_1.jpg?v=1722654483	768	1024	Quatre besaces isothermes en coton, isolées à la soie d'Amérique, pour garder vos boissons et collations au frais.
2x Sac Lunch	2x-sac-lunch	1	https://cdn.shopify.com/s/files/1/0475/8932/7010/files/combo_2x_5ea15a01-7c09-424a-a153-d67f929da711.png?v=1722651329	1638	2048	
2x Sac Lunch	2x-sac-lunch	2	https://cdn.shopify.com/s/files/1/0475/8932/7010/files/LUNCH_BOX_-_45_FRONT_C_-_GREEN.png?v=1782265451	1638	2048	Sac à lunch isotherme Lasclay en toile de coton vert kaki fermé, vu de trois quarts, rabat enroulable à boucle et étiquette cousue, doublure imperméable en PVC isolée à la soie d'asclépiade.
2x Sac Lunch	2x-sac-lunch	3	https://cdn.shopify.com/s/files/1/0475/8932/7010/files/LUNCHBOX-45FRONT_C_-BEIGE.png?v=1782265451	1638	2048	Sac à lunch isotherme beige Lasclay en toile de coton à doublure imperméable, rabat enroulable à boucle, isolant à la soie d'asclépiade qui garde le repas frais, sur fond blanc.
2x Sac Lunch	2x-sac-lunch	4	https://cdn.shopify.com/s/files/1/0475/8932/7010/files/LUNCHBOX-45FRONT_C_-RED.png?v=1782265390	1638	2048	Sac à lunch isotherme rouge Lasclay en toile de coton à doublure imperméable, rabat enroulable à boucle, isolant à la fibre d'asclépiade qui garde le repas frais, sur fond blanc.
2x Sac Lunch	2x-sac-lunch	5	https://cdn.shopify.com/s/files/1/0475/8932/7010/files/LUNCHBOX-45FRONT_C_-PINK.png?v=1782265511	1638	2048	Sac à lunch isotherme rose Lasclay en toile de coton à doublure imperméable, rabat enroulable à boucle, isolant à la soie du Québec qui garde le repas frais, sur fond blanc.
2x Sac Lunch	2x-sac-lunch	6	https://cdn.shopify.com/s/files/1/0475/8932/7010/files/2023-07-Lasclay-Lunch-gif-ouverture.gif?v=1689885154	1024	720	
2x Sac Lunch	2x-sac-lunch	7	https://cdn.shopify.com/s/files/1/0475/8932/7010/files/2023-07-Lasclay-Lunch-4x5-360-2_711363eb-c6d5-4374-bbb3-b72f604a258c.gif?v=1770319942	819	1024	
2x Sac Lunch	2x-sac-lunch	8	https://cdn.shopify.com/s/files/1/0475/8932/7010/files/a8a2b95c-159c-4243-8836-5f35b6d3d73d.jpg?v=1722650710	702	768	Quatre sacs à lunch isothermes en coton, isolés à la soie d'asclépiade, pour garder les repas au frais.
2x Sac Lunch	2x-sac-lunch	9	https://cdn.shopify.com/s/files/1/0475/8932/7010/files/Lasclay-Lunchbag-4x5-07-2_90e4a4c9-cd10-4632-9f95-7a67a0580440.jpg?v=1721399621	1638	2048	
2x Sac Lunch	2x-sac-lunch	10	https://cdn.shopify.com/s/files/1/0475/8932/7010/files/Lasclay-Lunchbag-4x5-08-2_0def6195-c127-4f04-8d8e-9929492405fa.jpg?v=1721334804	1638	2048	
2x Sac Lunch	2x-sac-lunch	11	https://cdn.shopify.com/s/files/1/0475/8932/7010/files/Lasclay-Lunchbag-4x5-06-2.jpg?v=1690310902	1638	2048	
2x Sac Lunch	2x-sac-lunch	12	https://cdn.shopify.com/s/files/1/0475/8932/7010/files/Lasclay-Lunchbag-4x5-05-2.jpg?v=1690310902	1638	2048	
4x Besace	4x-besace	1	https://cdn.shopify.com/s/files/1/0475/8932/7010/files/4_besaces_f577960c-55f1-4244-9972-c0397affb078.png?v=1722657427	1638	2048	Quatre besaces isothermes en coton, isolées à la fibre d'asclépiade, pour transporter vos collations au frais.
4x Besace	4x-besace	2	https://cdn.shopify.com/s/files/1/0475/8932/7010/files/2a21c686-a982-45ed-9737-a914defcbc67_1.jpg?v=1722654483	768	1024	Quatre besaces isothermes en coton, isolées à la soie d'Amérique, pour garder vos boissons et collations au frais.
4x Besace	4x-besace	3	https://cdn.shopify.com/s/files/1/0475/8932/7010/files/4.png?v=1782265390	1024	1536	Personne portant en bandoulière une besace isotherme jaune moutarde en toile de coton doublée de nylon, anses noires et étiquette Lasclay, isolée à la fibre d'asclépiade pour garder les boissons au frais.
4x Besace	4x-besace	4	https://cdn.shopify.com/s/files/1/0475/8932/7010/files/3.png?v=1721397633	1024	1536	
4x Besace	4x-besace	5	https://cdn.shopify.com/s/files/1/0475/8932/7010/files/2.png?v=1782265390	1024	1536	Homme marchant en rue porte à la main une besace isotherme noire en toile de coton doublée de nylon, anses et logo Lasclay, isolée à la soie d'asclépiade pour garder les boissons fraîches.
4x Besace	4x-besace	6	https://cdn.shopify.com/s/files/1/0475/8932/7010/files/1.png?v=1721397633	1024	1536	
4x Sac Lunch	4x-sac-lunch	1	https://cdn.shopify.com/s/files/1/0475/8932/7010/files/combo_4x_c5cec627-99c6-482d-b686-6390479471ba.png?v=1722652476	1638	2048	Quatre sacs à lunch isothermes en coton, isolés à la soie d'Amérique, pour garder les repas au frais.
4x Sac Lunch	4x-sac-lunch	2	https://cdn.shopify.com/s/files/1/0475/8932/7010/files/LUNCHBOX-45FRONT_C_-BEIGE.png?v=1782265451	1638	2048	Sac à lunch isotherme beige Lasclay en toile de coton à doublure imperméable, rabat enroulable à boucle, isolant à la soie d'asclépiade qui garde le repas frais, sur fond blanc.
4x Sac Lunch	4x-sac-lunch	3	https://cdn.shopify.com/s/files/1/0475/8932/7010/files/2023-07-Lasclay-Lunch-gif-ouverture.gif?v=1689885154	1024	720	
4x Sac Lunch	4x-sac-lunch	4	https://cdn.shopify.com/s/files/1/0475/8932/7010/files/a8a2b95c-159c-4243-8836-5f35b6d3d73d.jpg?v=1722650710	702	768	Quatre sacs à lunch isothermes en coton, isolés à la soie d'asclépiade, pour garder les repas au frais.
4x Sac Lunch	4x-sac-lunch	5	https://cdn.shopify.com/s/files/1/0475/8932/7010/files/Lasclay-Lunchbag-4x5-07-2_90e4a4c9-cd10-4632-9f95-7a67a0580440.jpg?v=1721399621	1638	2048	
4x Sac Lunch	4x-sac-lunch	6	https://cdn.shopify.com/s/files/1/0475/8932/7010/files/2023-07-Lasclay-Lunch-4x5-360-2_711363eb-c6d5-4374-bbb3-b72f604a258c.gif?v=1770319942	819	1024	
4x Sac Lunch	4x-sac-lunch	7	https://cdn.shopify.com/s/files/1/0475/8932/7010/files/LUNCHBOX-45FRONT_C_-PINK.png?v=1782265511	1638	2048	Sac à lunch isotherme rose Lasclay en toile de coton à doublure imperméable, rabat enroulable à boucle, isolant à la soie du Québec qui garde le repas frais, sur fond blanc.
4x Sac Lunch	4x-sac-lunch	8	https://cdn.shopify.com/s/files/1/0475/8932/7010/files/Lasclay-Lunchbag-4x5-06-2.jpg?v=1690310902	1638	2048	
4x Sac Lunch	4x-sac-lunch	9	https://cdn.shopify.com/s/files/1/0475/8932/7010/files/Lasclay-Lunchbag-4x5-05-2.jpg?v=1690310902	1638	2048	
4x Sac Lunch	4x-sac-lunch	10	https://cdn.shopify.com/s/files/1/0475/8932/7010/files/Lasclay-Lunchbag-4x5-08-2_0def6195-c127-4f04-8d8e-9929492405fa.jpg?v=1721334804	1638	2048	
6 Illustrations Asclépiade et Monarques	illustrations-asclepiade-monarque	1	https://cdn.shopify.com/s/files/1/0475/8932/7010/files/illustrations.png?v=1721333654	1024	1638	Six affiches Lasclay encadrées de bois clair illustrant l'asclépiade: gousses, feuilles, aigrette de soie d'Amérique et un papillon monarque, sur fond blanc
6 Illustrations Asclépiade et Monarques	illustrations-asclepiade-monarque	2	https://cdn.shopify.com/s/files/1/0475/8932/7010/files/mockup_illus2.png?v=1721333680	2000	2408	Salon moderne avec canapé de cuir cognac et deux affiches Lasclay encadrées au mur illustrant l'asclépiade, une aigrette de soie et une feuille, en mise en situation
6 Illustrations Asclépiade et Monarques	illustrations-asclepiade-monarque	3	https://cdn.shopify.com/s/files/1/0475/8932/7010/files/Lasclay-Monarch-Visual.png?v=1721333720	2000	1255	Affiche Lasclay illustrant un papillon monarque orange butinant des fleurs d'asclépiade dessinées en noir et blanc, posée sur un socle de bois près d'une plante verte
Asclépiade 01 - Illustration 8x10	asclepias-01-print-8x10	1	https://cdn.shopify.com/s/files/1/0475/8932/7010/files/Lasclay-POD-8x10-01-frame.png?v=1782265451	1638	2048	Affiche d'art encadrée Lasclay représentant une gousse d'asclépiade peinte à l'encre brune, cadre de bois clair sur mur blanc.
Asclépiade 01 - Illustration 8x10	asclepias-01-print-8x10	2	https://cdn.shopify.com/s/files/1/0475/8932/7010/files/Lasclay-POD-8x10-01-dimensions.png?v=1782265451	1638	2048	Illustration d'une gousse d'asclépiade peinte à l'encre brune, affiche d'art Lasclay au format 8 x 10 pouces avec ses dimensions indiquées.
Asclépiade 02 - Illustration 8x10	asclepias-02-print-8x10	1	https://cdn.shopify.com/s/files/1/0475/8932/7010/files/Lasclay-POD-8x10-02-frame.png?v=1782265451	1638	2048	Affiche d'art encadrée Lasclay représentant une feuille d'asclépiade peinte à l'encre brune, cadre de bois clair sur mur blanc.
Asclépiade 02 - Illustration 8x10	asclepias-02-print-8x10	2	https://cdn.shopify.com/s/files/1/0475/8932/7010/files/Lasclay-POD-8x10-02-dimensions.png?v=1782265451	1638	2048	Affiche d'art Lasclay d'une feuille d'asclépiade peinte à l'encre brune, format 8 x 10 pouces avec dimensions indiquées.
Asclépiade 03 - Illustration 8x10	asclepias-03-print-8x10	1	https://cdn.shopify.com/s/files/1/0475/8932/7010/files/Lasclay-POD-8x10-03-frame.png?v=1782265451	1638	2048	Affiche d'art encadrée Lasclay représentant deux gousses d'asclépiade peintes à l'encre brune, cadre de bois clair sur mur blanc.
Asclépiade 03 - Illustration 8x10	asclepias-03-print-8x10	2	https://cdn.shopify.com/s/files/1/0475/8932/7010/files/Lasclay-POD-8x10-03-dimensions.png?v=1782265451	1638	2048	Affiche d'art Lasclay de deux gousses d'asclépiade peintes à l'encre brune, format 8 x 10 pouces avec dimensions indiquées.
Asclépiade 04 - Illustration 8x10	asclepias-04-print-8x10	1	https://cdn.shopify.com/s/files/1/0475/8932/7010/files/Lasclay-POD-8x10-04-frame.png?v=1782265451	1638	2048	Affiche d'art encadrée Lasclay représentant trois gousses d'asclépiade peintes à l'encre brune, cadre de bois clair sur mur blanc.
Asclépiade 04 - Illustration 8x10	asclepias-04-print-8x10	2	https://cdn.shopify.com/s/files/1/0475/8932/7010/files/Lasclay-POD-8x10-04-dimensions.png?v=1782265450	1638	2048	Affiche d'art Lasclay de trois gousses d'asclépiade peintes à l'encre brune, format 8 x 10 pouces avec dimensions indiquées.
Asclépiade 05 - Illustration 8x10	asclepias-05-print-8x10	1	https://cdn.shopify.com/s/files/1/0475/8932/7010/files/Lasclay-POD-8x10-05-frame.png?v=1782265450	1638	2048	Affiche d'art encadrée Lasclay représentant une touffe de soie d'asclépiade peinte à l'encre, cadre de bois clair sur mur blanc.
Asclépiade 05 - Illustration 8x10	asclepias-05-print-8x10	2	https://cdn.shopify.com/s/files/1/0475/8932/7010/files/Lasclay-POD-8x10-05-dimensions.png?v=1782265450	1638	2048	Affiche d'art Lasclay d'une touffe de soie d'asclépiade peinte à l'encre, format 8 x 10 pouces avec dimensions indiquées.
Bague Aile de monarque - Vente finale	bague-aile-monarque	1	https://cdn.shopify.com/s/files/1/0475/8932/7010/files/BagueAile2.jpg?v=1782265389	1000	1000	Bague aile de papillon monarque en argent posée sur fond blanc devant des fleurs de verge d'or jaunes, bijou inspiré du monarque de la marque québécoise Lasclay.
Bague Aile de monarque - Vente finale	bague-aile-monarque	2	https://cdn.shopify.com/s/files/1/0475/8932/7010/files/BagueAile1.jpg?v=1782265389	1000	1000	Bague aile de papillon en argent portée à la main, motif inspiré du monarque, bijou de la marque québécoise Lasclay avec fleurs d'asclépiade en arrière-plan.
Bague Aile de monarque - Vente finale	bague-aile-monarque	3	https://cdn.shopify.com/s/files/1/0475/8932/7010/files/BagueAile3.jpg?v=1782265389	1284	1284	Bague aile de papillon monarque en argent portée au doigt, motif ajouré d'aile, bijou délicat inspiré du monarque de la marque québécoise Lasclay.
Bague Aile de monarque - Vente finale	bague-aile-monarque	4	https://cdn.shopify.com/s/files/1/0475/8932/7010/files/Tailles_de_bagues_9098182c-f5ee-46e1-93aa-d173645251b1.webp?v=1765922694	746	333	Guide des tailles de bagues: correspondances US et France avec diamètre en millimètres, de la taille 5 à 17
Bandeau	headband	1	https://cdn.shopify.com/s/files/1/0475/8932/7010/files/Bandeau_sport_1.png?v=1782265389	720	900	Bandeau cache-oreilles de sport en polyester noir, large bande à couture droite et étiquette Lasclay cousue sur le côté, isolé à la soie d'asclépiade, chaud et léger pour la course.
Bandeau	headband	2	https://cdn.shopify.com/s/files/1/0475/8932/7010/files/Bandeau_torsade_asclepiade.png?v=1782265389	640	800	Bandeau cache-oreilles torsadé noir en nylon et rayonne, nœud croisé sur le devant et étiquette Lasclay, isolé à la soie d'Amérique, chaud et stylisé pour l'hiver.
Bandeau	headband	3	https://cdn.shopify.com/s/files/1/0475/8932/7010/files/Bandeaux-asclepiade-torsade-sport.png?v=1782265390	720	900	Deux bandeaux cache-oreilles noirs côte à côte, modèle sport en polyester à couture droite et modèle torsadé en nylon et rayonne à nœud, étiquette Lasclay, isolés à la soie d'asclépiade.
Bandeau	headband	4	https://cdn.shopify.com/s/files/1/0475/8932/7010/files/IMG_1228-2.jpg?v=1782265390	819	1024	Femme en hiver portant un bandeau noir et un cache-cou gris foncé marbré Lasclay isolés à la soie d'asclépiade, lunettes écaille, dans un décor de forêt.
Bandeau	headband	5	https://cdn.shopify.com/s/files/1/0475/8932/7010/files/IMG_1279.jpg?v=1782265390	819	1024	Femme souriante en hiver portant un bandeau cache-oreilles noir Lasclay isolé à la soie d'asclépiade, manteau matelassé kaki, dans un parc enneigé.
Bandeau	headband	6	https://cdn.shopify.com/s/files/1/0475/8932/7010/files/bandeau-asclepiade-torsade-hiver.jpg?v=1782265390	1229	1536	Femme souriante en lunettes de soleil portant un bandeau cache-oreilles torsadé Lasclay en nylon et rayonne noir, garni de fibre d'asclépiade, étiquette sur le côté, dans un paysage hivernal enneigé.
Bandeau d'asclépiade torsadé extra-doux	bandeau-copy	1	https://cdn.shopify.com/s/files/1/0475/8932/7010/files/Bandeaux_Viscose_Asclepiade_Couleurs.jpg?v=1782265333	2048	1536	Cinq bandeaux torsadés extra-doux en viscose de bambou alignés, noir, gris foncé, gris pâle, vert forêt et rouille, isolés à la soie d'asclépiade, légers et chauds pour l'hiver.
Bandeau d'asclépiade torsadé extra-doux	bandeau-copy	2	https://cdn.shopify.com/s/files/1/0475/8932/7010/files/Bandeaux_Viscose_Asclepiade_Vert2_d1ce98cc-3ac6-41ae-aaca-37b251d4a26f.jpg?v=1782265333	2048	1536	Bandeau torsadé extra-doux en viscose de bambou vert forêt foncé, nœud souple sur le devant, isolé à la fibre d'asclépiade, léger et chaud pour les sorties d'hiver.
Bandeau d'asclépiade torsadé extra-doux	bandeau-copy	3	https://cdn.shopify.com/s/files/1/0475/8932/7010/files/Bandeaux_Viscose_Asclepiade_Orange_3013c3ed-ac42-45a1-a2b1-6f08b62cb9e8.jpg?v=1782265333	2048	1536	Bandeau torsadé extra-doux en viscose de bambou orange rouille, nœud croisé sur le devant, isolé à la soie du Québec, doux et chaud pour l'hiver québécois.
Bandeau d'asclépiade torsadé extra-doux	bandeau-copy	4	https://cdn.shopify.com/s/files/1/0475/8932/7010/files/Bandeaux_Viscose_Asclepiade_Noir_1735e125-4283-4c44-9f91-4dd75ab2fe0b.jpg?v=1782265333	2048	1536	Bandeau torsadé extra-doux en viscose de bambou noire, nœud croisé sur le devant, isolé à la soie d'asclépiade, léger et chaud pour la course hivernale.
Bandeau d'asclépiade torsadé extra-doux	bandeau-copy	5	https://cdn.shopify.com/s/files/1/0475/8932/7010/files/Bandeaux_Viscose_Asclepiade_GrisFonce_94c39df8-6f13-43be-bcc2-e5003457f028.jpg?v=1782265333	2048	1536	Bandeau torsadé extra-doux en viscose de bambou gris foncé marbré, nœud croisé sur le devant, isolé à la soie d'asclépiade, léger et chaud pour la course hivernale.
Bandeau d'asclépiade torsadé extra-doux	bandeau-copy	6	https://cdn.shopify.com/s/files/1/0475/8932/7010/files/bandeau_rouge_et_cache_cou.jpg?v=1782265333	1161	1548	Femme portant un bandeau cache-oreilles torsadé et un cache-cou Lasclay assortis en viscose de bambou rouge rouille garnis de soie d'Amérique, cheveux longs, dans un parc aux feuilles d'automne.
Bandeau d'asclépiade torsadé extra-doux	bandeau-copy	7	https://cdn.shopify.com/s/files/1/0475/8932/7010/files/Bandeaux_Viscose_Asclepiade_GrisPale_a60f40d6-04ae-442b-ad91-00d84eb9212f.jpg?v=1782265333	2048	1536	Bandeau torsadé extra-doux en viscose de bambou gris pâle marbré, nœud croisé sur le devant, isolé à la soie d'asclépiade, léger et chaud pour le ski de fond.
Bandeau d'asclépiade torsadé extra-doux	bandeau-copy	8	https://cdn.shopify.com/s/files/1/0475/8932/7010/files/Bandeaux_Foulard_Viscose_Asclepiade_Orange.jpg?v=1782265333	2048	1536	Bandeau torsadé et foulard assorti en viscose de bambou orange rouille, matelassage en feuilles et étiquette tissée Lasclay, isolés à la soie d'asclépiade, doux et chauds pour l'hiver.
Bandeau d'asclépiade torsadé extra-doux	bandeau-copy	9	https://cdn.shopify.com/s/files/1/0475/8932/7010/files/Bandeaux_Cache-cou_Viscose_Asclepiade_Vert_ddac27e0-5e60-4bf4-b4ac-79b8cf433591.jpg?v=1782265333	2048	1536	Combo bandeau torsadé et cache-cou en viscose de bambou vert forêt, cache-cou matelassé de surpiqûres ondulées, isolé à la soie d'Amérique, doux et chaud pour l'hiver québécois.
Bandeau torsadé et foulard - Précommande novembre 2025	bandeau-torsade-et-foulard	1	https://cdn.shopify.com/s/files/1/0475/8932/7010/files/Bandeaux_Foulard_Viscose_Asclepiade_Vert_51b0af41-d69a-4d65-ba92-204ce68d676d.jpg?v=1760454167	4000	3000	Ensemble bandeau torsadé et foulard vert en viscose de bambou, isolé à la soie du Québec, pour la chaleur sans le poids.
Bandeau torsadé et foulard - Précommande novembre 2025	bandeau-torsade-et-foulard	2	https://cdn.shopify.com/s/files/1/0475/8932/7010/files/Bandeaux_Foulard_Viscose_Asclepiade_Orange_a95e0014-52bd-403c-b29c-63cafd613755.jpg?v=1760454167	4000	3000	Ensemble bandeau torsadé et foulard orange en viscose de bambou, isolé à la fibre d'asclépiade, pour rester au chaud tout l'hiver.
Bandeau torsadé et foulard - Précommande novembre 2025	bandeau-torsade-et-foulard	3	https://cdn.shopify.com/s/files/1/0475/8932/7010/files/Bandeaux_Foulard_Viscose_Asclepiade_GrisFonce_b1aca151-f0eb-4d97-a888-f1d02d944ac3.jpg?v=1760454167	4000	3000	Ensemble bandeau torsadé et foulard gris foncé marbré en viscose de bambou, isolé à la soie du Québec, pour la chaleur sans le poids.
Bandeau torsadé et foulard - Précommande novembre 2025	bandeau-torsade-et-foulard	4	https://cdn.shopify.com/s/files/1/0475/8932/7010/files/bandeau_foulard_rouge.jpg?v=1760537231	1350	1800	Ensemble bandeau torsadé et foulard rouge en viscose de bambou, isolé à la soie d'Amérique, pour la chaleur sans le poids.
Bandeau torsadé et foulard - Précommande novembre 2025	bandeau-torsade-et-foulard	5	https://cdn.shopify.com/s/files/1/0475/8932/7010/files/Bandeaux_Foulard_Viscose_Asclepiade_GrisPale_f176e028-ff55-40db-9f50-6d78abcc3955.jpg?v=1760537231	4000	3000	Ensemble bandeau torsadé et foulard gris pâle marbré en viscose de bambou, isolé à la soie d'asclépiade, pour rester au chaud tout l'hiver.
Bandeau torsadé et foulard - Précommande novembre 2025	bandeau-torsade-et-foulard	6	https://cdn.shopify.com/s/files/1/0475/8932/7010/files/Bandeaux_Foulard_Viscose_Asclepiade_Noir_c9f7fe0f-9229-4095-b2fa-2a2acfeca531.jpg?v=1760537231	4000	3000	Ensemble bandeau torsadé et foulard noir en viscose de bambou, isolé à la soie d'Amérique, pour la chaleur sans le poids.
Bandeau torsadé IMPARFAIT	bandeau-torsade-imparfait	1	https://cdn.shopify.com/s/files/1/0475/8932/7010/files/Bandeau_torsade_asclepiade.png?v=1782265389	640	800	Bandeau cache-oreilles torsadé noir en nylon et rayonne, nœud croisé sur le devant et étiquette Lasclay, isolé à la soie d'Amérique, chaud et stylisé pour l'hiver.
Bandeau torsadé IMPARFAIT	bandeau-torsade-imparfait	2	https://cdn.shopify.com/s/files/1/0475/8932/7010/files/Bandeau_sport_1.png?v=1782265389	720	900	Bandeau cache-oreilles de sport en polyester noir, large bande à couture droite et étiquette Lasclay cousue sur le côté, isolé à la soie d'asclépiade, chaud et léger pour la course.
Bandeau torsadé IMPARFAIT	bandeau-torsade-imparfait	3	https://cdn.shopify.com/s/files/1/0475/8932/7010/files/IMG_1745_adfff4ac-7c9c-41b1-8cd6-ab25f488360e.jpg?v=1762532928	1914	2496	Bandeau torsadé isolé à la fibre d'asclépiade, pour garder les oreilles au chaud par temps froid.
Bandeau torsadé IMPARFAIT	bandeau-torsade-imparfait	4	https://cdn.shopify.com/s/files/1/0475/8932/7010/files/bandeau-asclepiade-torsade-hiver.png?v=1759434243	350	438	Femme portant un bandeau torsadé noir Lasclay isolé à la soie d'asclépiade, accessoire chaud et stylé pour l'hiver.
Besace isotherme en asclépiade	besace	1	https://cdn.shopify.com/s/files/1/0475/8932/7010/files/LASCLAY-TOTEBAG-BLACK-FRONT_DETAIL.png?v=1782265390	1638	2048	Besace isotherme en toile de coton noire doublée de nylon présentée avec une bouteille de vin, bandoulière ajustable et écusson Lasclay brodé, doublure isolée à la soie d'Amérique qui garde les bouteilles au frais.
Besace isotherme en asclépiade	besace	2	https://cdn.shopify.com/s/files/1/0475/8932/7010/files/4.png?v=1782265390	1024	1536	Personne portant en bandoulière une besace isotherme jaune moutarde en toile de coton doublée de nylon, anses noires et étiquette Lasclay, isolée à la fibre d'asclépiade pour garder les boissons au frais.
Besace isotherme en asclépiade	besace	3	https://cdn.shopify.com/s/files/1/0475/8932/7010/files/LASCLAY-TOTEBAG-BEIGE-FRONT_ce374074-b2c3-49e3-89e1-95a34e6072a0.png?v=1782265390	1638	2048	Grand sac fourre-tout en toile beige caramel, anses noires et bandoulière ajustable amovible, écusson Lasclay cousu, doublure isolante à la soie d'asclépiade, sac de plage et du quotidien.
Besace isotherme en asclépiade	besace	4	https://cdn.shopify.com/s/files/1/0475/8932/7010/files/LASCLAY-TOTEBAG-RED-FRONT_e43c053e-a5ae-4da4-b921-3a4ccd2bde50.png?v=1782265390	1638	2048	Besace isotherme en toile de coton rouge framboise doublée de nylon, anses noires et bandoulière matelassée ajustable, écusson Lasclay cousu, garnie d'isolant à la soie d'Amérique, spacieuse pour la plage comme pour tous les jours.
Besace isotherme en asclépiade	besace	5	https://cdn.shopify.com/s/files/1/0475/8932/7010/files/LASCLAY_-_TOTE_BAG_-_GREEN_-_FRONT_38cfd782-0179-4d83-87c7-db9891e55447.png?v=1782265390	1638	2048	Besace isotherme en toile de coton vert kaki doublée de nylon, longues anses noires et bandoulière matelassée ajustable, écusson Lasclay cousu, isolant à la soie du Québec, parfaite pour la plage et les sorties de tous les jours.
Besace isotherme en asclépiade	besace	6	https://cdn.shopify.com/s/files/1/0475/8932/7010/files/2.png?v=1782265390	1024	1536	Homme marchant en rue porte à la main une besace isotherme noire en toile de coton doublée de nylon, anses et logo Lasclay, isolée à la soie d'asclépiade pour garder les boissons fraîches.
Besace isotherme en asclépiade	besace	7	https://cdn.shopify.com/s/files/1/0475/8932/7010/files/LASCLAY-TOTEBAG-YELLOW-FRONT_1de6dc0b-0d58-4c77-953e-a3e3992b399b.png?v=1782265390	1638	2048	Besace isotherme en toile de coton jaune moutarde doublée de nylon, anses noires et bandoulière matelassée ajustable, écusson Lasclay cousu, doublure isolante à la fibre d'asclépiade, vaste et solide pour la plage et le quotidien.
Besace isotherme en asclépiade	besace	8	https://cdn.shopify.com/s/files/1/0475/8932/7010/files/LASCLAY-TOTEBAG-PINK-FRONT_00367379-10b6-4c4d-871a-a4712a6a2ab6.png?v=1782265392	1638	2048	Besace isotherme en toile de coton rose poudré doublée de nylon, longues anses noires et bandoulière matelassée ajustable, écusson Lasclay cousu, doublure isolée à la soie du Québec, parfaite pour la plage et le quotidien.
Besace isotherme en asclépiade	besace	9	https://cdn.shopify.com/s/files/1/0475/8932/7010/files/LASCLAY-TOTEBAG-BLACK-FRONT.png?v=1782265390	1638	2048	Besace isotherme en toile de coton noire doublée de nylon, anses et bandoulière ajustable amovible, écusson Lasclay cousu, doublure isolée à la soie d'asclépiade, sac de plage et de tous les jours.
Besace isotherme en asclépiade IMPARFAIT	besace-isotherme-en-asclepiade-imparfait	1	https://cdn.shopify.com/s/files/1/0475/8932/7010/files/LASCLAY-TOTEBAG-BLACK-FRONT_DETAIL.png?v=1782265390	1638	2048	Besace isotherme en toile de coton noire doublée de nylon présentée avec une bouteille de vin, bandoulière ajustable et écusson Lasclay brodé, doublure isolée à la soie d'Amérique qui garde les bouteilles au frais.
Besace isotherme en asclépiade IMPARFAIT	besace-isotherme-en-asclepiade-imparfait	2	https://cdn.shopify.com/s/files/1/0475/8932/7010/files/4.png?v=1782265390	1024	1536	Personne portant en bandoulière une besace isotherme jaune moutarde en toile de coton doublée de nylon, anses noires et étiquette Lasclay, isolée à la fibre d'asclépiade pour garder les boissons au frais.
Besace isotherme en asclépiade IMPARFAIT	besace-isotherme-en-asclepiade-imparfait	3	https://cdn.shopify.com/s/files/1/0475/8932/7010/files/LASCLAY-TOTEBAG-BEIGE-FRONT_ce374074-b2c3-49e3-89e1-95a34e6072a0.png?v=1782265390	1638	2048	Grand sac fourre-tout en toile beige caramel, anses noires et bandoulière ajustable amovible, écusson Lasclay cousu, doublure isolante à la soie d'asclépiade, sac de plage et du quotidien.
Besace isotherme en asclépiade IMPARFAIT	besace-isotherme-en-asclepiade-imparfait	4	https://cdn.shopify.com/s/files/1/0475/8932/7010/files/LASCLAY_-_TOTE_BAG_-_GREEN_-_FRONT_38cfd782-0179-4d83-87c7-db9891e55447.png?v=1782265390	1638	2048	Besace isotherme en toile de coton vert kaki doublée de nylon, longues anses noires et bandoulière matelassée ajustable, écusson Lasclay cousu, isolant à la soie du Québec, parfaite pour la plage et les sorties de tous les jours.
Besace isotherme en asclépiade IMPARFAIT	besace-isotherme-en-asclepiade-imparfait	5	https://cdn.shopify.com/s/files/1/0475/8932/7010/files/LASCLAY-TOTEBAG-RED-FRONT_e43c053e-a5ae-4da4-b921-3a4ccd2bde50.png?v=1782265390	1638	2048	Besace isotherme en toile de coton rouge framboise doublée de nylon, anses noires et bandoulière matelassée ajustable, écusson Lasclay cousu, garnie d'isolant à la soie d'Amérique, spacieuse pour la plage comme pour tous les jours.
Besace isotherme en asclépiade IMPARFAIT	besace-isotherme-en-asclepiade-imparfait	6	https://cdn.shopify.com/s/files/1/0475/8932/7010/files/2.png?v=1782265390	1024	1536	Homme marchant en rue porte à la main une besace isotherme noire en toile de coton doublée de nylon, anses et logo Lasclay, isolée à la soie d'asclépiade pour garder les boissons fraîches.
Besace isotherme en asclépiade IMPARFAIT	besace-isotherme-en-asclepiade-imparfait	7	https://cdn.shopify.com/s/files/1/0475/8932/7010/files/LASCLAY-TOTEBAG-YELLOW-FRONT_1de6dc0b-0d58-4c77-953e-a3e3992b399b.png?v=1782265390	1638	2048	Besace isotherme en toile de coton jaune moutarde doublée de nylon, anses noires et bandoulière matelassée ajustable, écusson Lasclay cousu, doublure isolante à la fibre d'asclépiade, vaste et solide pour la plage et le quotidien.
Besace isotherme en asclépiade IMPARFAIT	besace-isotherme-en-asclepiade-imparfait	8	https://cdn.shopify.com/s/files/1/0475/8932/7010/files/LASCLAY-TOTEBAG-PINK-FRONT_00367379-10b6-4c4d-871a-a4712a6a2ab6.png?v=1782265392	1638	2048	Besace isotherme en toile de coton rose poudré doublée de nylon, longues anses noires et bandoulière matelassée ajustable, écusson Lasclay cousu, doublure isolée à la soie du Québec, parfaite pour la plage et le quotidien.
Besace isotherme en asclépiade IMPARFAIT	besace-isotherme-en-asclepiade-imparfait	9	https://cdn.shopify.com/s/files/1/0475/8932/7010/files/LASCLAY-TOTEBAG-BLACK-FRONT.png?v=1782265390	1638	2048	Besace isotherme en toile de coton noire doublée de nylon, anses et bandoulière ajustable amovible, écusson Lasclay cousu, doublure isolée à la soie d'asclépiade, sac de plage et de tous les jours.
Bombes semencières -  Fleurs indigènes	flower-seed-bombs	1	https://cdn.shopify.com/s/files/1/0475/8932/7010/files/Lasclay_Bombes_2024_10.png?v=1782265390	1638	2048	Bombes semencières d'asclépiade en boules de terreau, avec graines et jeunes fleurs, à déposer au sol pour aider le papillon monarque.
Bombes semencières -  Fleurs indigènes	flower-seed-bombs	2	https://cdn.shopify.com/s/files/1/0475/8932/7010/files/Lasclay_Bombes_2024_11.png?v=1782265390	1638	2048	Bombes semencières d'asclépiade en boules de terreau près de jeunes fleurs blanches et de graines, à semer facilement pour aider le papillon monarque.
Bombes semencières -  Fleurs indigènes	flower-seed-bombs	3	https://cdn.shopify.com/s/files/1/0475/8932/7010/files/Lasclay_Bombes_2024_3.png?v=1782265390	1638	2048	Bombe semencière d'asclépiade avec plusieurs pousses vertes émergées d'une boule de terreau, semis facile pour soutenir le monarque.
Bombes semencières -  Fleurs indigènes	flower-seed-bombs	4	https://cdn.shopify.com/s/files/1/0475/8932/7010/files/Lasclay_Bombes_2024_1_904433c6-a397-4cf3-8a3c-3ece60f98687.png?v=1782265390	1638	2048	Bombes semencières d'asclépiade alignées de profil, boules de terreau riches en graines pour faire fleurir la plante hôte du monarque.
Bombes semencières -  Fleurs indigènes	flower-seed-bombs	5	https://cdn.shopify.com/s/files/1/0475/8932/7010/files/Lasclay_Bombes_2024_192302a7-c9df-4a71-bcd0-e462e7e2eb83.png?v=1782265390	1638	2048	Dix bombes semencières d'asclépiade en boules de terreau, présentées en grille sur fond blanc, faciles à semer pour aider le monarque.
Bombes semencières -  Fleurs indigènes	flower-seed-bombs	6	https://cdn.shopify.com/s/files/1/0475/8932/7010/files/DSC_0213.png?v=1782265390	1362	2048	Jeune pousse d'asclépiade sortant d'un monticule de terre à côté de bombes semencières, pour planter l'asclépiade et nourrir le papillon monarque.
Bombes semencières -  Fleurs indigènes	flower-seed-bombs	7	https://cdn.shopify.com/s/files/1/0475/8932/7010/files/FR_Medicinal.png?v=1782265390	1152	1440	Carte d'information sur le mélange de plantes médicinales accompagnant l'asclépiade: millepertuis, échinacée, épilobe, agastache, monarde et autres, avec mise en garde d'usage.
Bombes semencières -  Fleurs indigènes	flower-seed-bombs	8	https://cdn.shopify.com/s/files/1/0475/8932/7010/files/FR_Comestible.png?v=1782265390	1152	1440	Carte d'information sur le mélange de fleurs sauvages comestibles accompagnant l'asclépiade: épilobe, onagre, agastache, achillée, monarde et autres plantes sauvages.
Bombes semencières -  Fleurs indigènes	flower-seed-bombs	9	https://cdn.shopify.com/s/files/1/0475/8932/7010/files/FR_Mellifere.png?v=1782265391	1152	1440	Abeille butinant une fleur, carte du mélange mellifère qui accompagne l'asclépiade: aster, onagre, agastache, monarde, échinacée et autres plantes à miel.
Bombes semencières -  Fleurs indigènes	flower-seed-bombs	10	https://cdn.shopify.com/s/files/1/0475/8932/7010/files/FR_Revegetalisation.png?v=1782265391	1152	1440	Carte du mélange de semences de revégétalisation avec l'asclépiade: eupatoire, millepertuis, aster, verge d'or, monarde et autres fleurs sauvages dans une prairie.
Bombes semencières -  Fleurs indigènes	flower-seed-bombs	11	https://cdn.shopify.com/s/files/1/0475/8932/7010/files/FR_Pollinisateurs.png?v=1782265450	1152	1440	Sphinx colibri butinant une fleur d'asclépiade rose, carte du mélange pour colibris et pollinisateurs: monarde, échinacée, verge d'or et autres espèces.
Bombes semencières -  Fleurs indigènes	flower-seed-bombs	12	https://cdn.shopify.com/s/files/1/0475/8932/7010/files/FR_Milieux_humides.png?v=1782265450	1152	1440	Carte du mélange de semences pour milieux humides accompagnant l'asclépiade: hélénie, épilobe, héliopsis, verge d'or et autres, devant un jardin de pluie fleuri.
Bombes semencières - Asclépiade	milkweed-seed-bombs	1	https://cdn.shopify.com/s/files/1/0475/8932/7010/files/Lasclay_Bombes_2024_7.png?v=1782265390	1638	2048	Bombes semencières d'asclépiade en tas avec jeunes pousses et graines déposées à côté, prêtes à verdir le jardin pour le monarque.
Bombes semencières - Asclépiade	milkweed-seed-bombs	2	https://cdn.shopify.com/s/files/1/0475/8932/7010/files/Lasclay_Bombes_2024_9-Recupere.png?v=1782265390	1638	2048	Bombe semencière d'asclépiade germée parmi d'autres boules de terreau, jeune plant émergé, plante hôte essentielle du papillon monarque.
Bombes semencières - Asclépiade	milkweed-seed-bombs	3	https://cdn.shopify.com/s/files/1/0475/8932/7010/files/Lasclay_Bombes_2024_1.png?v=1782265391	1638	2048	Bombes semencières d'asclépiade vues de côté, deux rangées de boules de terreau prêtes à être déposées au jardin pour le monarque.
Bombes semencières - Asclépiade	milkweed-seed-bombs	4	https://cdn.shopify.com/s/files/1/0475/8932/7010/files/Lasclay_Bombes_2024_6.png?v=1782265390	1638	2048	Bombe semencière d'asclépiade germée, jeunes pousses vertes sortant d'une boule de terreau, première étape vers la plante du monarque.
Bombes semencières - Asclépiade	milkweed-seed-bombs	5	https://cdn.shopify.com/s/files/1/0475/8932/7010/files/Lasclay_Bombes_2024.png?v=1782265391	1638	2048	Dix bombes semencières d'asclépiade en boules de terreau, alignées sur fond blanc, prêtes à semer pour nourrir le papillon monarque.
Bombes semencières - Asclépiade	milkweed-seed-bombs	6	https://cdn.shopify.com/s/files/1/0475/8932/7010/files/exaltata-25.jpg?v=1782265389	601	751	Fiche botanique de l'asclepiade tres grande (Asclepias exaltata) en fleurs blanches et vertes, vivace de sous-bois
Bombes semencières - Asclépiade	milkweed-seed-bombs	7	https://cdn.shopify.com/s/files/1/0475/8932/7010/files/v2_Images_avec_texte_informatif-37.png?v=1782265390	600	750	Fiche d'information sur l'asclépiade de l'Arizona (Asclepias angustifolia), vivace aux fleurs blanches qui accueille le papillon monarque
Bombes semencières - Asclépiade	milkweed-seed-bombs	8	https://cdn.shopify.com/s/files/1/0475/8932/7010/files/Images_avec_texte_informatif-30.jpg?v=1772658960	1400	1751	Fiche de culture de l'asclépiade de l'Utah (Asclepias labriformis) aux fleurs blanches: vivace zones 3 à 8, plein soleil, sol sec et sableux, floraison de mai à août.
Bombes semencières - Asclépiade	milkweed-seed-bombs	9	https://cdn.shopify.com/s/files/1/0475/8932/7010/files/FR_AsclepiadeIncarnate.png?v=1782265389	1153	1440	Papillon monarque posé sur une asclépiade incarnate rose (Asclepias incarnata), fiche de culture: vivace zone 3, sol humide, floraison de juin à août.
Bombes semencières - Asclépiade	milkweed-seed-bombs	10	https://cdn.shopify.com/s/files/1/0475/8932/7010/files/FR_Asclepiade_Tubereuse_b832f9bb-16fd-4b48-8a84-df9a82314f79.png?v=1782265388	450	563	Fiche de culture de l'asclépiade tubéreuse (Asclepias tuberosa) aux fleurs oranges: vivace zone 3, plein soleil, sol sec et rocailleux, floraison de juin à août.
Bombes semencières - Asclépiade	milkweed-seed-bombs	11	https://cdn.shopify.com/s/files/1/0475/8932/7010/files/FR_Asclepiade_commune_5a632487-26d4-45c9-903e-f4c55879e364.png?v=1782265389	1152	1440	Papillon monarque sur une asclépiade commune (Asclepias syriaca), fiche de culture: vivace rustique zone 2, plein soleil, fleurs roses, floraison de juin à août.
Bombes semencières - Asclépiade	milkweed-seed-bombs	12	https://cdn.shopify.com/s/files/1/0475/8932/7010/files/FR_Asclepiade_Speciosa.png?v=1782265389	1152	1440	Fiche de culture de l'asclépiade Speciosa (Asclepias speciosa) aux fleurs roses et blanches étoilées: vivace rustique zone 2, plein soleil, floraison de juin à août.
Bombes semencières - Asclépiade	milkweed-seed-bombs	13	https://cdn.shopify.com/s/files/1/0475/8932/7010/files/Images_avec_texte_informatif_FR_Asclepiade_Tubereuse_copie.jpg?v=1776090590	1400	1751	Fiche de culture de l'asclépiade des Prairies (Asclepias sullivantii) aux fleurs roses: vivace zones 2 à 7, plein soleil, sol argileux, floraison de juin à août.
Bombes semencières - Asclépiade	milkweed-seed-bombs	14	https://cdn.shopify.com/s/files/1/0475/8932/7010/files/Images_avec_texte_informatif-28.jpg?v=1776090590	1400	1751	Fiche de culture de l'asclépiade verticillée (Asclepias verticillata) aux fleurs blanches avec une coccinelle: vivace zones 3 à 9, plein soleil, floraison de juillet à septembre.
Bombes semencières - Asclépiade	milkweed-seed-bombs	15	https://cdn.shopify.com/s/files/1/0475/8932/7010/files/Images_avec_texte_informatif-29.jpg?v=1772658960	1401	1751	Fiche de culture de l'asclépiade à feuilles étroites (Asclepias verticillata) aux fleurs blanches et roses: vivace zones 5 à 10, plein soleil, floraison de juin à octobre.
Bombes semencières - Asclépiade	milkweed-seed-bombs	16	https://cdn.shopify.com/s/files/1/0475/8932/7010/files/Images_avec_texte_informatif_FR_Asclepiade_commune_copie_7b79ebad-3800-4b10-b317-64dc3cbcaf79.jpg?v=1776090590	1401	1751	Fiche de culture de l'asclépiade verte (Asclepias viridis) aux fleurs vertes et mauves: vivace zones 4 à 9, plein soleil, sol sec, floraison de mai à juillet.
Boucles d'oreilles Asclepias (précommande)	boucles-oreilles-asclepias	1	https://cdn.shopify.com/s/files/1/0475/8932/7010/files/BouclesAsclepiade1.jpg?v=1725129274	1554	1554	Boucles d'oreilles en argent en forme de fleur d'asclépiade, bijou réalisé par une joaillère québécoise, sur fond blanc.
Boucles d'oreilles Asclepias (précommande)	boucles-oreilles-asclepias	2	https://cdn.shopify.com/s/files/1/0475/8932/7010/files/BouclesAsclepiade2.jpg?v=1725129274	1843	1843	Boucles d'oreilles fleur d'asclépiade en argent sterling, vue rapprochée, bijou d'inspiration locale, sur fond blanc.
Boucles d'oreilles Asclepias (précommande)	boucles-oreilles-asclepias	3	https://cdn.shopify.com/s/files/1/0475/8932/7010/files/BouclesAsclepiade3.jpg?v=1725129274	1843	1843	Boucles d'oreilles fleur d'asclépiade en argent, moulage précis de la fleur, bijou québécois, sur fond blanc.
Boucles d'oreilles Asclepias (précommande)	boucles-oreilles-asclepias	4	https://cdn.shopify.com/s/files/1/0475/8932/7010/files/BouclesAsclepiade4.jpg?v=1725129274	1634	1634	Boucles d'oreilles fleur d'asclépiade en argent sterling, autre angle, cadeau nature, sur fond blanc.
Boucles d'oreilles Asclepias (précommande)	boucles-oreilles-asclepias	5	https://cdn.shopify.com/s/files/1/0475/8932/7010/files/seed4.jpg?v=1782265389	2048	2048	Paire de boucles d'oreilles Lasclay en argent en forme de graine d'asclépiade, fines puces à tige sur fond clair
Boucles d'oreilles Asclepias (précommande)	boucles-oreilles-asclepias	6	https://cdn.shopify.com/s/files/1/0475/8932/7010/files/seed3.jpg?v=1782265389	2048	2048	Deux paires de boucles d'oreilles Lasclay en argent en forme de graine d'asclépiade, petites puces à tige sur fond clair
Boucles d'oreilles Asclepias (précommande)	boucles-oreilles-asclepias	7	https://cdn.shopify.com/s/files/1/0475/8932/7010/files/seed5.jpg?v=1782265389	2048	2048	Petites boucles d'oreilles Lasclay en argent en forme de graine d'asclépiade posées sur le bout des doigts, pour montrer leur échelle
Boucles d'oreilles Asclepias (précommande)	boucles-oreilles-asclepias	8	https://cdn.shopify.com/s/files/1/0475/8932/7010/files/seed8.jpg?v=1782265390	2048	2048	Boucles d'oreilles Lasclay en argent en forme de graine d'asclépiade avec leurs fermoirs, vues de profil sur fond clair
Boucles d'oreilles Asclepias (précommande)	boucles-oreilles-asclepias	9	https://cdn.shopify.com/s/files/1/0475/8932/7010/files/seed9.jpg?v=1782265389	2048	2048	Gros plan d'une paire de boucles d'oreilles Lasclay en argent en forme de graine d'asclépiade avec poussettes
Cache-cou d'asclépiade	neckwarmer	1	https://cdn.shopify.com/s/files/1/0475/8932/7010/files/cc_vert.png?v=1782265332	1536	2048	Cache-cou vert forêt matelassé à motif ondulé, isolé à la soie d'asclépiade, présenté à plat
Cache-cou d'asclépiade	neckwarmer	2	https://cdn.shopify.com/s/files/1/0475/8932/7010/files/ccgrisfonce-procheattache.jpg?v=1770319011	1536	2048	Gros plan de mains ajustant le cordon de serrage d'un cache-cou gris foncé marbré isolé à l'asclépiade, étiquette Lasclay visible
Cache-cou d'asclépiade	neckwarmer	3	https://cdn.shopify.com/s/files/1/0475/8932/7010/files/2cc_gris_fonc_-_Copie.jpg?v=1770319011	1536	1229	Cache-cou tubulaire gris foncé marbré en viscose de bambou, matelassé de surpiqûres ondulées, isolé à la soie d'asclépiade, doux au cou et chaud pour l'hiver québécois.
Cache-cou d'asclépiade	neckwarmer	4	https://cdn.shopify.com/s/files/1/0475/8932/7010/files/ccgrisfonce-angle.jpg?v=1770319011	1536	2048	Cache-cou gris foncé marbré matelassé à cordon de serrage, isolé à la soie d'asclépiade, vu de trois quarts avec étiquette Lasclay
Cache-cou d'asclépiade	neckwarmer	5	https://cdn.shopify.com/s/files/1/0475/8932/7010/files/2cc_gris_pale.jpg?v=1770319011	1536	1229	Cache-cou tubulaire gris pâle marbré en viscose de bambou, matelassé de surpiqûres ondulées, isolé à la soie du Québec, doux au cou et coupe-vent pour l'hiver.
Cache-cou d'asclépiade	neckwarmer	6	https://cdn.shopify.com/s/files/1/0475/8932/7010/files/IMG_1239-2.png?v=1782265333	1639	2048	Personne en hiver portant une tuque grise et un cache-cou gris foncé marbré Lasclay isolé à la soie d'asclépiade remonté sur le visage, contre le froid.
Cache-cou d'asclépiade	neckwarmer	7	https://cdn.shopify.com/s/files/1/0475/8932/7010/files/GIF-cache-cou-lasclay.gif?v=1770239293	491	614	Animation du cache-cou matelassé en asclépiade de Lasclay, chaud pour l'hiver même en Arctique
Cache-cou d'asclépiade	neckwarmer	8	https://cdn.shopify.com/s/files/1/0475/8932/7010/files/2cc_noir.jpg?v=1770319011	1536	1229	Cache-cou tubulaire noir en viscose de bambou matelassé de surpiqûres ondulées, isolé à la soie d'asclépiade, doux au cou et chaud pour les grands froids québécois.
Cache-cou d'asclépiade	neckwarmer	9	https://cdn.shopify.com/s/files/1/0475/8932/7010/files/bandeaugriscontexte.jpg?v=1782265390	1350	1800	Femme de profil portant un bandeau cache-oreilles torsadé et un cache-cou Lasclay assortis en viscose de bambou gris pâle, garnis de soie d'asclépiade, sur un sentier bordé d'arbres aux teintes d'automne.
Cache-cou d'asclépiade	neckwarmer	10	https://cdn.shopify.com/s/files/1/0475/8932/7010/files/Cache-cou.png?v=1782265332	618	773	Cache-cou matelassé gris foncé marbré en viscose de bambou, surpiqûres ondulées et étiquette Lasclay cousue, plié pour la montrer, isolé à la soie d'asclépiade, chaud et coupe-vent.
Cache-cou d'asclépiade	neckwarmer	11	https://cdn.shopify.com/s/files/1/0475/8932/7010/files/2cc_gris_fonce_-_dessus_4e643c8d-8917-43ea-94e1-f7583a410525.jpg?v=1770239293	1536	1229	Cache-cou gris foncé marbré en viscose de bambou posé à plat, matelassage ondulé en trois bandes, isolant à la fibre d'asclépiade, léger et chaud sous la tuque ou le manteau.
Cache-cou d'asclépiade	neckwarmer	12	https://cdn.shopify.com/s/files/1/0475/8932/7010/files/2cc_orange.jpg?v=1770239293	1536	1229	Cache-cou tubulaire orange rouille en viscose de bambou, matelassé de surpiqûres en vagues, isolé à la fibre d'asclépiade, doux au cou et chaud pour l'hiver québécois.
Cache-cou d'asclépiade  - ancienne version non-ajustable	cache-cou-dasclepiade-imparfait	1	https://cdn.shopify.com/s/files/1/0475/8932/7010/files/2cc_gris_fonce_-_dessus_4e643c8d-8917-43ea-94e1-f7583a410525.jpg?v=1770239293	1536	1229	Cache-cou gris foncé marbré en viscose de bambou posé à plat, matelassage ondulé en trois bandes, isolant à la fibre d'asclépiade, léger et chaud sous la tuque ou le manteau.
Cache-cou d'asclépiade  - ancienne version non-ajustable	cache-cou-dasclepiade-imparfait	2	https://cdn.shopify.com/s/files/1/0475/8932/7010/files/IMG_1239-2.png?v=1782265333	1639	2048	Personne en hiver portant une tuque grise et un cache-cou gris foncé marbré Lasclay isolé à la soie d'asclépiade remonté sur le visage, contre le froid.
Cache-cou d'asclépiade  - ancienne version non-ajustable	cache-cou-dasclepiade-imparfait	3	https://cdn.shopify.com/s/files/1/0475/8932/7010/files/GIF-cache-cou-lasclay.gif?v=1770239293	491	614	Animation du cache-cou matelassé en asclépiade de Lasclay, chaud pour l'hiver même en Arctique
Cache-cou d'asclépiade  - ancienne version non-ajustable	cache-cou-dasclepiade-imparfait	4	https://cdn.shopify.com/s/files/1/0475/8932/7010/files/Cache-cou.png?v=1782265332	618	773	Cache-cou matelassé gris foncé marbré en viscose de bambou, surpiqûres ondulées et étiquette Lasclay cousue, plié pour la montrer, isolé à la soie d'asclépiade, chaud et coupe-vent.
Cache-cou d'asclépiade  - ancienne version non-ajustable	cache-cou-dasclepiade-imparfait	5	https://cdn.shopify.com/s/files/1/0475/8932/7010/files/bandeau_printemps_1024_x_1024_dcc67f7f-7652-498a-92e1-a91f77743691.jpg?v=1782265332	1024	1024	Femme ajustant un bandeau cache-oreilles torsadé Lasclay en viscose de bambou noir garni de soie d'asclépiade, porté avec un cache-cou gris marbré et des lunettes de soleil, sur un fond de neige.
Cache-cou d'asclépiade IMPARFAIT	cache-cou-dasclepiade-imparfait-1	1	https://cdn.shopify.com/s/files/1/0475/8932/7010/files/Cache-cou_-_Noir.jpg?v=1782265332	2048	2048	Cache-cou matelassé noir en viscose de bambou, surpiqûres en vagues et petit mousqueton au col, doublure isolée à la fibre d'asclépiade, chaud et coupe-vent sur fond blanc.
Cache-cou d'asclépiade IMPARFAIT	cache-cou-dasclepiade-imparfait-1	2	https://cdn.shopify.com/s/files/1/0475/8932/7010/files/ccgrisfonce-procheattache.jpg?v=1770319011	1536	2048	Gros plan de mains ajustant le cordon de serrage d'un cache-cou gris foncé marbré isolé à l'asclépiade, étiquette Lasclay visible
Cache-cou d'asclépiade IMPARFAIT	cache-cou-dasclepiade-imparfait-1	3	https://cdn.shopify.com/s/files/1/0475/8932/7010/files/ccgrisfonce-angle.jpg?v=1770319011	1536	2048	Cache-cou gris foncé marbré matelassé à cordon de serrage, isolé à la soie d'asclépiade, vu de trois quarts avec étiquette Lasclay
Cache-cou d'asclépiade IMPARFAIT	cache-cou-dasclepiade-imparfait-1	4	https://cdn.shopify.com/s/files/1/0475/8932/7010/files/Cache-cou_-_Gris_fonce.jpg?v=1782265332	2048	2048	Cache-cou matelassé gris anthracite marbré en viscose de bambou, surpiqûres en vagues et étiquette Lasclay, doublure isolée à la soie d'Amérique, chaud et coupe-vent sur fond blanc.
Cache-cou d'asclépiade IMPARFAIT	cache-cou-dasclepiade-imparfait-1	5	https://cdn.shopify.com/s/files/1/0475/8932/7010/files/Cache-cou_-_Vert.jpg?v=1782265332	2048	2048	Cache-cou tubulaire matelassé vert forêt foncé, surpiqûres en feuilles et cordon de serrage à bloqueur, isolant à la fibre d'asclépiade, étiquette Lasclay cousue, chaud pour l'hiver.
Cache-cou d'asclépiade IMPARFAIT	cache-cou-dasclepiade-imparfait-1	6	https://cdn.shopify.com/s/files/1/0475/8932/7010/files/Cache-cou_-_Gris.jpg?v=1782265333	2048	2048	Cache-cou tubulaire matelassé gris pâle marbré en viscose de bambou, surpiqûres ondulées, isolé à la soie d'asclépiade, doux au cou et chaud sur fond blanc pour l'hiver québécois.
Cache-cou d'asclépiade IMPARFAIT	cache-cou-dasclepiade-imparfait-1	7	https://cdn.shopify.com/s/files/1/0475/8932/7010/files/2cc_gris_pale.jpg?v=1770319011	1536	1229	Cache-cou tubulaire gris pâle marbré en viscose de bambou, matelassé de surpiqûres ondulées, isolé à la soie du Québec, doux au cou et coupe-vent pour l'hiver.
Cache-cou d'asclépiade IMPARFAIT	cache-cou-dasclepiade-imparfait-1	8	https://cdn.shopify.com/s/files/1/0475/8932/7010/files/2cc_gris_fonc_-_Copie.jpg?v=1770319011	1536	1229	Cache-cou tubulaire gris foncé marbré en viscose de bambou, matelassé de surpiqûres ondulées, isolé à la soie d'asclépiade, doux au cou et chaud pour l'hiver québécois.
Cache-cou d'asclépiade IMPARFAIT	cache-cou-dasclepiade-imparfait-1	9	https://cdn.shopify.com/s/files/1/0475/8932/7010/files/2cc_noir.jpg?v=1770319011	1536	1229	Cache-cou tubulaire noir en viscose de bambou matelassé de surpiqûres ondulées, isolé à la soie d'asclépiade, doux au cou et chaud pour les grands froids québécois.
Cache-cou d'asclépiade IMPARFAIT	cache-cou-dasclepiade-imparfait-1	10	https://cdn.shopify.com/s/files/1/0475/8932/7010/files/cc_vert.png?v=1782265332	1536	2048	Cache-cou vert forêt matelassé à motif ondulé, isolé à la soie d'asclépiade, présenté à plat
Cache-cou d'asclépiade IMPARFAIT	cache-cou-dasclepiade-imparfait-1	11	https://cdn.shopify.com/s/files/1/0475/8932/7010/files/Bandeaux_Cache-cou_Viscose_Asclepiade_Rouge.jpg?v=1782265388	2048	1536	Cache-cou en viscose de bambou rouge brique matelassé de surpiqûres en vagues, présenté avec son bandeau torsadé assorti, isolé à la soie d'Amérique, doux et chaud pour l'hiver.
Carte cadeau virtuelle	giftcard	1	https://cdn.shopify.com/s/files/1/0475/8932/7010/files/LAS-logo-icon-grey.png?v=1782265389	1201	1201	Logo de Lasclay: papillon monarque stylisé en traits gris avec une goutte de soie au centre, icône de la marque.
Carte-cadeau	carte-cadeau	1	https://cdn.shopify.com/s/files/1/0475/8932/7010/products/CegepLimoilou-50.jpg?v=1651848921	1261	600	Certificat-cadeau Lasclay de 50$ avec code LIMOILOU et illustration au fusain d'un papillon monarque posé sur des fleurs d'asclépiade.
Chandail polaire isolé à l'asclépiade - type "pull"	chandail-polaire-asclepiade-polar	1	https://cdn.shopify.com/s/files/1/0475/8932/7010/files/Chandail_polar_asclepiade_couche-intermediare_combinaison_avant.jpg?v=1779908208	1122	1402	Chandail polaire noir Lasclay en polyester à col montant et demi-glissière, logo sur la poitrine et tirette à la taille, molleton isolé d'un mélange de fibre de maïs PLA, kapok et asclépiade du Québec, vue de face sur fond gris pâle.
Chandail polaire isolé à l'asclépiade - type "pull"	chandail-polaire-asclepiade-polar	2	https://cdn.shopify.com/s/files/1/0475/8932/7010/files/Chandail_asclepiade_chaud_polar_Randonee_veste_sans-manche.jpg?v=1782265332	1489	2048	Homme en forêt enneigée portant un chandail polaire noir Lasclay en polyester sous une veste sans manche matelassée, tuque et cache-cou noirs, isolant mêlant fibre de maïs PLA, kapok et asclépiade du Québec.
Chandail polaire isolé à l'asclépiade - type "pull"	chandail-polaire-asclepiade-polar	3	https://cdn.shopify.com/s/files/1/0475/8932/7010/files/Schema_chandail_isolation_asclepiade_2564dbe2-c212-4a19-9e5a-fa84b961182a.jpg?v=1782265332	2048	1589	Schéma avant et arrière d'un chandail à col zippé indiquant les sections du buste et des épaules isolées à la soie d'asclépiade.
Chandail polaire isolé à l'asclépiade - type "pull"	chandail-polaire-asclepiade-polar	4	https://cdn.shopify.com/s/files/1/0475/8932/7010/files/Chandail_polar_asclepiade_couche-intermediare_combinaison_arriere.jpg?v=1779908208	1122	1402	Chandail polaire noir Lasclay en polyester à col montant et demi-glissière, molleton dense isolé d'un mélange de fibre de maïs PLA, kapok et asclépiade du Québec, vue arrière avec empiècement sur fond gris pâle.
Chandail polaire isolé à l'asclépiade - type "pull"	chandail-polaire-asclepiade-polar	5	https://cdn.shopify.com/s/files/1/0475/8932/7010/files/Chandail_asclepiade_chaud_polar_Randonee.jpg?v=1782265332	1086	1448	Femme en randonnée au bord d'un lac ensoleillé portant un chandail polaire noir Lasclay en polyester, casquette et sac de poitrine, couche intermédiaire chaude isolée d'un mélange de fibre de maïs PLA, kapok et asclépiade du Québec.
Combo automnal: Bandeau + cache-cou	automne-bandeau-cache-cou-asclepiade	1	https://cdn.shopify.com/s/files/1/0475/8932/7010/files/bandeaucache-cou.png?v=1721334038	1024	1638	Combo automnal bandeau et cache-cou isolés à la fibre d'asclépiade, pour affronter la fraîcheur en douceur.
Combo automnal: Bandeau + cache-cou	automne-bandeau-cache-cou-asclepiade	2	https://cdn.shopify.com/s/files/1/0475/8932/7010/files/bandeau_printemps_1024_x_1024_6ef05bac-2cd6-4d2d-ba89-0158c1a11d0f.jpg?v=1721334205	1024	1024	
Combo automnal: Bandeau + cache-cou	automne-bandeau-cache-cou-asclepiade	3	https://cdn.shopify.com/s/files/1/0475/8932/7010/files/2_MG_4975.jpg?v=1721334293	2304	3456	Logo ou icône de la marque Lasclay.
Combo bandeau & cache-cou - Précommande novembre 2025	bandeau-torsade-et-cache-cou	1	https://cdn.shopify.com/s/files/1/0475/8932/7010/files/Bandeaux_Cache-cou_Viscose_Asclepiade_Grispale.jpg?v=1760450752	4000	3000	Combo bandeau et cache-cou en viscose de bambou gris pâle marbré, matelassé de surpiqûres ondulées, isolé à la soie d'asclépiade, doux au toucher et chaud sous le manteau.
Combo bandeau & cache-cou - Précommande novembre 2025	bandeau-torsade-et-cache-cou	2	https://cdn.shopify.com/s/files/1/0475/8932/7010/files/Bandeaux_Cache-cou_Viscose_Asclepiade_GrisFonce.jpg?v=1760450752	4000	3000	Combo bandeau et cache-cou en viscose de bambou gris foncé marbré, cache-cou matelassé de surpiqûres ondulées, isolé à la fibre d'asclépiade, doux au cou et chaud pour l'hiver québécois.
Combo bandeau & cache-cou - Précommande novembre 2025	bandeau-torsade-et-cache-cou	3	https://cdn.shopify.com/s/files/1/0475/8932/7010/files/Bandeaux_Cache-cou_Viscose_Asclepiade_Rouge.jpg?v=1782265388	2048	1536	Cache-cou en viscose de bambou rouge brique matelassé de surpiqûres en vagues, présenté avec son bandeau torsadé assorti, isolé à la soie d'Amérique, doux et chaud pour l'hiver.
Combo bandeau & cache-cou - Précommande novembre 2025	bandeau-torsade-et-cache-cou	4	https://cdn.shopify.com/s/files/1/0475/8932/7010/files/bandeau_gris_contexte.jpg?v=1760536551	1350	1800	Combo bandeau et cache-cou gris marbré en viscose de bambou, isolé à la soie du Québec, pour rester au chaud par temps froid.
Combo bandeau & cache-cou - Précommande novembre 2025	bandeau-torsade-et-cache-cou	5	https://cdn.shopify.com/s/files/1/0475/8932/7010/files/Bandeaux_Cache-cou_Viscose_Asclepiade_Vert_ddac27e0-5e60-4bf4-b4ac-79b8cf433591.jpg?v=1782265333	2048	1536	Combo bandeau torsadé et cache-cou en viscose de bambou vert forêt, cache-cou matelassé de surpiqûres ondulées, isolé à la soie d'Amérique, doux et chaud pour l'hiver québécois.
Combo BBQ: Manchons à boisson + mitaines de four	combo-barbecue-manchons-boisson-mitaines-four	1	https://cdn.shopify.com/s/files/1/0475/8932/7010/files/four_can_sleeves.png?v=1721335156	1024	1638	Combo BBQ réunissant des manchons à boisson et des mitaines de four isolés à la soie du Québec, pour le plaisir des grillades.
Combo BBQ: Manchons à boisson + mitaines de four	combo-barbecue-manchons-boisson-mitaines-four	2	https://cdn.shopify.com/s/files/1/0475/8932/7010/files/CANSLEEVES_LIFESTYLE.png?v=1721335019	1638	2048	Combo BBQ réunissant des manchons à boisson et des mitaines de four isolés à la soie d'asclépiade, pour le plaisir des grillades.
Combo Boissons froides: Besace + manchons	boissons-besace-manchons-asclepiade	1	https://cdn.shopify.com/s/files/1/0475/8932/7010/files/besace_manchons.png?v=1721397245	1024	1638	Combo boissons froides réunissant une besace isotherme et des manchons à boisson isolés à la soie d'asclépiade, pour garder vos breuvages au frais.
Combo Boissons froides: Besace + manchons	boissons-besace-manchons-asclepiade	2	https://cdn.shopify.com/s/files/1/0475/8932/7010/files/1.png?v=1721397633	1024	1536	
Combo Boissons froides: Besace + manchons	boissons-besace-manchons-asclepiade	3	https://cdn.shopify.com/s/files/1/0475/8932/7010/files/2.png?v=1782265390	1024	1536	Homme marchant en rue porte à la main une besace isotherme noire en toile de coton doublée de nylon, anses et logo Lasclay, isolée à la soie d'asclépiade pour garder les boissons fraîches.
Combo Boissons froides: Besace + manchons	boissons-besace-manchons-asclepiade	4	https://cdn.shopify.com/s/files/1/0475/8932/7010/files/CANSLEEVES_LIFESTYLE.png?v=1721335019	1638	2048	Combo BBQ réunissant des manchons à boisson et des mitaines de four isolés à la soie d'asclépiade, pour le plaisir des grillades.
Combo Boissons froides: Besace + manchons	boissons-besace-manchons-asclepiade	5	https://cdn.shopify.com/s/files/1/0475/8932/7010/files/3.png?v=1721397633	1024	1536	
Combo Boissons froides: Besace + manchons	boissons-besace-manchons-asclepiade	6	https://cdn.shopify.com/s/files/1/0475/8932/7010/files/4.png?v=1782265390	1024	1536	Personne portant en bandoulière une besace isotherme jaune moutarde en toile de coton doublée de nylon, anses noires et étiquette Lasclay, isolée à la fibre d'asclépiade pour garder les boissons au frais.
Combo manchons + coussin isotherme	combo-manchons-coussin-isotherme	1	https://cdn.shopify.com/s/files/1/0475/8932/7010/files/SMALL_TALLCAN_SEATINGPAD.png?v=1719000296	1638	2048	Combo de manchons à boisson et coussin isotherme en coton, isolés à la fibre d'asclépiade, pour vos sorties au frais.
Combo manchons + coussin isotherme	combo-manchons-coussin-isotherme	2	https://cdn.shopify.com/s/files/1/0475/8932/7010/files/CAN_SLEEVES_LIFESTYLE.png?v=1718994797	1638	2048	Combo de manchons à boisson et coussin isotherme en coton, isolés à la soie d'Amérique, pour vos sorties au frais.
Combo Sac lunch + Ensemble de cuisine	combo-sac-lunch-ensemble-cuisine-asclepiade	1	https://cdn.shopify.com/s/files/1/0475/8932/7010/files/lunch_et_cuisine.png?v=1721334528	1024	1638	Combo sac à lunch et ensemble de cuisine isolés à la soie d'Amérique, pour la préparation et le transport des repas.
Combo Sac lunch + Ensemble de cuisine	combo-sac-lunch-ensemble-cuisine-asclepiade	2	https://cdn.shopify.com/s/files/1/0475/8932/7010/files/IMG_1309.jpg?v=1759430491	350	490	Combo sac à lunch et ensemble de cuisine isolés à la soie d'Amérique, pour la préparation et le transport des repas.
Combo Sac lunch + Ensemble de cuisine	combo-sac-lunch-ensemble-cuisine-asclepiade	3	https://cdn.shopify.com/s/files/1/0475/8932/7010/files/Lasclay-Lunchbag-4x5-08-2_0def6195-c127-4f04-8d8e-9929492405fa.jpg?v=1721334804	1638	2048	
Combo Sac lunch + Ensemble de cuisine	combo-sac-lunch-ensemble-cuisine-asclepiade	4	https://cdn.shopify.com/s/files/1/0475/8932/7010/files/Lasclay-Lunchbag-4x5-06-2_61bb610b-ffe2-4837-b490-a964dc6c9b35.jpg?v=1721334806	1638	2048	
Combo Sacs à dos et lunch	combo-sac-dos-lunch-glaciere-asclepiade	1	https://cdn.shopify.com/s/files/1/0475/8932/7010/files/glaciere_lunch.png?v=1721399444	1024	1638	Combo sac à dos et sac à lunch isothermes isolés à la fibre d'asclépiade, pour transporter vos repas au frais.
Combo Sacs à dos et lunch	combo-sac-dos-lunch-glaciere-asclepiade	2	https://cdn.shopify.com/s/files/1/0475/8932/7010/files/Lasclay-Lunchbag-4x5-06-2_61bb610b-ffe2-4837-b490-a964dc6c9b35.jpg?v=1721334806	1638	2048	
Combo Sacs à dos et lunch	combo-sac-dos-lunch-glaciere-asclepiade	3	https://cdn.shopify.com/s/files/1/0475/8932/7010/files/Lasclay-Lunchbag-4x5-07-2_90e4a4c9-cd10-4632-9f95-7a67a0580440.jpg?v=1721399621	1638	2048	
Combo Sacs à dos et lunch	combo-sac-dos-lunch-glaciere-asclepiade	4	https://cdn.shopify.com/s/files/1/0475/8932/7010/files/LUNCH_BOX_-_45_FRONT_C_-_PINK.png?v=1721064960	1638	2048	Combo sac à dos et sac à lunch isothermes roses, isolés à la soie d'asclépiade, pour transporter vos repas au frais.
Combo Sacs à dos et lunch	combo-sac-dos-lunch-glaciere-asclepiade	5	https://cdn.shopify.com/s/files/1/0475/8932/7010/files/LUNCH_BOX_-_45_FRONT_C_-_RED.png?v=1721064894	1638	2048	Combo sac à dos et sac à lunch isothermes rouges, isolés à la soie d'Amérique, pour transporter vos repas au frais.
Combo Sacs à dos et lunch	combo-sac-dos-lunch-glaciere-asclepiade	6	https://cdn.shopify.com/s/files/1/0475/8932/7010/files/LUNCH_BOX_-_45_FRONT_C_-_BEIGE.png?v=1721064805	1638	2048	Combo sac à dos et sac à lunch isothermes beiges, isolés à la soie du Québec, pour transporter vos repas au frais.
Combo Sacs à dos et lunch	combo-sac-dos-lunch-glaciere-asclepiade	7	https://cdn.shopify.com/s/files/1/0475/8932/7010/files/LUNCH_BOX_-_45_FRONT_C_-_YELLOW.png?v=1721064639	1638	2048	Combo sac à dos et sac à lunch isothermes jaunes, isolés à la fibre d'asclépiade, pour transporter vos repas au frais.
Combo soin du visage: nettoyant & hydratant	combo-soin-visage-huile-asclepiade	1	https://cdn.shopify.com/s/files/1/0475/8932/7010/files/kit2.jpg?v=1782265389	1266	1187	Monarch Botanika facial cleanser and moisturizer with their boxes, made with cold-pressed milkweed seed oil
Combo soin du visage: nettoyant & hydratant	combo-soin-visage-huile-asclepiade	2	https://cdn.shopify.com/s/files/1/0475/8932/7010/files/kit.jpg?v=1782265389	1263	838	Monarch Botanika facial cleanser and moisturizer with a monarch butterfly and milkweed seed oil at sunset
Coussin d'assise thermal pliable	coussin-assise-thermal-pliable	1	https://cdn.shopify.com/s/files/1/0475/8932/7010/files/SITTING_PAD_-_45_F_-_GREEN.png?v=1782265389	1638	2048	Coussin d'assise isolé à la soie d'asclépiade Lasclay, vert olive, plié et sanglé, vu de trois quarts sur fond blanc.
Coussin d'assise thermal pliable	coussin-assise-thermal-pliable	2	https://cdn.shopify.com/s/files/1/0475/8932/7010/files/SITTING_PAD_FERME_LIFESTYLE.png?v=1782265390	1638	2048	Personne tenant le coussin d'assise vert olive Lasclay replié et sanglé, en extérieur près d'un sentier verdoyant.
Coussin d'assise thermal pliable	coussin-assise-thermal-pliable	3	https://cdn.shopify.com/s/files/1/0475/8932/7010/files/SITTING_PAD_-_FLAT_F_-_GREEN.png?v=1782265389	1638	2048	Coussin d'assise vert olive Lasclay replié et maintenu par sa sangle, vu de face sur fond blanc, compact à transporter.
Coussin d'assise thermal pliable	coussin-assise-thermal-pliable	4	https://cdn.shopify.com/s/files/1/0475/8932/7010/files/SITTING_PAD_-_FLAT_O_-_GREEN.png?v=1782265390	1638	2048	Coussin d'assise vert olive Lasclay déplié à plat, montrant ses sections matelassées et sa sangle, sur fond blanc.
Coussin d'assise thermal pliable	coussin-assise-thermal-pliable	5	https://cdn.shopify.com/s/files/1/0475/8932/7010/files/4be4547a-3f9c-46a2-8b14-5802ef157203.jpg?v=1782265334	768	1024	Personne lisant au bord d'un lac, assise sur un coussin de siège imperméable Lasclay isolé à la soie d'asclépiade posé sur la roche, en été.
Coussin d'assise thermal pliable	coussin-assise-thermal-pliable	6	https://cdn.shopify.com/s/files/1/0475/8932/7010/files/SITTING_PAD_OUVERT_LIFESTYLE.jpg?v=1782265389	1229	1536	Coussin d'assise vert olive Lasclay déplié sur une dalle de pierre ensoleillée, tenu à deux mains, pour une pause confortable dehors.
Coussin d'assise thermal pliable - IMPARFAIT	coussin-dassise-thermal-pliable-imparfait	1	https://cdn.shopify.com/s/files/1/0475/8932/7010/files/Coussin_thermal_imparfait_-_Taches.jpg?v=1782265333	2048	2048	Gros plan d'un coussin d'assise thermal pliable en toile de coton vert kaki garni de fibre d'asclépiade, étiquette Lasclay cousue, version imparfaite présentant de légères taches.
Coussin d'assise thermal pliable - IMPARFAIT	coussin-dassise-thermal-pliable-imparfait	2	https://cdn.shopify.com/s/files/1/0475/8932/7010/files/Coussin_thermal_imparfait_-_Decolle.jpg?v=1782265333	2048	2048	Gros plan d'un coussin d'assise thermal pliable en toile de coton vert kaki isolé à la soie d'asclépiade, doublure noire, version imparfaite montrant un léger décollement de couture.
Coussin d'assise thermal pliable - IMPARFAIT	coussin-dassise-thermal-pliable-imparfait	3	https://cdn.shopify.com/s/files/1/0475/8932/7010/files/Coussin_thermal_imparfait_-_Velcro.jpg?v=1782265333	2048	2048	Coussin d'assise thermal pliable en toile de coton vert olive isolé à la soie d'asclépiade, roulé et fermé par une attache velcro noire, étiquette Lasclay, chaud et compact à transporter.
Coussin d'assise thermal pliable - IMPARFAIT	coussin-dassise-thermal-pliable-imparfait	4	https://cdn.shopify.com/s/files/1/0475/8932/7010/files/SITTING_PAD_OUVERT_LIFESTYLE.png?v=1782265334	1638	2048	Coussin d'assise vert olive Lasclay déployé sur une dalle de pierre, prêt à s'asseoir au sec lors d'une pause en plein air.
Coussin d'assise thermal pliable - IMPARFAIT	coussin-dassise-thermal-pliable-imparfait	5	https://cdn.shopify.com/s/files/1/0475/8932/7010/files/4be4547a-3f9c-46a2-8b14-5802ef157203.jpg?v=1782265334	768	1024	Personne lisant au bord d'un lac, assise sur un coussin de siège imperméable Lasclay isolé à la soie d'asclépiade posé sur la roche, en été.
Coussin écoresponsable pour animaux	coussin-ecoresponsable-animaux	1	https://cdn.shopify.com/s/files/1/0475/8932/7010/files/coussinvert-dessus.png?v=1782265332	1383	1038	Coussin pour animaux Lasclay en toile de coton vert kaki vu de dessus, matelassage à larges canaux piqués rembourré de soie d'asclépiade et de fibres variées, sangle de transport et étiquette cousue, sur fond blanc.
Coussin écoresponsable pour animaux	coussin-ecoresponsable-animaux	2	https://cdn.shopify.com/s/files/1/0475/8932/7010/files/coussin_vert_roule.png?v=1782265332	900	1200	Coussin pour animaux Lasclay en toile de coton vert kaki enroulé et maintenu par sa sangle, rembourré de soie d'asclépiade et de fibres variées, douillet pour le repos en camping et en plein air, sur fond blanc.
Coussin écoresponsable pour animaux	coussin-ecoresponsable-animaux	3	https://cdn.shopify.com/s/files/1/0475/8932/7010/files/coussin_caramel_angle.png?v=1782265332	1500	1125	Coussin pour animaux Lasclay en toile de coton beige caramel, matelassé de larges canaux piqués et rembourré de fibre d'asclépiade et de fibres variées, sangle d'attache et étiquette cousue, vu de trois quarts.
Coussin écoresponsable pour animaux	coussin-ecoresponsable-animaux	4	https://cdn.shopify.com/s/files/1/0475/8932/7010/files/coussin_vert_angle.png?v=1782265332	1600	1200	Coussin pour animaux Lasclay en toile de coton vert kaki matelassé de larges canaux piqués, rembourré de fibre d'asclépiade et de fibres variées, sangles de fermeture noires, vu de trois quarts sur fond blanc.
Coussin écoresponsable pour animaux	coussin-ecoresponsable-animaux	5	https://cdn.shopify.com/s/files/1/0475/8932/7010/files/GeneratedImageSeptember11_2025-1_20PM.png?v=1782265332	1094	798	Chat blanc endormi, lové sur un coussin pour animaux Lasclay isolé à la soie d'asclépiade, posé sur un lit.
Coussin écoresponsable pour animaux	coussin-ecoresponsable-animaux	6	https://cdn.shopify.com/s/files/1/0475/8932/7010/files/intcoussinvertproche.png?v=1782265333	1536	2048	Gros plan de l'interieur du coussin vert kaki Lasclay montrant le matelas isolant a la soie d'asclepiade
Coussin écoresponsable pour animaux	coussin-ecoresponsable-animaux	7	https://cdn.shopify.com/s/files/1/0475/8932/7010/files/Coussin_Animaux_rouge.jpg?v=1782265333	1500	1125	Coussin pour animaux en toile de coton rouge bourgogne, rembourrage à la fibre d'asclépiade mêlée de fibres variées, sangle d'attache noire et étiquette Lasclay cousue, douillet pour chiens et chats.
Coussin écoresponsable pour animaux	coussin-ecoresponsable-animaux	8	https://cdn.shopify.com/s/files/1/0475/8932/7010/files/coussin_roule_rouge_et_vert_ajuste.jpg?v=1760457006	1536	1708	Deux coussins pour animaux Lasclay roulés et sanglés, l'un en toile de coton rouge bourgogne, l'autre vert kaki, rembourrés de soie d'asclépiade et de fibres variées, étiquettes cousues, sur fond blanc studio.
Coussin écoresponsable pour animaux	coussin-ecoresponsable-animaux	9	https://cdn.shopify.com/s/files/1/0475/8932/7010/files/Generated_Image_September_11_2025_-_2_05PM_1_bd65c762-3d80-4d07-9b81-8792252bd359.jpg?v=1782265333	1184	864	Chien labrador noir couché sur un matelas pour animaux rouge Lasclay isolé à la soie d'asclépiade, sur la banquette arrière d'une voiture.
Coussin écoresponsable pour animaux	coussin-ecoresponsable-animaux	10	https://cdn.shopify.com/s/files/1/0475/8932/7010/files/Coussin_amimaux_-_Schema_des_tailles_316f0413-af0a-44bf-bbb4-acc070e4c0df.jpg?v=1782265333	982	754	Schéma des tailles des coussins pour animaux Lasclay en toile de coton, rectangles emboîtés illustrant les formats small, medium, large et extra-large, sur fond blanc.
Couverture imprimée Asclépiade & Monarques	couverture-imprimee-asclepiade-monarques	1	https://cdn.shopify.com/s/files/1/0475/8932/7010/files/follicule-asclepiade-soie-au-vent.jpg?v=1782265333	1000	1500	Grande couverture illustrée de gousses d’asclépiade ouvertes, libérant leurs soies et graines dans un décor forestier automnal
Couverture imprimée Asclépiade & Monarques	couverture-imprimee-asclepiade-monarques	2	https://cdn.shopify.com/s/files/1/0475/8932/7010/files/Couverture-Monarque2.jpg?v=1782265333	2048	2048	Couverture en molleton Lasclay imprimée d'un papillon monarque butinant des fleurs d'asclépiade, pliée sur un lit, doublure grise.
Couverture imprimée Asclépiade & Monarques	couverture-imprimee-asclepiade-monarques	3	https://cdn.shopify.com/s/files/1/0475/8932/7010/files/Couverture-Monarque.jpg?v=1782265333	2048	2048	Couverture en molleton Lasclay imprimée d'une scène d'asclépiades en fleurs sous un ciel bleu, drapée sur un canapé de cuir, habitat du papillon monarque.
Couverture imprimée Asclépiade & Monarques – Modèle discontinué	couverture-imprimee-asclepiade-monarques-modele-discontinue	1	https://cdn.shopify.com/s/files/1/0475/8932/7010/files/couverture-papillon-monarque-lasclay.jpg?v=1750447113	1440	1080	Couverture Lasclay imprimée avec un papillon monarque vu de côté, posé sur une fleur d’asclépiade.
Crème contour des yeux à l'huile d'asclépiade - Collaboration Gourmet Sauvage × Lasclay	creme-contour-yeux-huile-asclepiade	1	https://cdn.shopify.com/s/files/1/0475/8932/7010/files/Creme_contour_des_yeux_Gourmet_Sauvage.jpg?v=1782265332	2048	2048	Pot ouvert de crème contour des yeux à l'huile d'asclépiade, posé sur une pierre avec des gousses et de la soie d'asclépiade, collaboration Gourmet Sauvage.
Crème contour des yeux à l'huile d'asclépiade - Collaboration Gourmet Sauvage × Lasclay	creme-contour-yeux-huile-asclepiade	2	https://cdn.shopify.com/s/files/1/0475/8932/7010/files/Creme_contour_des_yeux_Gourmet_Sauvage_3.jpg?v=1782265332	2048	2047	Pot ouvert de crème contour des yeux à l'huile d'asclépiade sur une surface grise, entouré de gousses et de soie d'asclépiade, collaboration Gourmet Sauvage.
Crème contour des yeux à l'huile d'asclépiade - Collaboration Gourmet Sauvage × Lasclay	creme-contour-yeux-huile-asclepiade	3	https://cdn.shopify.com/s/files/1/0475/8932/7010/files/Creme_contour_des_yeux_Gourmet_Sauvage_2.jpg?v=1782265332	2048	2047	Pot de crème contour des yeux à l'huile d'asclépiade niché dans la soie et les gousses d'asclépiade, collaboration Gourmet Sauvage et Lasclay.
Crème contour des yeux à l'huile d'asclépiade - Collaboration Gourmet Sauvage × Lasclay	creme-contour-yeux-huile-asclepiade	4	https://cdn.shopify.com/s/files/1/0475/8932/7010/files/3d9b23f1-e131-486a-995d-6a5b4c83aaec.jpg?v=1782265332	1024	1536	Personne examinant à contre-jour une fiole d'huile d'asclépiade dorée dans un atelier de brique, évoquant l'extraction artisanale de l'huile de soie d'Amérique.
Crème contour des yeux à l'huile d'asclépiade - Collaboration Gourmet Sauvage × Lasclay	creme-contour-yeux-huile-asclepiade	5	https://cdn.shopify.com/s/files/1/0475/8932/7010/files/Photos_Mai2026_Lasclay_Volcano_23.jpg?v=1782134805	1354	2030	Distillation en laboratoire : une huile dorée s'écoule d'une ampoule de verre vers un erlenmeyer, lors de l'extraction à partir d'asclépiade.
Crème hydratante d'asclépiade Monarch Botanika	hydratant-visage-huile-asclepiade	1	https://cdn.shopify.com/s/files/1/0475/8932/7010/files/hydratant_1.jpg?v=1782265390	1506	1189	Monarch Botanika facial moisturizer tube and box with milkweed seed oil, aloe and fresh milkweed sprigs
Crème hydratante d'asclépiade Monarch Botanika	hydratant-visage-huile-asclepiade	2	https://cdn.shopify.com/s/files/1/0475/8932/7010/files/hydratant_2.jpg?v=1782265390	1251	1165	Monarch Botanika facial moisturizer tube next to its box, made with cold-pressed milkweed seed oil
Crème hydratante d'asclépiade Monarch Botanika	hydratant-visage-huile-asclepiade	3	https://cdn.shopify.com/s/files/1/0475/8932/7010/files/hydratant_3.jpg?v=1782265389	1260	1192	Front of the Monarch Botanika facial moisturizer tube with cold-pressed milkweed seed oil, 60 mL
Crochet à mitaines	crochet-a-mitaines	1	https://cdn.shopify.com/s/files/1/0475/8932/7010/products/Crochet-1.png?v=1607175853	2000	2000	Crochet à mitaines Lasclay beige sable orné du logo papillon en relief, sur fond blanc de studio, pour suspendre et sécher les mitaines isolées à la soie d'asclépiade.
Crochet à mitaines	crochet-a-mitaines	2	https://cdn.shopify.com/s/files/1/0475/8932/7010/products/Crochet-5.png?v=1607175869	2000	2000	Crochet à mitaines Lasclay beige accroché à une tringle, retenant une paire de mitaines noires isolées à la soie d'asclépiade par le poignet pour les faire sécher.
Crochet à mitaines	crochet-a-mitaines	3	https://cdn.shopify.com/s/files/1/0475/8932/7010/products/Crochet-2.png?v=1607175869	2000	2000	Vue de face du crochet à mitaines Lasclay beige sable au logo papillon gravé dans un médaillon, sur fond blanc, pratique pour accrocher mitaines et accessoires à la soie d'Amérique.
Crochet à mitaines	crochet-a-mitaines	4	https://cdn.shopify.com/s/files/1/0475/8932/7010/products/Crochet-4.png?v=1607175869	2000	2000	Crochet à mitaines Lasclay beige sable vu de trois quarts sur fond blanc, son haut recourbé et sa fente d'insertion en évidence, pensé pour les mitaines à la soie du Québec.
Crochet à mitaines	crochet-a-mitaines	5	https://cdn.shopify.com/s/files/1/0475/8932/7010/products/Crochet-3.png?v=1607175869	2000	2000	Profil de la pince à mitaines Lasclay beige sable, vu de côté sur fond blanc, qui dévoile sa mâchoire fendue pour retenir les mitaines isolées à la fibre d'asclépiade.
Échange - erreur	echange-erreur	1	https://cdn.shopify.com/s/files/1/0475/8932/7010/products/echangelasclay_v2_8d4c2a29-346a-41d9-8fb0-ea063928418d.png?v=1782265450	1246	1366	Icone papillon monarque entoure de fleches circulaires illustrant l'echange Lasclay
Échange - Grandeur	echange-grandeur	1	https://cdn.shopify.com/s/files/1/0475/8932/7010/products/echangelasclay_v2.png?v=1782265333	1246	1366	Icone papillon monarque entoure de fleches circulaires illustrant l'echange Lasclay
Échange - Grandeur (tuque sport)	echange-grandeur-tuque-sport	1	https://cdn.shopify.com/s/files/1/0475/8932/7010/products/echangelasclay_v2.png?v=1782265333	1246	1366	Icone papillon monarque entoure de fleches circulaires illustrant l'echange Lasclay
Ensemble de cuisine	oven-mitts-pot-holder-place-mat	1	https://cdn.shopify.com/s/files/1/0475/8932/7010/files/kitcomplet2.png?v=1707857324	2048	2560	Ensemble de cuisine comprenant mitaines de four et sous-plat en coton, isolés à la soie d'asclépiade, pour la cuisson au quotidien.
Ensemble de cuisine	oven-mitts-pot-holder-place-mat	2	https://cdn.shopify.com/s/files/1/0475/8932/7010/files/KITCOMPLET.png?v=1707857324	2048	2560	Ensemble de cuisine comprenant mitaines de four et sous-plat en coton, isolés à la soie du Québec, pour manipuler les plats chauds.
Ensemble de cuisine	oven-mitts-pot-holder-place-mat	3	https://cdn.shopify.com/s/files/1/0475/8932/7010/files/Mitaine_Manique_39_d24fa27c-092a-47c4-8dbd-e87596a3dda4.png?v=1707857324	2048	2560	Ensemble de cuisine comprenant mitaines de four et sous-plat en coton, isolés à la soie d'Amérique, pour la cuisson au quotidien.
Ensemble de cuisine	oven-mitts-pot-holder-place-mat	4	https://cdn.shopify.com/s/files/1/0475/8932/7010/files/Mitaine_Manique_38_e280b33d-3331-416e-b0a5-00ba42b2c6b0.png?v=1707857324	2048	3080	Ensemble de cuisine comprenant mitaines de four et sous-plat en coton, isolés à la fibre d'asclépiade, pour la cuisson au quotidien.
Ensemble de cuisine	oven-mitts-pot-holder-place-mat	5	https://cdn.shopify.com/s/files/1/0475/8932/7010/files/Mitaine_Manique_40_1fa420eb-ce57-4fcd-af73-8fcb58ca60cc.png?v=1707857324	2048	2560	Ensemble de cuisine comprenant mitaines de four et sous-plat en coton, isolés à la soie du Québec, pour la cuisson au quotidien.
Ensemble de cuisine	oven-mitts-pot-holder-place-mat	6	https://cdn.shopify.com/s/files/1/0475/8932/7010/files/Mitaine_Manique_12.1_694cb98b-c931-41d7-83a8-6551343a9c93.png?v=1707857324	2048	2560	Ensemble de cuisine comprenant mitaines de four et sous-plat en coton, isolés à la soie d'Amérique, pour la cuisson au quotidien.
Ensemble de cuisine	oven-mitts-pot-holder-place-mat	7	https://cdn.shopify.com/s/files/1/0475/8932/7010/files/Sous-plat-asclepiade-four-cuisine.jpg?v=1751794395	819	1024	Sous-plat noir Lasclay sous un plat de croustade aux pommes, protection thermique isolée à la soie d'asclépiade
Étui pour Tablette isolé à l'asclépiade - Discontinué	etui-pour-tablette-isole-a-lasclepiade-imparfait	1	https://cdn.shopify.com/s/files/1/0475/8932/7010/files/LASCLAY_-_TABLETTE_SLEEVE_-_FRONT_OPEN_-_GREY_db73ba75-4e88-493b-ab19-b63f0bc7fd6e.png?v=1723831751	1638	2048	Étui pour tablette gris en coton, isolé à la fibre d'asclépiade, pour ranger votre appareil en toute douceur.
Étui pour Tablette isolé à l'asclépiade - Discontinué	etui-pour-tablette-isole-a-lasclepiade-imparfait	2	https://cdn.shopify.com/s/files/1/0475/8932/7010/files/LASCLAY_-_TABLETTE_SLEEVE_-_FRONT_CLOSE_-_GREY_68246aa0-9406-4bd1-901a-93c4e91bc236.png?v=1723831751	1638	2048	Étui pour tablette gris en coton, isolé à la soie d'Amérique, pour protéger votre appareil.
Étui pour Tablette isolé à l'asclépiade IMPARFAIT	etui-appareils-electroniques-asclepiade-2	1	https://cdn.shopify.com/s/files/1/0475/8932/7010/files/LASCLAY_-_TABLETTE_SLEEVE_-_FRONT_OPEN_-_GREY_db73ba75-4e88-493b-ab19-b63f0bc7fd6e.png?v=1723831751	1638	2048	Étui pour tablette gris en coton, isolé à la fibre d'asclépiade, pour ranger votre appareil en toute douceur.
Étui pour Tablette isolé à l'asclépiade IMPARFAIT	etui-appareils-electroniques-asclepiade-2	2	https://cdn.shopify.com/s/files/1/0475/8932/7010/files/LASCLAY_-_TABLETTE_SLEEVE_-_FRONT_CLOSE_-_GREY_68246aa0-9406-4bd1-901a-93c4e91bc236.png?v=1723831751	1638	2048	Étui pour tablette gris en coton, isolé à la soie d'Amérique, pour protéger votre appareil.
Étui pour téléphone isolé à l'asclépiade	etui-telephone-asclepiade	1	https://cdn.shopify.com/s/files/1/0475/8932/7010/files/etuinoir-dessus.png?v=1782265332	1200	1200	Etui telephone a bandouliere Lasclay noir en toile, vu de face avec sa pochette zippee
Étui pour téléphone isolé à l'asclépiade	etui-telephone-asclepiade	2	https://cdn.shopify.com/s/files/1/0475/8932/7010/files/etui_noir_-angle.png?v=1782265333	1536	1536	Étui souple noir zippé isolé à l'asclépiade, protège téléphone et appareils du froid et de la chaleur, vue de trois quarts.
Étui pour téléphone isolé à l'asclépiade	etui-telephone-asclepiade	3	https://cdn.shopify.com/s/files/1/0475/8932/7010/files/etui_cassonade.png?v=1782265333	1536	1536	Etui telephone a bandouliere Lasclay couleur cassonade, en toile, vu de trois quarts avec sa double fermeture eclair
Étui pour téléphone isolé à l'asclépiade	etui-telephone-asclepiade	4	https://cdn.shopify.com/s/files/1/0475/8932/7010/files/etui_telephone_v2_309c8c85-1f3c-4fad-9f6a-af5369f271b8.jpg?v=1782265333	1050	1400	Personne portant l'etui telephone a bandouliere Lasclay brun en balade, telephone glisse dans la pochette
Étui pour téléphone isolé à l'asclépiade	etui-telephone-asclepiade	5	https://cdn.shopify.com/s/files/1/0475/8932/7010/files/etui_verte.png?v=1782265332	1536	1536	Etui telephone a bandouliere Lasclay vert kaki en toile, vu de trois quarts avec sa fermeture eclair
Étui pour téléphone isolé à l'asclépiade	etui-telephone-asclepiade	6	https://cdn.shopify.com/s/files/1/0475/8932/7010/files/etui_rouge.jpg?v=1760536346	1536	1536	Etui telephone a bandouliere Lasclay rouge en toile, vu de trois quarts avec sa pochette zippee
Foulard	scarf	1	https://cdn.shopify.com/s/files/1/0475/8932/7010/files/foulard-isole-asclepiade-rouge.jpg?v=1784224124	3000	3000	Foulard matelassé rouge isolé à la soie d'asclépiade, chaud et coupe-vent pour l'hiver.
Foulard	scarf	2	https://cdn.shopify.com/s/files/1/0475/8932/7010/files/foulard-isole-asclepiade-gris-raye.jpg?v=1784224124	2400	3000	Foulard matelassé gris à rayures isolé à la soie d'asclépiade, accessoire d'hiver chaud.
Foulard	scarf	3	https://cdn.shopify.com/s/files/1/0475/8932/7010/files/foulard-isole-asclepiade-vert.jpg?v=1784224124	3000	3000	Foulard matelassé vert isolé à la soie d'asclépiade, doux et chaud pour l'hiver.
Foulard	scarf	4	https://cdn.shopify.com/s/files/1/0475/8932/7010/files/foulard-isole-asclepiade-gris-pale.jpg?v=1784224124	3000	3000	Foulard matelassé gris pâle isolé à la soie d'asclépiade, chaud et coupe-vent.
Foulard	scarf	5	https://cdn.shopify.com/s/files/1/0475/8932/7010/files/foulard-isole-asclepiade-matelassage.jpg?v=1784224124	2400	2443	Gros plan sur le matelassage d'un foulard isolé à la soie d'asclépiade Lasclay.
Foulard	scarf	6	https://cdn.shopify.com/s/files/1/0475/8932/7010/files/foulard-isole-asclepiade-noir.jpg?v=1784224124	3000	3000	Foulard matelassé noir isolé à la soie d'asclépiade, chaud et coupe-vent.
Foulard	scarf	7	https://cdn.shopify.com/s/files/1/0475/8932/7010/files/foulard-isole-asclepiade-gris-fonce.jpg?v=1784224124	3000	3000	Foulard matelassé gris foncé isolé à la soie d'asclépiade, chaud et léger pour l'hiver.
Foulard - Ancienne version	foulard-copie	1	https://cdn.shopify.com/s/files/1/0475/8932/7010/files/foulard-asclepiade-gris-fonce-lasclay.jpg?v=1784223084	1536	1229	Foulard matelassé gris foncé isolé à la soie d'asclépiade du Québec, surpiqûres en feuilles, accessoire d'hiver chaud et léger, sur fond blanc.
Foulard - Ancienne version	foulard-copie	2	https://cdn.shopify.com/s/files/1/0475/8932/7010/files/foulard-asclepiade-gris-fonce-a-plat.png?v=1784223084	541	676	Foulard Lasclay matelassé gris foncé marbré isolé à la soie d'asclépiade du Québec, surpiqûres en feuilles, présenté à plat.
Foulard - Ancienne version	foulard-copie	3	https://cdn.shopify.com/s/files/1/0475/8932/7010/files/foulard-asclepiade-porte-hiver-gris-fonce.png?v=1784223084	1639	2048	Personne portant en hiver un foulard matelassé gris foncé isolé à la soie d'asclépiade, surpiqûres en feuilles, par-dessus un manteau noir.
Foulard - Ancienne version	foulard-copie	4	https://cdn.shopify.com/s/files/1/0475/8932/7010/files/foulard-asclepiade-anthracite-plein-air.png?v=1784223084	1638	2048	Foulard matelassé anthracite isolé à la soie d'asclépiade porté en écharpe sur un manteau noir, en extérieur enneigé, étiquette Lasclay.
Foulard - Ancienne version	foulard-copie	5	https://cdn.shopify.com/s/files/1/0475/8932/7010/files/foulard-asclepiade-noir-lasclay.jpg?v=1784223084	1536	1229	Foulard matelassé noir isolé à la soie d'asclépiade, surpiqûres en feuilles, chaud et coupe-vent, accessoire d'hiver, sur fond blanc.
Foulard - Ancienne version	foulard-copie	6	https://cdn.shopify.com/s/files/1/0475/8932/7010/files/foulard-asclepiade-vert-lasclay.jpg?v=1784223084	1536	1229	Foulard matelassé vert isolé à la soie d'asclépiade, surpiqûres en feuilles, doux et chaud pour l'hiver, sur fond blanc.
Foulard - Ancienne version	foulard-copie	7	https://cdn.shopify.com/s/files/1/0475/8932/7010/files/foulard-asclepiade-gris-pale-lasclay.jpg?v=1784223084	1536	1229	Foulard matelassé gris pâle marbré isolé à la soie d'asclépiade, surpiqûres en feuilles, chaud et coupe-vent, accessoire d'hiver, sur fond blanc.
Foulard - Ancienne version	foulard-copie	8	https://cdn.shopify.com/s/files/1/0475/8932/7010/files/foulard-asclepiade-rouge-lasclay.jpg?v=1784223084	1536	1229	Foulard matelassé rouge isolé à la soie d'asclépiade, surpiqûres en feuilles, chaud et coupe-vent pour l'hiver, sur fond blanc.
Foulard (Pré-vente Décembre 2021)	foulard-scarf-preorder-2021	1	https://cdn.shopify.com/s/files/1/0475/8932/7010/products/Lasclay-Foulard-01.png?v=1631712473	2048	2048	Foulard Lasclay noir en viscose de bambou, piqûres matelassées en arcs et étiquette logo papillon, déplié sur fond blanc, isolé à la soie d'asclépiade
Foulard (Pré-vente Décembre 2021)	foulard-scarf-preorder-2021	2	https://cdn.shopify.com/s/files/1/0475/8932/7010/products/Lasclay-Foulard-02.png?v=1631712473	2048	2048	Foulard Lasclay noir en viscose de bambou plié en longueur, surpiqûres matelassées en écailles et étiquette logo papillon, isolé à la soie d'Amérique
Foulard (Pré-vente Décembre 2021)	foulard-scarf-preorder-2021	3	https://cdn.shopify.com/s/files/1/0475/8932/7010/products/Lasclay-Foulard-03.png?v=1631712473	2048	2048	Foulard Lasclay noir en viscose de bambou plié en rectangle, vu de trois quarts avec son étiquette logo papillon, isolé à la soie du Québec
Foulard (Pré-vente Décembre 2021)	foulard-scarf-preorder-2021	4	https://cdn.shopify.com/s/files/1/0475/8932/7010/products/Lasclay-Foulard-04.png?v=1631712473	2048	2048	Schéma des dimensions du foulard Lasclay: 60 pouces de longueur sur 7,5 pouces de largeur, illustré à plat sur fond blanc
Foulard (Pré-vente Janvier 2022)	foulard-pre-vente-janvier-2021	1	https://cdn.shopify.com/s/files/1/0475/8932/7010/products/Lasclay-Foulard-01_c84047c6-817b-4aa7-9683-d3a8c29e1f23.png?v=1633782828	2048	2048	Photo produit sur fond blanc d'un foulard Lasclay gris foncé à piqûres en forme de feuilles, étalé à plat avec l'étiquette de la marque, isolé à la soie d'asclépiade.
Foulard (Pré-vente Janvier 2022)	foulard-pre-vente-janvier-2021	2	https://cdn.shopify.com/s/files/1/0475/8932/7010/products/Lasclay-Foulard-02_66721d4c-b34f-455b-a5ab-a4e83255ee4d.png?v=1633782828	2048	2048	Photo produit sur fond blanc d'un foulard Lasclay gris foncé au motif matelassé de feuilles, plié sur la longueur pour montrer sa largeur et l'étiquette.
Foulard (Pré-vente Janvier 2022)	foulard-pre-vente-janvier-2021	3	https://cdn.shopify.com/s/files/1/0475/8932/7010/products/Lasclay-Foulard-03_34ffb9c6-f9e1-424a-8666-683cbe3d929c.png?v=1633782828	2048	2048	Photo produit sur fond blanc d'un foulard Lasclay gris foncé plié en pile, montrant la texture matelassée douce et l'étiquette de la marque.
Foulard (Pré-vente Janvier 2022)	foulard-pre-vente-janvier-2021	4	https://cdn.shopify.com/s/files/1/0475/8932/7010/products/Lasclay-Foulard-04_1ba60f49-8922-4f3e-9ad9-56dda46c148a.png?v=1633782828	2048	2048	Schéma de dimensions du foulard Lasclay étalé à plat, indiquant 60 pouces de longueur sur 7,5 pouces de largeur.
Foulard (Vente de fin de saison 2022)	foulard-vente-de-fin-de-saison-2022	1	https://cdn.shopify.com/s/files/1/0475/8932/7010/products/Lasclay-Foulard-01_7f387256-bf64-4243-99ce-839ecf54f03e.png?v=1644168863	2048	2048	Foulard Lasclay noir matelasse a motif de feuilles, etiquette de marque visible, isole a la soie d'asclepiade
Foulard (Vente de fin de saison 2022)	foulard-vente-de-fin-de-saison-2022	2	https://cdn.shopify.com/s/files/1/0475/8932/7010/products/Lasclay-Foulard-02_acf2cc92-0a50-4976-8c0b-381a0b3c15fe.png?v=1644168863	2048	2048	
Foulard (Vente de fin de saison 2022)	foulard-vente-de-fin-de-saison-2022	3	https://cdn.shopify.com/s/files/1/0475/8932/7010/products/Lasclay-Foulard-03_7f4a9c6b-c4e5-401e-8599-b55746d6cc13.png?v=1644168863	2048	2048	Foulard Lasclay noir matelasse plie, doublure polaire et etiquette de marque visibles, garni de soie d'Amerique
Foulard (Vente de fin de saison 2022)	foulard-vente-de-fin-de-saison-2022	4	https://cdn.shopify.com/s/files/1/0475/8932/7010/products/Lasclay-Foulard-04_c06dc705-4ac7-4981-acec-ef4547061c74.png?v=1644168863	2048	2048	Infographie des dimensions du foulard Lasclay: 60 pouces de long sur 7,5 pouces de large, motif matelasse de feuilles
Foulard IMPARFAIT	foulard-imparfait	1	https://cdn.shopify.com/s/files/1/0475/8932/7010/files/Foulard_-_Imparfait_matelassage.jpg?v=1770308882	3000	3000	Foulard en viscose de bambou, isolé à la soie d'asclépiade, pour rester au chaud sans alourdir votre tenue.
Foulard IMPARFAIT	foulard-imparfait	2	https://cdn.shopify.com/s/files/1/0475/8932/7010/files/foulard-asclepiade-gris-fonce-lasclay.jpg?v=1784223084	1536	1229	Foulard matelassé gris foncé isolé à la soie d'asclépiade du Québec, surpiqûres en feuilles, accessoire d'hiver chaud et léger, sur fond blanc.
Foulard IMPARFAIT	foulard-imparfait	3	https://cdn.shopify.com/s/files/1/0475/8932/7010/files/foulard-asclepiade-noir-lasclay.jpg?v=1784223084	1536	1229	Foulard matelassé noir isolé à la soie d'asclépiade, surpiqûres en feuilles, chaud et coupe-vent, accessoire d'hiver, sur fond blanc.
Foulard IMPARFAIT	foulard-imparfait	4	https://cdn.shopify.com/s/files/1/0475/8932/7010/files/foulard-asclepiade-vert-lasclay.jpg?v=1784223084	1536	1229	Foulard matelassé vert isolé à la soie d'asclépiade, surpiqûres en feuilles, doux et chaud pour l'hiver, sur fond blanc.
Foulard IMPARFAIT	foulard-imparfait	5	https://cdn.shopify.com/s/files/1/0475/8932/7010/files/foulard-asclepiade-rouge-lasclay.jpg?v=1784223084	1536	1229	Foulard matelassé rouge isolé à la soie d'asclépiade, surpiqûres en feuilles, chaud et coupe-vent pour l'hiver, sur fond blanc.
Foulard IMPARFAIT	foulard-imparfait	6	https://cdn.shopify.com/s/files/1/0475/8932/7010/files/foulard-asclepiade-gris-pale-lasclay.jpg?v=1784223084	1536	1229	Foulard matelassé gris pâle marbré isolé à la soie d'asclépiade, surpiqûres en feuilles, chaud et coupe-vent, accessoire d'hiver, sur fond blanc.
Foulard IMPARFAIT	foulard-imparfait	7	https://cdn.shopify.com/s/files/1/0475/8932/7010/files/foulard-asclepiade-porte-hiver-gris-fonce.png?v=1784223084	1639	2048	Personne portant en hiver un foulard matelassé gris foncé isolé à la soie d'asclépiade, surpiqûres en feuilles, par-dessus un manteau noir.
Gants magiques doublés en asclépiade	gants-magiques-asclepiade	1	https://cdn.shopify.com/s/files/1/0475/8932/7010/files/Gants_magiques_asclepiade_chaud.jpg?v=1782265332	2048	1536	Paire de gants tricotés noirs Lasclay isolés à la soie d'asclépiade, doublure chaude, présentés à plat sur fond blanc, accessoire d'hiver québécois.
Gants magiques doublés en asclépiade	gants-magiques-asclepiade	2	https://cdn.shopify.com/s/files/1/0475/8932/7010/files/Gant_magique_asclepiade_construction.jpg?v=1779915899	2646	2048	Gros plan d'une main gantée de noir Lasclay, gant chaud isolé à la soie d'asclépiade, levée devant un paysage de montagne enneigée en hiver.
Gants magiques doublés en asclépiade	gants-magiques-asclepiade	3	https://cdn.shopify.com/s/files/1/0475/8932/7010/files/IMG_5535.jpg?v=1782265331	1536	2048	Main brandissant une touffe de soie d'asclépiade brute façonnée en forme de gant, dans l'atelier, illustrant la fibre isolante végétale de Lasclay.
Gants magiques doublés en asclépiade	gants-magiques-asclepiade	4	https://cdn.shopify.com/s/files/1/0475/8932/7010/files/Gant_magique_asclepiade.jpg?v=1782265332	2048	1536	Homme souriant sur un chantier de construction en hiver, portant les gants chauds isolés à la soie d'asclépiade de Lasclay, casque blanc et veste à carreaux.
Gants magiques doublés en asclépiade	gants-magiques-asclepiade	5	https://cdn.shopify.com/s/files/1/0475/8932/7010/files/Gants_magiques_asclepiade_chaud_dimension.png?v=1782265332	1159	1358	Schéma des dimensions du gant Lasclay isolé à la soie d'asclépiade: hauteur 24,5 cm et largeur 9 cm, gant tricoté noir.
Gift card	rise-ai-giftcard	1	https://cdn.shopify.com/s/files/1/0475/8932/7010/products/36697cd395bb478e85b1f4219fedc6b0.png?v=1699673683	1001	1001	
Glacière à boissons imprimée 3D - isolée à l'asclépiade	glaciere-boissons-beer-cooler	1	https://cdn.shopify.com/s/files/1/0475/8932/7010/products/DSC_5459SHPFY.jpg?v=1661657384	1856	2784	Main qui transporte par sa anse en corde le porte-canettes isotherme translucide Lasclay au couvercle fermé et papillon doré, laissant voir la soie d'asclépiade isolante à travers les parois.
Glacière à boissons imprimée 3D - isolée à l'asclépiade	glaciere-boissons-beer-cooler	2	https://cdn.shopify.com/s/files/1/0475/8932/7010/products/DSC_5399SHPFY.jpg?v=1661657384	2784	1856	Homme assis dans l'herbe au pied d'un arbre qui attrape une canette dans un porte-canettes isotherme blanc Lasclay tenant quatre bières au frais grâce à la soie d'asclépiade.
Glacière à boissons imprimée 3D - isolée à l'asclépiade	glaciere-boissons-beer-cooler	3	https://cdn.shopify.com/s/files/1/0475/8932/7010/products/DSC_5415SHPFY.jpg?v=1661657384	2784	1856	Pique-nique sur couverture à carreaux: une personne tend une canette à une autre près du porte-canettes isotherme blanc Lasclay au logo papillon, gardant quatre bières fraîches à la soie d'Amérique.
Glacière à boissons imprimée 3D - isolée à l'asclépiade	glaciere-boissons-beer-cooler	4	https://cdn.shopify.com/s/files/1/0475/8932/7010/products/DSC_5472-EditSHPFY.jpg?v=1661657384	1856	2784	Homme debout dans un parc qui transporte au côté le porte-canettes isotherme translucide Lasclay par son anse en corde, isolé à la soie d'asclépiade pour garder les bières au frais en plein air.
Glacière à boissons imprimée 3D - isolée à l'asclépiade	glaciere-boissons-beer-cooler	5	https://cdn.shopify.com/s/files/1/0475/8932/7010/products/DSC_5397_1x_1-1.jpg?v=1661657384	2784	1856	
Glacière à boissons imprimée 3D - isolée à l'asclépiade	glaciere-boissons-beer-cooler	6	https://cdn.shopify.com/s/files/1/0475/8932/7010/products/lasclay-uMNk5juyKUI-unsplash_1_3.jpg?v=1652619841	2141	1879	Grappe de fleurs roses d'asclépiade butinée par un sphinx colibri en vol parmi le feuillage vert, la plante d'été dont Lasclay tire sa soie d'Amérique
Glacière à boissons imprimée 3D - isolée à l'asclépiade	glaciere-boissons-beer-cooler	7	https://cdn.shopify.com/s/files/1/0475/8932/7010/products/IMG_0680.jpg?v=1652619841	3024	3024	Imprimante 3D Prusa i3 en train de fabriquer la coque translucide d'un porte-canettes isotherme Lasclay, plus tard garni de soie d'asclépiade comme isolant.
Glacière à boissons imprimée 3D - isolée à l'asclépiade	glaciere-boissons-beer-cooler	8	https://cdn.shopify.com/s/files/1/0475/8932/7010/products/lasclay-IjNj7fF2WCg-unsplash_1_2.jpg?v=1652619841	3234	4041	Gousses d'asclépiade éclatées à l'automne libérant leurs graines brunes et leur soie d'Amérique blanche et soyeuse, devant une forêt floue, la fibre qui isole les produits Lasclay
Glacière à boissons imprimée 3D - isolée à l'asclépiade	glaciere-boissons-beer-cooler	9	https://cdn.shopify.com/s/files/1/0475/8932/7010/products/IMG_0683.jpg?v=1652619841	3024	3024	Imprimante 3D Prusa i3 façonnant le couvercle translucide d'un porte-canettes isotherme Lasclay orné du papillon doré, contenant isolé à la soie d'Amérique.
glaciere anglais dummy	glaciere-anglais-dummy	1	https://cdn.shopify.com/s/files/1/0475/8932/7010/products/graphiquetemperatureglaciereengligh.jpg?v=1626020873	1457	903	
glaciere anglais dummy	glaciere-anglais-dummy	2	https://cdn.shopify.com/s/files/1/0475/8932/7010/products/MG_9981-1-EN.jpg?v=1626020873	2048	1365	Visuel Lasclay en anglais d'une personne assise au pied d'un arbre qui sort une canette d'une glacière souple beige à coquille de chanvre, isolée à la soie d'asclépiade
Graines d'asclépiade	milkweed-seeds	1	https://cdn.shopify.com/s/files/1/0475/8932/7010/files/Lasclay-semences-asclepias-syriaca.png?v=1782265450	720	900	Sachet de semences d’asclépiade commune - graines de fleurs sauvages pour attirer les papillons monarques.
Graines d'asclépiade	milkweed-seeds	2	https://cdn.shopify.com/s/files/1/0475/8932/7010/files/Follicule-asclepiade-commune-soie.jpg?v=1782265450	819	1024	Gousses d'asclépiade ouvertes libérant leurs soies et graines, fibre isolante végétale utilisée par Lasclay
Graines d'asclépiade	milkweed-seeds	3	https://cdn.shopify.com/s/files/1/0475/8932/7010/files/FR_Asclepiade_commune_5a632487-26d4-45c9-903e-f4c55879e364.png?v=1782265389	1152	1440	Papillon monarque sur une asclépiade commune (Asclepias syriaca), fiche de culture: vivace rustique zone 2, plein soleil, fleurs roses, floraison de juin à août.
Graines d'asclépiade	milkweed-seeds	4	https://cdn.shopify.com/s/files/1/0475/8932/7010/files/FR_Asclepiade_Incarnate.png?v=1782265451	1153	1440	Papillon monarque posé sur une asclépiade incarnate rose (Asclepias incarnata), fiche de culture: vivace zone 3, sol humide, floraison de juin à août.
Graines d'asclépiade	milkweed-seeds	5	https://cdn.shopify.com/s/files/1/0475/8932/7010/files/FR_Asclepiade_Tubereuse_731a996c-034c-4d19-8716-310a04c13c84.png?v=1782265451	1152	1440	Fiche de culture de l'asclépiade tubéreuse (Asclepias tuberosa) aux fleurs oranges: vivace zone 3, plein soleil, sol sec et rocailleux, floraison de juin à août.
Graines d'asclépiade	milkweed-seeds	6	https://cdn.shopify.com/s/files/1/0475/8932/7010/files/FR_Asclepiade_Speciosa_0cf323e5-63f7-400b-bd41-efed8731f1c8.png?v=1782265451	1152	1440	Fiche de culture de l'asclépiade Speciosa (Asclepias speciosa) aux fleurs roses et blanches étoilées: vivace rustique zone 2, plein soleil, floraison de juin à août.
Graines d'asclépiade	milkweed-seeds	7	https://cdn.shopify.com/s/files/1/0475/8932/7010/files/exaltata-25.jpg?v=1782265389	601	751	Fiche botanique de l'asclepiade tres grande (Asclepias exaltata) en fleurs blanches et vertes, vivace de sous-bois
Graines d'asclépiade	milkweed-seeds	8	https://cdn.shopify.com/s/files/1/0475/8932/7010/files/graines-asclepiade-commune.jpg?v=1782265450	819	1024	Graines d'asclepiade commune versees d'une enveloppe dans une main, semences pour soutenir le papillon monarque
Graines d'asclépiade	milkweed-seeds	9	https://cdn.shopify.com/s/files/1/0475/8932/7010/files/Images_avec_texte_informatif-28.jpg?v=1776090590	1400	1751	Fiche de culture de l'asclépiade verticillée (Asclepias verticillata) aux fleurs blanches avec une coccinelle: vivace zones 3 à 9, plein soleil, floraison de juillet à septembre.
Graines d'asclépiade	milkweed-seeds	10	https://cdn.shopify.com/s/files/1/0475/8932/7010/files/Imagesavectexteinformatif-34.jpg?v=1776090590	1401	1751	Care card for Narrow Leaf Milkweed (Asclepias fascicularis) with white and pink flowers: perennial, hardiness zones 5 to 10, full sun, blooming June to October.
Graines d'asclépiade	milkweed-seeds	11	https://cdn.shopify.com/s/files/1/0475/8932/7010/files/Images_avec_texte_informatif_FR_Asclepiade_Tubereuse_copie.jpg?v=1776090590	1400	1751	Fiche de culture de l'asclépiade des Prairies (Asclepias sullivantii) aux fleurs roses: vivace zones 2 à 7, plein soleil, sol argileux, floraison de juin à août.
Graines d'asclépiade	milkweed-seeds	12	https://cdn.shopify.com/s/files/1/0475/8932/7010/files/Images_avec_texte_informatif_FR_Asclepiade_commune_copie_7b79ebad-3800-4b10-b317-64dc3cbcaf79.jpg?v=1776090590	1401	1751	Fiche de culture de l'asclépiade verte (Asclepias viridis) aux fleurs vertes et mauves: vivace zones 4 à 9, plein soleil, sol sec, floraison de mai à juillet.
Graines d'asclépiade	milkweed-seeds	13	https://cdn.shopify.com/s/files/1/0475/8932/7010/files/ly_images_avec_texte_informatif-35_1772741957.jpg?v=1776090590	1401	1751	Information card for Utah milkweed (Asclepias labriformis), a perennial milkweed with clusters of white blooms that feeds the monarch butterfly
Graines d'asclépiade	milkweed-seeds	14	https://cdn.shopify.com/s/files/1/0475/8932/7010/files/ly_v2_images_avec_texte_informatif-36_1747246251.png?v=1782265451	600	750	Information card for Arizona milkweed (Asclepias angustifolia), a perennial milkweed with white flowers that hosts the monarch butterfly
Graines d'asclépiade en vrac	graines-dasclepiade-en-vrac	1	https://cdn.shopify.com/s/files/1/0475/8932/7010/products/Lasclay-Produit-graines-2_1.jpg?v=1643283069	1347	1347	Petit tas de graines d'asclépiade brunes et plates sur fond blanc, avec la quantité indiquée d'une demi cuillerée à thé (2,5 ml), semences offertes par Lasclay
Graines d'asclépiade en vrac	graines-dasclepiade-en-vrac	2	https://cdn.shopify.com/s/files/1/0475/8932/7010/products/Lasclay-Produit-graines-4_ff508103-7c82-44b7-99f8-a3d5208c28a9.jpg?v=1643283068	1362	1362	Photo produit sur fond blanc d'une enveloppe de papier kraft d'où s'échappent des graines brunes d'asclépiade.
Graines d'asclépiade en vrac (0-100)	graines-dasclepiade-en-vrac-0-100	1	https://cdn.shopify.com/s/files/1/0475/8932/7010/products/Lasclay-Produit-graines-2_1_9077bf89-3a7e-4118-ae93-e8ac4aa92b0c.jpg?v=1649794619	1347	1347	Petit tas de graines d'asclepiade brunes en forme de gouttes, avec la quantite indiquee 1/2 c. a the soit 2,5 ml
Graines d'asclépiade en vrac (0-100)	graines-dasclepiade-en-vrac-0-100	2	https://cdn.shopify.com/s/files/1/0475/8932/7010/products/Lasclay-Produit-graines-4_81d16fe6-282f-4970-af17-6aa920496745.jpg?v=1649794619	1362	1362	Sachet de papier kraft d'ou s'echappent des graines d'asclepiade brunes pretes a semer pour le monarque
Huile d'asclépiade pure en flacon - hydratante pour la peau	huile-asclepiade	1	https://cdn.shopify.com/s/files/1/0475/8932/7010/files/huilegrainesasclepiadeflacon2.png?v=1782265332	800	1280	Flacon compte-gouttes d'huile de graines d'asclépiade ambrée, présenté avec graines et fleur d'asclépiade, soin naturel riche en oméga.
Huile d'asclépiade pure en flacon - hydratante pour la peau	huile-asclepiade	2	https://cdn.shopify.com/s/files/1/0475/8932/7010/files/3213d9b23f1-e131-486a-995d-6a5b4c83aaec.jpg?v=1782265332	1288	1288	Personne examinant à contre-jour une fiole d'huile d'asclépiade dorée dans un atelier de brique, évoquant l'extraction artisanale de l'huile de soie d'Amérique.
Huile d'asclépiade pure en flacon - hydratante pour la peau	huile-asclepiade	3	https://cdn.shopify.com/s/files/1/0475/8932/7010/files/Photos_Mai2026_Lasclay_Volcano_23.jpg?v=1782134805	1354	2030	Distillation en laboratoire : une huile dorée s'écoule d'une ampoule de verre vers un erlenmeyer, lors de l'extraction à partir d'asclépiade.
Isolant d'asclépiade au mètre ou demi-mètre	isolant-asclepiade-vegan-naturel	1	https://cdn.shopify.com/s/files/1/0475/8932/7010/files/membrane_isolante_asclepiade.png?v=1782265333	1024	1024	Rouleau de membrane isolante à la soie d'asclépiade, l'isolant végétal léger et chaud qui garnit les manteaux Lasclay
Isolant d'asclépiade au mètre ou demi-mètre	isolant-asclepiade-vegan-naturel	2	https://cdn.shopify.com/s/files/1/0475/8932/7010/files/tissu_isolant_asclepiade.png?v=1782265332	1024	1024	Bloc de tissu isolant à la soie d'asclépiade posé contre une règle, montrant l'épaisseur de l'isolant végétal Lasclay
Isolant d'asclépiade au mètre ou demi-mètre	isolant-asclepiade-vegan-naturel	3	https://cdn.shopify.com/s/files/1/0475/8932/7010/files/Lasclay-MediaKit-13_5d5f86c8-5b7a-4fd6-9fc4-79b2bcd74633.jpg?v=1757539449	1365	2048	Gousses d'asclépiade éclatées libérant leur soie blanche et leurs graines dans un champ à l'automne, source de la fibre isolante de Lasclay.
Isolant d'asclépiade au mètre ou demi-mètre	isolant-asclepiade-vegan-naturel	4	https://cdn.shopify.com/s/files/1/0475/8932/7010/files/isolation_asclepiade_soie_amerique_quebec.png?v=1782265333	1408	736	Nappes de soie d'asclepiade blanche empilees, isolant vegetal cultive au Quebec utilise par Lasclay
Isolant d'asclépiade au mètre ou demi-mètre	isolant-asclepiade-vegan-naturel	5	https://cdn.shopify.com/s/files/1/0475/8932/7010/files/Lasclay-MediaKit-16.jpg?v=1757539576	2048	1365	Gousse d'asclépiade ouverte révélant ses graines brunes en écailles et sa soie blanche, dans un champ à l'automne, matière première de Lasclay.
Isolant d'asclépiade au mètre ou demi-mètre	isolant-asclepiade-vegan-naturel	6	https://cdn.shopify.com/s/files/1/0475/8932/7010/files/Lasclay-MediaKit-28_4fca959a-d4aa-4418-a79e-36cb43433afd.jpg?v=1757539576	1421	1421	Mains tenant des gousses d'asclépiade ouvertes et libérant la soie et les graines dans un champ à l'automne, récolte de la fibre isolante de Lasclay.
Isolant d'asclépiade au mètre ou demi-mètre	isolant-asclepiade-vegan-naturel	7	https://cdn.shopify.com/s/files/1/0475/8932/7010/files/lasclay-TPV7ryk3y3w-unsplash_d43db5ee-46b2-4218-b1ac-ca01c860fcf0.jpg?v=1757539576	2048	1365	Main tenant une touffe de soie d'asclepiade et ses graines au vent dans un paysage d'automne
Isolant d'asclépiade au mètre ou demi-mètre	isolant-asclepiade-vegan-naturel	8	https://cdn.shopify.com/s/files/1/0475/8932/7010/files/Untitled_1018cad0-5b8d-4862-90f5-0a59d0167de2.jpg?v=1782265333	1440	960	Mains tenant une poignée de soie d'asclépiade duveteuse, l'isolant végétal cultivé au Québec, devant un t-shirt Lasclay
Kit de mise à niveau bandoulière - Sac à lunch	kit-mise-niveau-bandouliere-sac-lunch	1	https://cdn.shopify.com/s/files/1/0475/8932/7010/files/PLUG_IN_STRAP_-_FRONT.png?v=1782265390	1638	2048	Sac isotherme noir Lasclay muni de sa bandoulière amovible à épaulette rembourrée, vue de face sur fond blanc.
Kit de mise à niveau bandoulière - Sac à lunch	kit-mise-niveau-bandouliere-sac-lunch	2	https://cdn.shopify.com/s/files/1/0475/8932/7010/files/PLUG_IN_STRAP_-_FLAT.png?v=1782265390	1638	2048	Bandoulière amovible noire Lasclay à épaulette rembourrée, posée à plat avec ses mousquetons et sa boucle d'attache.
Kit de mise à niveau bandoulière - Sac à lunch	kit-mise-niveau-bandouliere-sac-lunch	3	https://cdn.shopify.com/s/files/1/0475/8932/7010/files/PLUG_IN_STRAP_-_DETAIL_1.png?v=1782265390	1638	2048	Détail des attaches à mousqueton et boucles de la bandoulière amovible Lasclay fixée sur un sac isotherme noir.
langify_image_container	langify_image_container	1	https://cdn.shopify.com/s/files/1/0475/8932/7010/products/image.png?v=1602679041	2048	1371	
langify_image_container	langify_image_container	2	https://cdn.shopify.com/s/files/1/0475/8932/7010/products/image_1d5d7b94-1e21-4e7d-8dd7-c8c2e55d2579.png?v=1602679058	2048	1371	Champ d'asclépiades sauvages aux gousses ouvertes libérant leur soie blanche, poussant en friche urbaine près d'une autoroute, la plante d'où vient l'isolant Lasclay
langify_image_container	langify_image_container	3	https://cdn.shopify.com/s/files/1/0475/8932/7010/products/image_233f1de9-9f37-420e-ba95-98786e87b6d0.png?v=1602685219	800	600	Infographie montrant la superficie de forêt occupée chaque hiver au Mexique par les papillons monarques, en hectares, avec la cible de rétablissement de 6 hectares.
Le Pied-Main-Bouche: Mitaines+foulard+semelles	le-pied-main-bouche-mitaines-foulard-semelles	1	https://cdn.shopify.com/s/files/1/0475/8932/7010/files/pied-main-bouche.png?v=1721332764	1024	1638	Le Pied-Main-Bouche réunissant mitaines, foulard et semelles isolés à la soie du Québec, pour rester au chaud de la tête aux pieds.
Manchon isotherme pour boissons	manchon-isotherme-canettes-bouteilles	1	https://cdn.shopify.com/s/files/1/0475/8932/7010/files/SLEEVE_KIT_JAUNE_74a34f55-00b6-4841-8ad4-e878d105d4a0.png?v=1782265390	1638	2048	Deux manchons à canette isothermes Lasclay en coton jaune moutarde à pellicule réfléchissante, enfilés sur des canettes, formats régulier et grand, languette d'attache, doublés d'isolant à la soie d'asclépiade.
Manchon isotherme pour boissons	manchon-isotherme-canettes-bouteilles	2	https://cdn.shopify.com/s/files/1/0475/8932/7010/files/porte-canette-isolant-boisson-asclepiade.jpg?v=1782265332	816	1087	Paire de porte-canettes isothermes en coton, rembourrés de soie d'asclépiade et posés sur une table de bois en camping
Manchon isotherme pour boissons	manchon-isotherme-canettes-bouteilles	3	https://cdn.shopify.com/s/files/1/0475/8932/7010/files/manchon-boisson-asclepiade.jpg?v=1782265332	840	1120	Manchon isotherme pour canette et boissons en asclépiade Lasclay fixé à un sac à dos de plein air bleu avec un mousqueton
Manchon isotherme pour boissons	manchon-isotherme-canettes-bouteilles	4	https://cdn.shopify.com/s/files/1/0475/8932/7010/files/manchon-isolant-canette-asclepiade.jpg?v=1782265332	985	1313	Manchon vert isolant accroché à la ceinture avec une canette à l'intérieur, isolation naturelle en fibre d'asclépiade.
Manchon isotherme pour boissons	manchon-isotherme-canettes-bouteilles	5	https://cdn.shopify.com/s/files/1/0475/8932/7010/files/gaine-isolante-boisson-asclepiade.jpg?v=1782265332	1094	1459	Gaine isolante d'asclépiade accrochée à la ceinture, contenant une canette, accessoire pour garder les boissons froides.
Manchon isotherme pour boissons	manchon-isotherme-canettes-bouteilles	6	https://cdn.shopify.com/s/files/1/0475/8932/7010/files/SMALL_CAN_d7dc5043-72d7-4e31-bd3c-2f465c7a481e.png?v=1782265332	1638	2048	Manchon à canette isotherme Lasclay en coton vert olive à pellicule réfléchissante enfilé sur une canette, languette d'attache et étiquette cousue, doublé d'isolant à la soie d'Amérique pour garder la boisson fraîche.
Manchon isotherme pour boissons	manchon-isotherme-canettes-bouteilles	7	https://cdn.shopify.com/s/files/1/0475/8932/7010/files/GROS_CUP_BEIGE.png?v=1782265389	1638	2048	Manchon isotherme à gobelet en coton beige sable à pellicule réfléchissante, doublure isolante à la soie d'asclépiade, étiquette Lasclay et sangle noire, tient un gobelet à couvercle et garde la boisson chaude ou froide.
Manchon isotherme pour boissons	manchon-isotherme-canettes-bouteilles	8	https://cdn.shopify.com/s/files/1/0475/8932/7010/files/GROSSE_CANNE_JAUNE_21c99548-57c8-4114-9c7c-3e91e3952f3f.png?v=1782265389	1638	2048	Manchon isotherme à canette en coton jaune moutarde à pellicule réfléchissante, doublé d'isolant à la soie d'asclépiade, étiquette Lasclay et sangle velcro, tient une canette et la garde froide plus longtemps.
Manchon isotherme pour boissons	manchon-isotherme-canettes-bouteilles	9	https://cdn.shopify.com/s/files/1/0475/8932/7010/files/GROSSE_CANNE_NOIR.png?v=1782265389	1638	2048	Manchon isotherme à canette en coton noir à pellicule réfléchissante, doublure isolante à la soie d'Amérique, étiquette Lasclay et boucle de transport, tient une canette et garde la boisson fraîche plus longtemps.
Manchon isotherme pour boissons	manchon-isotherme-canettes-bouteilles	10	https://cdn.shopify.com/s/files/1/0475/8932/7010/files/GROS_CUP_ROUGE.png?v=1782265389	1638	2048	Manchon isotherme à gobelet en coton rouge bourgogne à pellicule réfléchissante, doublé d'isolant à la soie d'asclépiade, étiquette Lasclay et sangle de transport, tient un gobelet à couvercle et maintient la température.
Manchon isotherme pour boissons	manchon-isotherme-canettes-bouteilles	11	https://cdn.shopify.com/s/files/1/0475/8932/7010/files/GROSSE_CANNE_ROSE.png?v=1782265389	1638	2048	Manchon isotherme à canette en coton rose poudré à pellicule réfléchissante, doublé d'isolant à la fibre d'asclépiade, étiquette Lasclay et sangle noire, tient une canette et conserve le froid plus longtemps.
Manchon isotherme pour boissons	manchon-isotherme-canettes-bouteilles	12	https://cdn.shopify.com/s/files/1/0475/8932/7010/files/manchon-isolant-cafe-reutilisable.jpg?v=1782265332	1200	1600	Manchon vert isolant tenu à la main autour d'un gobelet de café glacé, accessoire réutilisable à la soie d'asclépiade pour garder la boisson au frais
Manchon isotherme pour boissons	manchon-isotherme-canettes-bouteilles	13	https://cdn.shopify.com/s/files/1/0475/8932/7010/files/TALL_CAN.png?v=1782265333	1638	2048	Manchon isotherme vert kaki pour grande canette, dragonne Lasclay, isolé à la soie d'asclépiade pour garder la boisson froide
Manchon isotherme pour boissons IMPARFAIT	manchon-isotherme-pour-boissons-imparfait	1	https://cdn.shopify.com/s/files/1/0475/8932/7010/files/SMALL_CAN_d7dc5043-72d7-4e31-bd3c-2f465c7a481e.png?v=1782265332	1638	2048	Manchon à canette isotherme Lasclay en coton vert olive à pellicule réfléchissante enfilé sur une canette, languette d'attache et étiquette cousue, doublé d'isolant à la soie d'Amérique pour garder la boisson fraîche.
Manchon isotherme pour boissons IMPARFAIT	manchon-isotherme-pour-boissons-imparfait	2	https://cdn.shopify.com/s/files/1/0475/8932/7010/files/porte-canette-isolant-boisson-asclepiade.jpg?v=1782265332	816	1087	Paire de porte-canettes isothermes en coton, rembourrés de soie d'asclépiade et posés sur une table de bois en camping
Manchon isotherme pour boissons IMPARFAIT	manchon-isotherme-pour-boissons-imparfait	3	https://cdn.shopify.com/s/files/1/0475/8932/7010/files/manchon-boisson-asclepiade.jpg?v=1782265332	840	1120	Manchon isotherme pour canette et boissons en asclépiade Lasclay fixé à un sac à dos de plein air bleu avec un mousqueton
Manchon isotherme pour boissons IMPARFAIT	manchon-isotherme-pour-boissons-imparfait	4	https://cdn.shopify.com/s/files/1/0475/8932/7010/files/manchon-isolant-canette-asclepiade.jpg?v=1782265332	985	1313	Manchon vert isolant accroché à la ceinture avec une canette à l'intérieur, isolation naturelle en fibre d'asclépiade.
Manchon isotherme pour boissons IMPARFAIT	manchon-isotherme-pour-boissons-imparfait	5	https://cdn.shopify.com/s/files/1/0475/8932/7010/files/gaine-isolante-boisson-asclepiade.jpg?v=1782265332	1094	1459	Gaine isolante d'asclépiade accrochée à la ceinture, contenant une canette, accessoire pour garder les boissons froides.
Manchon isotherme pour boissons IMPARFAIT	manchon-isotherme-pour-boissons-imparfait	6	https://cdn.shopify.com/s/files/1/0475/8932/7010/files/manchon-isolant-cafe-reutilisable.jpg?v=1782265332	1200	1600	Manchon vert isolant tenu à la main autour d'un gobelet de café glacé, accessoire réutilisable à la soie d'asclépiade pour garder la boisson au frais
Manchon isotherme pour boissons IMPARFAIT	manchon-isotherme-pour-boissons-imparfait	7	https://cdn.shopify.com/s/files/1/0475/8932/7010/files/TALL_CAN.png?v=1782265333	1638	2048	Manchon isotherme vert kaki pour grande canette, dragonne Lasclay, isolé à la soie d'asclépiade pour garder la boisson froide
Manchon isotherme pour canettes minces	manchon-isolant-canettes-slim	1	https://cdn.shopify.com/s/files/1/0475/8932/7010/files/manchon_slim_jaune.png?v=1782265333	1262	1261	Manchon isotherme jaune Lasclay à la soie d'asclépiade enfilé sur une canette élancée, avec dragonne, pour garder la boisson fraîche
Manchon isotherme pour canettes minces	manchon-isolant-canettes-slim	2	https://cdn.shopify.com/s/files/1/0475/8932/7010/files/manchon_slim_noir.png?v=1782265334	1258	1258	Manchon isotherme noir Lasclay à la soie d'asclépiade enfilé sur une canette élancée, avec dragonne, pour garder la boisson fraîche
Manchon isotherme pour canettes minces	manchon-isolant-canettes-slim	3	https://cdn.shopify.com/s/files/1/0475/8932/7010/files/manchon_slim_vert.png?v=1782265333	1260	1260	Manchon isotherme vert Lasclay à la soie d'asclépiade enfilé sur une canette élancée, avec dragonne, pour garder la boisson fraîche
Manchon isotherme pour canettes minces	manchon-isolant-canettes-slim	4	https://cdn.shopify.com/s/files/1/0475/8932/7010/files/manchon_slim_rose.png?v=1782265333	1258	1257	Manchon isotherme rose Lasclay à la soie d'asclépiade enfilé sur une canette élancée, avec dragonne, pour garder la boisson fraîche
Manchon isotherme pour canettes minces	manchon-isolant-canettes-slim	5	https://cdn.shopify.com/s/files/1/0475/8932/7010/files/manchon_slim_2_contexte.png?v=1782265333	350	467	Personne assise dehors tenant une canette élancée glissée dans un manchon isotherme noir Lasclay à la soie d'asclépiade, avec dragonne au poignet
Manchon isotherme pour canettes minces	manchon-isolant-canettes-slim	6	https://cdn.shopify.com/s/files/1/0475/8932/7010/files/manchon_slim_rouge.png?v=1782265333	1268	1269	Manchon isotherme rouge Lasclay à la soie d'asclépiade enfilé sur une canette élancée, avec dragonne, pour garder la boisson fraîche
Manteau hivernal isolé à l'asclépiade	manteau-hiver-asclepiade-quebecoise	1	https://cdn.shopify.com/s/files/1/0475/8932/7010/files/Manteau_asclepiade_homme_pleinair.jpg?v=1779732125	1122	1402	Manteau d'hiver à capuchon noir pour homme, isolé à la soie d'asclépiade, chaud et léger comme alternative au duvet, isolant cultivé au Québec.
Manteau hivernal isolé à l'asclépiade	manteau-hiver-asclepiade-quebecoise	2	https://cdn.shopify.com/s/files/1/0475/8932/7010/files/manteau-parka-lasclay-asclepiade-Homme_11eba82e-5d09-4aeb-a372-0beee7952d2f.jpg?v=1782265332	1024	1536	Homme en manteau parka noir Lasclay isolé à la soie d'asclépiade, tuque grise et mitaines bordeaux, devant une tente en camping d'hiver
Manteau hivernal isolé à l'asclépiade	manteau-hiver-asclepiade-quebecoise	3	https://cdn.shopify.com/s/files/1/0475/8932/7010/files/Manteau_asclepiade_femme_pleinair.jpg?v=1779732189	1086	1449	Manteau de plein air pour femme noir à capuchon Lasclay, isolé à la soie d'asclépiade, vu de face sur fond gris.
Manteau hivernal isolé à l'asclépiade	manteau-hiver-asclepiade-quebecoise	4	https://cdn.shopify.com/s/files/1/0475/8932/7010/files/manteau-parka-lasclay-asclepiade-femme_46810fcd-ff3a-4bc3-a3b4-0d7fbe77140a.jpg?v=1782265332	1536	1024	Femme en manteau parka noir Lasclay isolé à la soie d'asclépiade, avec cache-cou gris et tuque, marchant sur un pont en hiver
Manteau hivernal isolé à l'asclépiade	manteau-hiver-asclepiade-quebecoise	5	https://cdn.shopify.com/s/files/1/0475/8932/7010/files/manteau_asclepiade_Femme_Homme.jpg?v=1782265332	1446	1087	Homme et femme en manteaux parka noirs Lasclay isolés à la soie d'asclépiade, avec cache-cou, en forêt enneigée l'hiver
Manteau isolé à l'asclépiade	manteau-asclepiade	1	https://cdn.shopify.com/s/files/1/0475/8932/7010/files/IMG_0008-2_-_Etiquette_cath.jpg?v=1782265333	1570	2048	Manteau matelassé noir Lasclay à isolant amovible de soie d'asclépiade, fermeture éclair et logo papillon brodé, présenté à plat sur fond gris.
Manteau isolé à l'asclépiade	manteau-asclepiade	2	https://cdn.shopify.com/s/files/1/0475/8932/7010/files/IMG_0015-2.jpg?v=1782265334	1571	2048	Manteau matelassé noir Lasclay ouvert montrant le col polaire et l'isolant amovible à la soie d'asclépiade, à plat sur fond gris.
Manteau isolé à l'asclépiade	manteau-asclepiade	3	https://cdn.shopify.com/s/files/1/0475/8932/7010/files/IMG_0033-2.jpg?v=1782265333	1536	1025	Détail du col polaire et de l'étiquette de taille L du manteau matelassé noir Lasclay, isolant amovible à la soie d'asclépiade, logo papillon.
Manteau isolé à l'asclépiade	manteau-asclepiade	4	https://cdn.shopify.com/s/files/1/0475/8932/7010/files/IMG_0039-2.jpg?v=1782265333	1434	956	Gros plan d'un coussinet d'isolant amovible en soie d'asclépiade glissé dans la doublure matelassée noire du manteau Lasclay.
Manteau isolé à l'asclépiade	manteau-asclepiade	5	https://cdn.shopify.com/s/files/1/0475/8932/7010/files/IMG_0044-2_f5eb693d-4dac-42d2-ad22-a583dbf451ca.jpg?v=1782265334	1025	1536	Intérieur du manteau matelassé noir Lasclay montrant le col polaire, l'étiquette de composition et la pochette d'isolant amovible à la soie d'asclépiade.
Manteau isolé à l'asclépiade	manteau-asclepiade	6	https://cdn.shopify.com/s/files/1/0475/8932/7010/files/IMG_0019-2.jpg?v=1782265333	1536	1025	Gros plan du matelassage et de la fermeture du manteau noir Lasclay, panneau d'isolant amovible à la soie d'asclépiade.
Manteau isolé à l'asclépiade	manteau-asclepiade	7	https://cdn.shopify.com/s/files/1/0475/8932/7010/files/V7A9969.jpg?v=1782265332	1000	667	Homme montrant les coussins amovibles d'asclépiade, sortant d'une pochette intérieure de la veste sans manche Lasclay
Manteau isolé à l'asclépiade	manteau-asclepiade	8	https://cdn.shopify.com/s/files/1/0475/8932/7010/files/V7A1807.jpg?v=1748659036	2048	1366	Homme avec tuque sport et mains dans les poches d'un manteau d'hiver d'asclépiade Lasclay devant le Petit Séminaire de Québec
Manteau isolé à l'asclépiade	manteau-asclepiade	9	https://cdn.shopify.com/s/files/1/0475/8932/7010/files/V7A1205.jpg?v=1782265332	600	600	Femme souriante portant un manteau matelassé noir isolé à l'asclépiade, un bandeau et un cache-cou gris marbré, devant un mur clair
Manteau isolé à l'asclépiade	manteau-asclepiade	10	https://cdn.shopify.com/s/files/1/0475/8932/7010/files/V7A1597.jpg?v=1748659036	1266	1708	Homme en manteau matelassé noir et mitaines en molleton isolées à l'asclépiade, tuque Lasclay, dans un décor d'hiver
Manteau isolé à l'asclépiade	manteau-asclepiade	11	https://cdn.shopify.com/s/files/1/0475/8932/7010/files/V7A1704.jpg?v=1782265333	900	601	Homme portant un manteau matelassé noir isolé à la soie d'asclépiade, main dans la poche, devant un mur de pierre ancien
Manteau isolé à l'asclépiade	manteau-asclepiade	12	https://cdn.shopify.com/s/files/1/0475/8932/7010/files/IMG_0052.jpg?v=1782265389	1025	1536	Coussinet d'isolant Lasclay en soie d'asclépiade, bande noire posée près de gousses et de soie d'asclépiade sur fond gris, montrant la fibre isolante.
Manteau isolé à l'asclépiade	manteau-asclepiade	13	https://cdn.shopify.com/s/files/1/0475/8932/7010/files/IMG_0056.jpg?v=1782265333	1025	1536	Bande d'isolant Lasclay remplie de soie d'asclépiade à côté de gousses ouvertes et de graines, illustrant la fibre isolante végétale du Québec.
Mise à niveau mitaines	mise-a-niveau-mitaines	1	https://cdn.shopify.com/s/files/1/0475/8932/7010/products/Upgrade2020-2021.jpg?v=1782265451	2048	1477	Comparaison de deux mitaines noires isolées à l'asclépiade, ancien et nouveau modèle à paume renforcée, reliés par une flèche
Mitaine seule	mitaine-seule	1	https://cdn.shopify.com/s/files/1/0475/8932/7010/files/lasclay-mitaines-05_217278f6-5f49-4fbc-80cb-d39ccac54a7a.png?v=1782265449	720	900	Mitaine noire Lasclay a paume de cuir presentee de profil, garnie de soie d'asclepiade
Mitaines (Pré-vente Décembre 2021)	mittens-mitaines-preorder-2021	1	https://cdn.shopify.com/s/files/1/0475/8932/7010/products/M2-Web-00.png?v=1630850289	2048	2048	Paire de mitaines Lasclay noires empilées sur fond blanc, poignets à cordon, avec une jeune pousse d'asclépiade posée dessus, isolées à la soie d'asclépiade
Mitaines (Pré-vente Décembre 2021)	mittens-mitaines-preorder-2021	2	https://cdn.shopify.com/s/files/1/0475/8932/7010/products/M2-Web-01.png?v=1630850289	2048	2048	Paire de mitaines Lasclay noires vues côté paume, renfort de cuir et poignets élastiqués reliés par un cordon à breloque papillon, isolées à la soie d'Amérique
Mitaines (Pré-vente Décembre 2021)	mittens-mitaines-preorder-2021	3	https://cdn.shopify.com/s/files/1/0475/8932/7010/products/M2-Web-02.png?v=1630850289	2048	2048	Paire de mitaines Lasclay noires vues côté dessus, nylon lisse et poignets élastiqués reliés par un cordon à breloque papillon, étiquettes logo, isolées à la soie d'asclépiade
Mitaines (Pré-vente Décembre 2021)	mittens-mitaines-preorder-2021	4	https://cdn.shopify.com/s/files/1/0475/8932/7010/products/M2-Web-03.png?v=1630850290	2048	2048	Mitaines Lasclay noires couchées de trois quarts, l'ouverture du poignet dévoilant la doublure polaire intérieure, breloque papillon, isolées à la soie du Québec
Mitaines (Pré-vente Décembre 2021)	mittens-mitaines-preorder-2021	5	https://cdn.shopify.com/s/files/1/0475/8932/7010/products/M2-Web-04.png?v=1630850289	2048	2048	Une mitaine Lasclay noire couchée côté paume, renfort de cuir et pouce visibles, poignet élastiqué, isolée à la soie d'Amérique
Mitaines (Pré-vente Décembre 2021)	mittens-mitaines-preorder-2021	6	https://cdn.shopify.com/s/files/1/0475/8932/7010/products/M2-Web-05.png?v=1630850290	2048	2048	Deux mitaines Lasclay noires croisées sur fond blanc, l'une côté paume avec renfort de cuir et l'autre côté dessus, poignets élastiqués, isolées à la soie d'asclépiade
Mitaines (Pré-vente Janvier 2022)	mittens-preorder-2022	1	https://cdn.shopify.com/s/files/1/0475/8932/7010/products/M2-Web-00_174fce5a-6b91-4d88-b871-c709d033f288.png?v=1633782698	2048	2048	Photo produit sur fond blanc d'une paire de mitaines Lasclay noires empilées, avec un brin vert d'asclépiade et sa gousse dressés derrière.
Mitaines (Pré-vente Janvier 2022)	mittens-preorder-2022	2	https://cdn.shopify.com/s/files/1/0475/8932/7010/products/M2-Web-01_505ceec5-101a-4764-b167-d56fa67edf54.png?v=1633782698	2048	2048	Photo produit sur fond blanc d'une paire de mitaines Lasclay noires à plat, paumes vers le haut, reliées par une petite attache papillon aux poignets.
Mitaines (Pré-vente Janvier 2022)	mittens-preorder-2022	3	https://cdn.shopify.com/s/files/1/0475/8932/7010/products/M2-Web-02_6c9ef414-20e4-4103-8788-bfa848d71f64.png?v=1633782698	2048	2048	
Mitaines (Pré-vente Janvier 2022)	mittens-preorder-2022	4	https://cdn.shopify.com/s/files/1/0475/8932/7010/products/M2-Web-03_9de9ff69-3872-4bbd-9195-045a37054f3c.png?v=1633782698	2048	2048	Photo produit sur fond blanc d'une paire de mitaines Lasclay noires empilées, poignets ouverts vers l'avant laissant voir la doublure douce et l'étiquette.
Mitaines (Pré-vente Janvier 2022)	mittens-preorder-2022	5	https://cdn.shopify.com/s/files/1/0475/8932/7010/products/M2-Web-04_61cae20d-161f-458e-a026-4847533c2c83.png?v=1633782698	2048	2048	Photo produit sur fond blanc d'une mitaine Lasclay noire vue de trois quarts, montrant le panneau de la paume et le poignet élastiqué.
Mitaines (Pré-vente Janvier 2022)	mittens-preorder-2022	6	https://cdn.shopify.com/s/files/1/0475/8932/7010/products/M2-Web-05_6555be9c-aaeb-4971-8082-77083d408a90.png?v=1633782698	2048	2048	Photo produit sur fond blanc d'une paire de mitaines Lasclay noires croisées l'une sur l'autre, montrant le dos et le poignet élastiqué.
Mitaines (Pré-vente janvier/février 2021)	mitaines-prevente-janvier-fevrier-2021	1	https://cdn.shopify.com/s/files/1/0475/8932/7010/products/Shopify-Product-PREVENTE.png?v=1759430664	350	350	Mitaine Lasclay noire à poignet tricoté avec badge Prévente, entourée de feuilles et de gousses vertes d'asclépiade et d'une aigrette de soie du Québec, l'isolant naturel des mitaines
Mitaines (Pré-vente janvier/février 2021)	mitaines-prevente-janvier-fevrier-2021	2	https://cdn.shopify.com/s/files/1/0475/8932/7010/products/shopify-crochet-upsell-prevente.png?v=1607261412	2000	2000	Mitaines Lasclay noires suspendues à une barre par une pince beige, avec la mention Crochet vendu séparément, mitaines isolées à la soie d'asclépiade
Mitaines (Pré-vente janvier/février 2021)	mitaines-prevente-janvier-fevrier-2021	3	https://cdn.shopify.com/s/files/1/0475/8932/7010/products/Shopify-Product-1.png?v=1759434378	350	350	Paire de mitaines Lasclay noires présentées côté paume et côté dessus, poignets élastiqués, sur fond blanc, isolées à la soie d'Amérique
Mitaines (Pré-vente janvier/février 2021)	mitaines-prevente-janvier-fevrier-2021	4	https://cdn.shopify.com/s/files/1/0475/8932/7010/products/Shopify-Product-2_53d883ef-4f57-4f44-b772-dd8c8a2ab21e.png?v=1607261412	3456	3456	Photo produit sur fond blanc d'une paire de mitaines Lasclay noires dressées côte à côte, poignets repliés laissant voir la doublure douce et l'étiquette.
Mitaines (Pré-vente janvier/février 2021)	mitaines-prevente-janvier-fevrier-2021	5	https://cdn.shopify.com/s/files/1/0475/8932/7010/products/MG_9417-Edit_038c62c3-3fe5-46fe-8baf-338729bf124f.jpg?v=1607261412	2048	2048	Photo produit sur fond blanc d'une paire de mitaines Lasclay noires aux poignets repliés montrant la doublure matelassée et l'étiquette de la marque.
Mitaines (Vente avant Noël)	mitaines-prevente-noel-2020	1	https://cdn.shopify.com/s/files/1/0475/8932/7010/products/Shopify-Product-4.png?v=1759434342	350	350	Mitaine Lasclay noire à poignet tricoté posée sur fond blanc, entourée de feuilles et de gousses vertes d'asclépiade et d'une aigrette de soie d'Amérique, l'isolant naturel qui garde les mains au chaud
Mitaines (Vente avant Noël)	mitaines-prevente-noel-2020	2	https://cdn.shopify.com/s/files/1/0475/8932/7010/products/Shopify-Product-1_9e0ff29e-a76b-4d7d-a5b3-7e690f0334d7.png?v=1759434396	350	350	Photo produit sur fond blanc d'une paire de mitaines Lasclay noires, vues recto et verso, avec poignets élastiqués, isolées à la soie d'asclépiade.
Mitaines (Vente avant Noël)	mitaines-prevente-noel-2020	3	https://cdn.shopify.com/s/files/1/0475/8932/7010/products/Shopify-Product-2.png?v=1608059742	3456	3456	Paire de mitaines Lasclay noires sur fond blanc, poignet retroussé en molleton et étiquette Lasclay, isolées à la soie d'asclépiade pour garder les mains au chaud l'hiver
Mitaines (Vente avant Noël)	mitaines-prevente-noel-2020	4	https://cdn.shopify.com/s/files/1/0475/8932/7010/products/MG_9417-Edit.jpg?v=1608059742	2048	2048	Paire de mitaines Lasclay noires à poignets matelassés en velours, étiquettes logo, posées l'une sur l'autre sur fond blanc, isolées à la soie d'asclépiade
Mitaines (Vente fin de saison 2022)	mitts-sale-2022	1	https://cdn.shopify.com/s/files/1/0475/8932/7010/products/M2-Web-00_5c907377-6c50-4341-a727-445f451b3c7e.png?v=1644167121	2048	2048	Photo produit sur fond blanc d'une paire de mitaines Lasclay noires empilées, avec un brin vert d'asclépiade et sa gousse dressés derrière.
Mitaines (Vente fin de saison 2022)	mitts-sale-2022	2	https://cdn.shopify.com/s/files/1/0475/8932/7010/products/M2-Web-01_1da4e9d8-5128-43a3-aa59-9596dfb85b25.png?v=1644167121	2048	2048	Paire de mitaines Lasclay noires vue de face, patte de serrage centrale et petit logo papillon, isolées à la soie d'asclépiade
Mitaines (Vente fin de saison 2022)	mitts-sale-2022	3	https://cdn.shopify.com/s/files/1/0475/8932/7010/products/M2-Web-02_f0c87fe3-422b-40c5-a30f-c8f0285b4c3a.png?v=1644167121	2048	2048	
Mitaines (Vente fin de saison 2022)	mitts-sale-2022	4	https://cdn.shopify.com/s/files/1/0475/8932/7010/products/M2-Web-03_acfe1aaf-9f53-4252-97cc-b96a6a9205e7.png?v=1644167121	2048	2048	Mitaines Lasclay noires empilees, poignets elastiques et doublure polaire visible, garnies de soie d'Amerique
Mitaines (Vente fin de saison 2022)	mitts-sale-2022	5	https://cdn.shopify.com/s/files/1/0475/8932/7010/products/M2-Web-04_886aca38-bb46-49bd-a066-651d62d640fc.png?v=1644167121	2048	2048	Mitaine Lasclay noire vue de trois quarts, pouce et renfort de paume visibles, isolant en soie du Quebec
Mitaines (Vente fin de saison 2022)	mitts-sale-2022	6	https://cdn.shopify.com/s/files/1/0475/8932/7010/products/M2-Web-05_9a97744c-ce82-499d-a715-b801ff4f083c.png?v=1644167121	2048	2048	Deux mitaines Lasclay noires croisees, poignet elastique et renfort de paume, garnies de fibre d'asclepiade
Mitaines (Vente fin de saison Hiver 2021)	mitaines-vente-fin-de-saison-2021	1	https://cdn.shopify.com/s/files/1/0475/8932/7010/products/Shopify-Product-4_cf35967a-1fac-438f-91e9-4d03c7e30e99.png?v=1759434321	350	350	Photo produit sur fond blanc d'une mitaine Lasclay noire mise en scène avec des feuilles vertes d'asclépiade, une gousse verte et un brin de soie.
Mitaines (Vente fin de saison Hiver 2021)	mitaines-vente-fin-de-saison-2021	2	https://cdn.shopify.com/s/files/1/0475/8932/7010/products/shopify-crochet-upsell-prevente_788daad0-3cff-4222-9bb1-f36d3caf187d.png?v=1618834054	2000	2000	Paire de mitaines Lasclay noires suspendues à un crochet de bois au logo papillon sur une tringle, avec la mention crochet vendu séparément.
Mitaines (Vente fin de saison Hiver 2021)	mitaines-vente-fin-de-saison-2021	3	https://cdn.shopify.com/s/files/1/0475/8932/7010/products/Shopify-Product-1_86c3d6a4-cba4-42b4-b6a1-67e7ff739528.png?v=1751794530	800	800	Paire de mitaines Lasclay noires en nylon uni vues côté paume et côté dessus, poignets élastiqués et étiquette logo, sur fond blanc, isolées à la soie du Québec
Mitaines (Vente fin de saison Hiver 2021)	mitaines-vente-fin-de-saison-2021	4	https://cdn.shopify.com/s/files/1/0475/8932/7010/products/Shopify-Product-2_46793ece-3442-4b83-87a3-ca30d6bfbfb4.png?v=1759434359	350	350	Photo produit sur fond blanc d'une paire de mitaines Lasclay noires à poignets repliés laissant voir la doublure, isolées à la soie d'asclépiade.
Mitaines (Vente fin de saison Hiver 2021)	mitaines-vente-fin-de-saison-2021	5	https://cdn.shopify.com/s/files/1/0475/8932/7010/products/MG_9417-Edit_63a16aa0-ecec-49dc-b810-97439ecfba32.jpg?v=1618834054	2048	2048	Photo produit sur fond blanc d'une paire de mitaines Lasclay noires aux poignets repliés montrant la doublure matelassée et l'étiquette de la marque.
Mitaines d'hiver en laine et asclépiade (100% naturelles)	mitaines-hiver-laine-asclepiade-naturelles	1	https://cdn.shopify.com/s/files/1/0475/8932/7010/files/mitaines_urbaines_kaki_asclepiade_laine.jpg?v=1782265331	1254	1254	Paire de mitaines urbaines en laine vert kaki doublées d'asclépiade, étiquette Lasclay, sur fond blanc.
Mitaines d'hiver en laine et asclépiade (100% naturelles)	mitaines-hiver-laine-asclepiade-naturelles	2	https://cdn.shopify.com/s/files/1/0475/8932/7010/files/mitaines_urbaines_kaki_asclepiade_laine_kaki.jpg?v=1779824285	800	800	Gros plan sur la laine vert kaki des mitaines urbaines Lasclay, tissu doublé à la soie d'asclépiade
Mitaines d'hiver en laine et asclépiade (100% naturelles)	mitaines-hiver-laine-asclepiade-naturelles	3	https://cdn.shopify.com/s/files/1/0475/8932/7010/files/mitaines_urbaines_kaki_asclepiade_laine_kaki_printemps.jpg?v=1782265331	1536	1024	Personne portant les mitaines urbaines vert kaki Lasclay doublées à la soie d'asclépiade, main glissée dans la poche d'un manteau en hiver
Mitaines de cuisine en asclépiade	milkweed-oven-mitts	1	https://cdn.shopify.com/s/files/1/0475/8932/7010/files/Mitaine_Manique_2.png?v=1706736548	2048	2560	Mitaines de cuisine en coton, isolées à la soie d'Amérique, pour manipuler les plats chauds en toute confiance.
Mitaines de cuisine en asclépiade	milkweed-oven-mitts	2	https://cdn.shopify.com/s/files/1/0475/8932/7010/files/Mitaine_Manique_38.png?v=1706736548	2048	3080	Mitaines de cuisine en coton, isolées à la soie du Québec, pour saisir les plats chauds sans vous brûler.
Mitaines de cuisine en asclépiade	milkweed-oven-mitts	3	https://cdn.shopify.com/s/files/1/0475/8932/7010/files/Mitaine_Manique_1.png?v=1706811706	2048	2560	Mitaines de cuisine en coton, isolées à la soie d'asclépiade, pour manipuler les plats chauds en toute confiance.
Mitaines de cuisine en asclépiade	milkweed-oven-mitts	4	https://cdn.shopify.com/s/files/1/0475/8932/7010/files/Mitaine_Manique_47.png?v=1706811706	2048	2560	Mitaines de cuisine en coton, isolées à la soie du Québec, pour manipuler les plats chauds en toute confiance.
Mitaines de cuisine en asclépiade	milkweed-oven-mitts	5	https://cdn.shopify.com/s/files/1/0475/8932/7010/files/Mitaine_Manique_39.png?v=1706811706	2048	2560	Mitaines de cuisine en coton, isolées à la soie d'asclépiade, pour manipuler les plats chauds en toute confiance.
Mitaines hivernales en asclépiade, laine et cuir de mouton (100% naturelles)	mitaines-hiver-asclepiade-laine-cuir-naturel	1	https://cdn.shopify.com/s/files/1/0475/8932/7010/files/mitaines-cuir-laine-asclepiade-naturel-quebec.jpg?v=1782265332	2048	1360	Mitaines d'hiver en cuir noir, doublées de laine et isolées à la soie d'asclépiade, poignet élastique, sur fond blanc.
Mitaines hivernales en asclépiade, laine et cuir de mouton (100% naturelles)	mitaines-hiver-asclepiade-laine-cuir-naturel	2	https://cdn.shopify.com/s/files/1/0475/8932/7010/files/mitaines-cuir-laine-asclepiade-lasclay-canada.jpg?v=1779624125	2005	1331	Paire de mitaines en cuir noir doublées de laine et isolées à la soie d'asclépiade, étiquette Lasclay, doublure douce visible, sur fond blanc.
Mitaines hivernales en asclépiade, laine et cuir de mouton (100% naturelles)	mitaines-hiver-asclepiade-laine-cuir-naturel	3	https://cdn.shopify.com/s/files/1/0475/8932/7010/files/mitaines-randonnee-hiver-cuir-asclepiade-lasclay.jpg?v=1782265331	1023	1537	En forêt enneigée au soleil, une personne porte des mitaines de cuir noir isolées à l'asclépiade et un cache-cou gris, bâtons de marche en main.
Mitaines hivernales en asclépiade, laine et cuir de mouton (100% naturelles)	mitaines-hiver-asclepiade-laine-cuir-naturel	4	https://cdn.shopify.com/s/files/1/0475/8932/7010/files/mitaines-qualite-asclepiade-lasclay-cuir-canada.jpg?v=1782265332	1537	1023	Gros plan d'une main gantée d'une mitaine de cuir noir isolée à l'asclépiade, agrippant un bâton, en forêt enneigée ensoleillée.
Mitaines hivernales en asclépiade, laine et cuir de mouton (100% naturelles)	mitaines-hiver-asclepiade-laine-cuir-naturel	5	https://cdn.shopify.com/s/files/1/0475/8932/7010/files/mitaines-ski-lasclay-hiver-asclepiade-cuir-durable.jpg?v=1779624261	1279	1921	Deux mitaines de cuir noir isolées à l'asclépiade posées sur des bâtons de ski, à contre-jour dans une forêt enneigée.
Mitaines plein air isolées à l'asclépiade	mittens	1	https://cdn.shopify.com/s/files/1/0475/8932/7010/files/lasclay-mitaines-01.jpg?v=1750426039	1638	2048	Paire de mitaines noires Lasclay a paume de cuir et poignet elastique, empilees, isolees a la soie d'asclepiade
Mitaines plein air isolées à l'asclépiade	mittens	2	https://cdn.shopify.com/s/files/1/0475/8932/7010/files/lasclay-mitaines-03.jpg?v=1782265390	1229	1536	Paire de mitaines noires Lasclay vues de dessus avec cordon de serrage au poignet, isolant en soie d'asclepiade
Mitaines plein air isolées à l'asclépiade	mittens	3	https://cdn.shopify.com/s/files/1/0475/8932/7010/files/lasclay-mitaines-02.jpg?v=1782265390	1229	1536	Paire de mitaines noires Lasclay vues de dessus cote paume de cuir, isolees a la soie d'asclepiade
Mitaines plein air isolées à l'asclépiade	mittens	4	https://cdn.shopify.com/s/files/1/0475/8932/7010/files/lasclay-mitaines-05.jpg?v=1750426039	1638	2048	Mitaine noire Lasclay a paume de cuir vue de cote, doublure isolante a la soie d'asclepiade
Mitaines plein air isolées à l'asclépiade	mittens	5	https://cdn.shopify.com/s/files/1/0475/8932/7010/files/lasclay-mitaines-06.jpg?v=1782265390	819	1024	Paire de mitaines noires Lasclay posees sur un tronc enneige, isolees a la soie d'asclepiade pour l'hiver
Mitaines plein air isolées à l'asclépiade	mittens	6	https://cdn.shopify.com/s/files/1/0475/8932/7010/files/lasclay-mitaine-asclepiade.jpg?v=1782265390	1229	1536	Mitaine noire Lasclay isolee a la soie d'asclepiade, vue de cote, sur fond hivernal flou
Mitaines plein air isolées à l'asclépiade	mittens	7	https://cdn.shopify.com/s/files/1/0475/8932/7010/files/lasclay-mitaines-08.jpg?v=1782265390	1229	1536	Gros plan du cordon de serrage en forme de papillon monarque au poignet d'une mitaine noire Lasclay
Mitaines plein air isolées à l'asclépiade	mittens	8	https://cdn.shopify.com/s/files/1/0475/8932/7010/files/lasclay-mitaines-hiver-quebec.jpg?v=1782265390	819	1024	Mitaines d’hiver chaudes Lasclay isolées à l’asclépiade posées sur sol forestier enneigé, conçues pour les grands froids.
Mitaines pour bébé en asclépiade et laine	mitaines-bebe-asclepiade	1	https://cdn.shopify.com/s/files/1/0475/8932/7010/files/pairemitainesbebe-dessus1_1ac72c10-d096-4992-810a-51bbc82027a3.jpg?v=1755201859	1560	920	Paire de mitaines de bébé noires Lasclay isolées à la soie d'asclépiade, vues de dessus avec leurs cordons de serrage
Mitaines pour bébé en asclépiade et laine	mitaines-bebe-asclepiade	2	https://cdn.shopify.com/s/files/1/0475/8932/7010/files/mitainebebeseule_c6374323-9c1b-4056-a518-30669f93d2b5.jpg?v=1782265332	1536	1172	Mitaine de bébé noire Lasclay isolée à la soie d'asclépiade, avec cordons de serrage au poignet, pour garder les petites mains au chaud
Mitaines pour bébé en asclépiade et laine	mitaines-bebe-asclepiade	3	https://cdn.shopify.com/s/files/1/0475/8932/7010/files/elioAI.png?v=1782265333	864	1184	Jeune enfant en manteau marine Lasclay, tuque et mitaines noires, dehors dans les feuilles d'automne
Mitaines pour bébé en asclépiade et laine	mitaines-bebe-asclepiade	4	https://cdn.shopify.com/s/files/1/0475/8932/7010/files/mitainebebe-detail_a5a48b65-dac1-401e-bc93-3e4259a7c0e9.jpg?v=1760548573	1536	2048	Gros plan sur le cordon de serrage du poignet d'une mitaine de bébé noire Lasclay isolée à la soie d'asclépiade
Mitaines urbaines isolées en asclépiade	mitaines-ville-asclepiade	1	https://cdn.shopify.com/s/files/1/0475/8932/7010/files/Mitaine_polar_-_Rouge.jpg?v=1783712135	1351	1164	
Mitaines urbaines isolées en asclépiade	mitaines-ville-asclepiade	2	https://cdn.shopify.com/s/files/1/0475/8932/7010/files/Mitaines_polar_-_Violet.jpg?v=1783711511	1269	1239	
Mitaines urbaines isolées en asclépiade	mitaines-ville-asclepiade	3	https://cdn.shopify.com/s/files/1/0475/8932/7010/files/Mitaine_Polar_Asclepiade_Noir.jpg?v=1784228652	3000	3000	
Mitaines urbaines isolées en asclépiade	mitaines-ville-asclepiade	4	https://cdn.shopify.com/s/files/1/0475/8932/7010/files/Mitaine_Polar_Asclepiade_Grise.jpg?v=1784228653	3000	3000	
Mitaines urbaines isolées en asclépiade - Ancienne version	mitaines-urbaines-isolees-en-asclepiade-ancienne-version	1	https://cdn.shopify.com/s/files/1/0475/8932/7010/files/paire_rouge_et_gris_pale.png?v=1782265333	1536	1536	Paire de mitaines polaires Lasclay rouge et gris pâle isolées à la soie d'asclépiade, avec cordon de serrage au poignet
Mitaines urbaines isolées en asclépiade - Ancienne version	mitaines-urbaines-isolees-en-asclepiade-ancienne-version	2	https://cdn.shopify.com/s/files/1/0475/8932/7010/files/deuxmitainesnoiresdessusouvertes.png?v=1782265333	1536	1536	Paire de mitaines noires Lasclay vues de dessus, rabats ouverts, isolees a la soie d'asclepiade
Mitaines urbaines isolées en asclépiade - Ancienne version	mitaines-urbaines-isolees-en-asclepiade-ancienne-version	3	https://cdn.shopify.com/s/files/1/0475/8932/7010/files/V7A1570.jpg?v=1770239093	2048	1366	Personne ajustant ses mitaines noires en molleton isolées à l'asclépiade, par-dessus un manteau matelassé noir Lasclay
Mitaines urbaines isolées en asclépiade - Ancienne version	mitaines-urbaines-isolees-en-asclepiade-ancienne-version	4	https://cdn.shopify.com/s/files/1/0475/8932/7010/files/Lasclay_mitaine_grise_asclepiade.png?v=1782265333	1536	1536	Paire de mitaines en asclépiade, extérieur en polar gris, posées sur fond blanc avec cordon élastique
Mitaines urbaines isolées en asclépiade - Ancienne version	mitaines-urbaines-isolees-en-asclepiade-ancienne-version	5	https://cdn.shopify.com/s/files/1/0475/8932/7010/files/V7A1576.jpg?v=1770239093	2048	1366	Main enfilant une mitaine noire en molleton Lasclay à cordon de serrage, isolée à la soie d'asclépiade
Mitaines urbaines isolées en asclépiade - Ancienne version	mitaines-urbaines-isolees-en-asclepiade-ancienne-version	6	https://cdn.shopify.com/s/files/1/0475/8932/7010/files/V7A1539.jpg?v=1770239093	2048	1366	Mitaines noires en molleton isolées à la soie d'asclépiade, portées avec un manteau matelassé noir Lasclay, gros plan sur les mains
Mitaines urbaines isolées en asclépiade - Ancienne version	mitaines-urbaines-isolees-en-asclepiade-ancienne-version	7	https://cdn.shopify.com/s/files/1/0475/8932/7010/files/paire_miatine_noire.png?v=1782265333	1536	1536	Paire de mitaines polaires noires Lasclay isolées à la soie d'asclépiade, avec cordon de serrage au poignet
Mitaines urbaines isolées en asclépiade - Ancienne version	mitaines-urbaines-isolees-en-asclepiade-ancienne-version	8	https://cdn.shopify.com/s/files/1/0475/8932/7010/files/Mitaines_polar_-_Violet.jpg?v=1783711511	1269	1239	
Mitaines urbaines isolées en asclépiade - Ancienne version	mitaines-urbaines-isolees-en-asclepiade-ancienne-version	9	https://cdn.shopify.com/s/files/1/0475/8932/7010/files/paire_mitaine_rouge.png?v=1782265333	1536	1536	Paire de mitaines polaires rouges Lasclay isolées à la soie d'asclépiade, avec cordon de serrage au poignet
Mitaines urbaines isolées en asclépiade - Ancienne version	mitaines-urbaines-isolees-en-asclepiade-ancienne-version	10	https://cdn.shopify.com/s/files/1/0475/8932/7010/files/paire_lila_et_gris_pale.png?v=1782265333	1536	1536	Paire de mitaines polaires Lasclay lilas et gris pâle isolées à la soie d'asclépiade, avec cordon de serrage au poignet
Nettoyant visage d'huile d'asclépiade - par Monarch Botanika	nettoyant-visage-huile-asclepiade	1	https://cdn.shopify.com/s/files/1/0475/8932/7010/files/nettoyant.jpg?v=1782265389	1266	1190	Monarch Botanika facial cleanser tube and box with cold-pressed milkweed seed oil, aloe, eucalyptus and mint, surrounded by botanical ingredients
Nettoyant visage d'huile d'asclépiade - par Monarch Botanika	nettoyant-visage-huile-asclepiade	2	https://cdn.shopify.com/s/files/1/0475/8932/7010/files/nettoyant_2.jpg?v=1782265389	1243	1175	Monarch Botanika facial cleanser tube standing beside its box, with cold-pressed milkweed seed oil, aloe, eucalyptus and mint
Nettoyant visage d'huile d'asclépiade - par Monarch Botanika	nettoyant-visage-huile-asclepiade	3	https://cdn.shopify.com/s/files/1/0475/8932/7010/files/nettoyant_3.jpg?v=1782265390	1246	1188	Monarch Botanika facial cleanser tube with cold-pressed milkweed seed oil, aloe, eucalyptus and mint, 4 fl oz
Oreiller d'asclépiade hypoallergène	oreiller-asclepiade-hypoallergene	1	https://cdn.shopify.com/s/files/1/0475/8932/7010/files/Oreiller_asclepiade_confort_hypoallergenique_deux-tailles_carre.jpg?v=1782265332	2048	2048	Deux oreillers rembourrés à la soie d'asclépiade, hypoallergéniques et respirants, offerts en deux tailles, avec taie vert sauge, fibre isolante naturelle du Québec.
Oreiller d'asclépiade hypoallergène	oreiller-asclepiade-hypoallergene	2	https://cdn.shopify.com/s/files/1/0475/8932/7010/files/Oreiller_asclepiade_confort_hypoallergenique_standard_dimensions.jpg?v=1779815280	1254	1254	Dimensions de l'oreiller format standard garni de soie d'asclépiade Lasclay : 66 cm sur 50,8 cm (26 po sur 20 po).
Oreiller d'asclépiade hypoallergène	oreiller-asclepiade-hypoallergene	3	https://cdn.shopify.com/s/files/1/0475/8932/7010/files/Oreiller_asclepiade_confort_hypoallergenique_follicule_carre.jpg?v=1782265332	2048	2048	Follicule d'asclépiade ouvert laissant voir ses graines et sa soie blanche, posé sur un oreiller blanc garni de cette même fibre.
Oreiller d'asclépiade hypoallergène	oreiller-asclepiade-hypoallergene	4	https://cdn.shopify.com/s/files/1/0475/8932/7010/files/Oreiller_asclepiade_confort_hypoallergenique_tres-grand_dimensions.jpg?v=1779815281	1254	1254	Dimensions de l'oreiller format très grand garni de soie d'asclépiade Lasclay : 91,5 cm sur 50,8 cm (36 po sur 20 po).
Oreiller de camping rembourré à la soie d'asclépiade	oreiller-camping-asclepiade-quebecois	1	https://cdn.shopify.com/s/files/1/0475/8932/7010/files/oreiller_camping_aclepiade_compact_5734ce0f-83e2-463c-86c5-bf907727f3cb.jpg?v=1779886021	1254	1254	Oreiller de camping compact gris Lasclay garni à la soie d'asclépiade, léger et moelleux pour le plein air
Oreiller de camping rembourré à la soie d'asclépiade	oreiller-camping-asclepiade-quebecois	2	https://cdn.shopify.com/s/files/1/0475/8932/7010/files/Sac-de-couchage_asclepiade_camping_oreiller.jpg?v=1782265332	1448	1086	Sac de couchage matelassé noir isolé à l'asclépiade, déroulé dans une tente avec oreiller et sac de compression, léger pour le camping.
Oreiller de camping rembourré à la soie d'asclépiade	oreiller-camping-asclepiade-quebecois	3	https://cdn.shopify.com/s/files/1/0475/8932/7010/files/oreiller_camping_aclepiade_compact_dimensions_ea1272aa-07ed-4092-bc92-7416c410c245.jpg?v=1779886021	1254	1254	Oreiller de camping compact gris Lasclay garni à la soie d'asclépiade, avec ses dimensions de 16 po sur 12 po (40,6 cm sur 30,5 cm)
Pantoufles d'asclépiade IMPARFAIT	pantoufles-dasclepiade	1	https://cdn.shopify.com/s/files/1/0475/8932/7010/files/LASCLAY-SLIPPERS-BLACK-FRONTBACK.jpg?v=1782265388	2048	1365	Pantoufles matelassées Lasclay en polar de polyester, tons marine et anthracite, garnies de fibre d'asclépiade, vue du dessus et de la semelle perlée antidérapante, chaudes et douces pour la maison.
Pantoufles d'asclépiade IMPARFAIT	pantoufles-dasclepiade	2	https://cdn.shopify.com/s/files/1/0475/8932/7010/files/LASCLAY-SLIPPERS-BLACK-FRONT.jpg?v=1782265388	2048	1365	Paire de pantoufles matelassées Lasclay en polar de polyester, une bleu marine et une gris anthracite marbré, dessus à surpiqûres horizontales et garnissage à la soie d'asclépiade, vue de dessus sur fond blanc.
Papillon monarque - Illustration 10x8	danaus-01-print-10x8	1	https://cdn.shopify.com/s/files/1/0475/8932/7010/files/Lasclay-POD-10x8-01-frame.png?v=1782265390	1638	2048	Affiche d'art encadrée Lasclay représentant un papillon monarque coloré posé sur une fleur d'asclépiade en noir et blanc, cadre de bois, format paysage.
Papillon monarque - Illustration 10x8	danaus-01-print-10x8	2	https://cdn.shopify.com/s/files/1/0475/8932/7010/files/Lasclay-POD-10x8-01-dimensions.png?v=1782265391	1638	2048	Affiche d'art Lasclay d'un papillon monarque coloré sur une fleur d'asclépiade en noir et blanc, format 10 x 8 pouces avec dimensions indiquées.
Pendentif Aile de monarque	pendentif-aile-de-monarque	1	https://cdn.shopify.com/s/files/1/0475/8932/7010/files/PendentifAile1.jpg?v=1782265389	2048	2048	Pendentif aile de papillon monarque en argent posé sur une marguerite, nervures finement détaillées, sur fond blanc.
Pendentif Aile de monarque	pendentif-aile-de-monarque	2	https://cdn.shopify.com/s/files/1/0475/8932/7010/files/PendentifAile12.jpg?v=1782265389	2048	2048	Pendentif en argent en forme d'aile de papillon monarque suspendu à sa chaîne, posé près de fleurs sauvages colorées.
Pendentif Aile de monarque	pendentif-aile-de-monarque	3	https://cdn.shopify.com/s/files/1/0475/8932/7010/files/PendentifAile14.jpg?v=1782265389	2048	2048	Pendentif en argent en forme d'aile de papillon monarque tenu au bout des doigts, devant des fleurs sauvages jaunes et blanches.
Pendentif Aile de monarque	pendentif-aile-de-monarque	4	https://cdn.shopify.com/s/files/1/0475/8932/7010/files/PendentifAile13.jpg?v=1782265389	2048	2048	Pendentif aile de papillon monarque en argent tenu à la main, détail des nervures gravées, devant des fleurs sauvages.
Pendentif Asclepias	pendentif-asclepias	1	https://cdn.shopify.com/s/files/1/0475/8932/7010/files/Pendentif_Asclepiade3.jpg?v=1782265389	2048	2048	Deux colliers à pendentif fleur d'asclépiade en argent, l'un poli l'autre patiné, présentés devant des fleurs roses d'asclépiade.
Pendentif Asclepias	pendentif-asclepias	2	https://cdn.shopify.com/s/files/1/0475/8932/7010/files/Pendentif_Asclepiade1.jpg?v=1782265389	1463	2048	Pendentif en argent en forme de fleur d'asclépiade suspendu à sa chaîne, devant une ombelle de vraies fleurs roses d'asclépiade.
Pendentif Asclepias	pendentif-asclepias	3	https://cdn.shopify.com/s/files/1/0475/8932/7010/files/Pendentif_Asclepiade2.jpg?v=1782265389	2048	2048	Deux pendentifs en argent en forme de fleur d'asclépiade tenus au bout des doigts, devant des boutons floraux roses d'asclépiade.
Pince à mitaines	pince-a-mitaines	1	https://cdn.shopify.com/s/files/1/0475/8932/7010/products/MG_9387-Edit.jpg?v=1607174098	2048	2048	Pince à mitaines Lasclay en bois clair vue de trois quarts, fente de serrage et logo papillon gravé sur la tête, sur fond blanc
Pince à mitaines	pince-a-mitaines	2	https://cdn.shopify.com/s/files/1/0475/8932/7010/products/MG_9386-Edit.jpg?v=1607174098	2048	2048	Pince à mitaines Lasclay en bois clair, tête arrondie gravée du logo papillon, photographiée debout sur fond blanc
Pince à mitaines	pince-a-mitaines	3	https://cdn.shopify.com/s/files/1/0475/8932/7010/products/MG_9389-Edit.jpg?v=1607174098	2048	2048	Pince à mitaines Lasclay en bois clair vue de dos, anneaux de croissance du bois apparents et fente en U, sur fond blanc
Pince à mitaines	pince-a-mitaines	4	https://cdn.shopify.com/s/files/1/0475/8932/7010/products/MG_9388-Edit.jpg?v=1607174098	2048	2048	Pince à mitaines Lasclay en bois clair vue de profil, tête arrondie et fente de serrage bien visibles, sur fond blanc
Pince à mitaines (Extra)	pince-a-mitaines-1	1	https://cdn.shopify.com/s/files/1/0475/8932/7010/files/Lasclay-Pince-2021-01.png?v=1782265450	720	900	Pince pour assembler les mitaines d'asclépiade Lasclay, en forme de papillon monarque imprimé 3D.
Pince à mitaines (Extra)	pince-a-mitaines-1	2	https://cdn.shopify.com/s/files/1/0475/8932/7010/files/Pince-papillon-monarque-mitaines-asclepiade.png?v=1782265450	720	900	Vue de côté de la pince papillon monarque Lasclay pour mitaines d'asclépiade, imprimée en 3D avec strates visibles.
Plantules d'asclépiade	plant-asclepiade	1	https://cdn.shopify.com/s/files/1/0475/8932/7010/files/2IMG_3035.jpg?v=1749261158	3213	4284	Plant d’asclépiade en pot imprimé 3D, cultivé par Lasclay pour attirer les pollinisateurs et protéger les monarques
Plantules d'asclépiade	plant-asclepiade	2	https://cdn.shopify.com/s/files/1/0475/8932/7010/files/IMG_3027.jpg?v=1749578244	700	933	Jeune plant d'asclépiade incarnate en pot prêt à la plantation, à côté d'un tube d'expédition par Lasclay
Plantules d'asclépiade	plant-asclepiade	3	https://cdn.shopify.com/s/files/1/0475/8932/7010/files/IMG_2196.jpg?v=1749584353	800	600	Plateau de semis recouvert d'un dôme transparent où poussent de jeunes pousses vertes d'asclépiade sous une lampe horticole, premiers plants de la soie d'Amérique.
Plantules d'asclépiade	plant-asclepiade	4	https://cdn.shopify.com/s/files/1/0475/8932/7010/files/IMG_2198.jpg?v=1749584375	800	600	Plateau de semis vert à alvéoles rempli de jeunes plants d'asclépiade naissants sous lampe de croissance, début de culture de la soie du Québec.
Plantules d'asclépiade	plant-asclepiade	5	https://cdn.shopify.com/s/files/1/0475/8932/7010/files/FR_Asclepiade_Tubereuse.png?v=1749261158	1152	1440	Fiche descriptive de l'asclépiade tubéreuse (Asclepias tuberosa) aux fleurs orange vif et ses caractéristiques: vivace de zone 3, plein soleil, floraison de juin à août, sol sec et rocailleux.
Plantules d'asclépiade	plant-asclepiade	6	https://cdn.shopify.com/s/files/1/0475/8932/7010/files/FR_Asclepiade_Incarnate_7e3f94bf-c0b4-4459-bacd-8b20a87f74ef.png?v=1749261158	1153	1440	Fiche descriptive de l'asclépiade incarnate (Asclepias incarnata) avec un papillon monarque sur ses fleurs roses et ses caractéristiques: vivace de zone 3, floraison de juin à août, sol humide.
Plantules d'asclépiade	plant-asclepiade	7	https://cdn.shopify.com/s/files/1/0475/8932/7010/files/FR_Asclepiade_commune.png?v=1749261158	1152	1440	Fiche descriptive de l'asclépiade commune (Asclepias syriaca) avec un monarque sur ses boutons roses et ses caractéristiques: vivace de zone 2, plein soleil, floraison de juin à août.
Plantules d'asclépiade	plant-asclepiade	8	https://cdn.shopify.com/s/files/1/0475/8932/7010/files/2IMG_3026.jpg?v=1749578197	400	534	Serre intérieure Lasclay dédiée à la germination de plants d’asclépiade pour la reforestation et la sauvegarde du monarque.
Poignées de four	milkweed-pot-holders	1	https://cdn.shopify.com/s/files/1/0475/8932/7010/files/Mitaine_Manique_12.1_d7bbfde0-a357-4952-aabc-9674597e04ec.png?v=1707850255	2048	2560	Poignées de four en coton, isolées à la soie du Québec, pour saisir les plats chauds en toute sécurité.
Poignées de four	milkweed-pot-holders	2	https://cdn.shopify.com/s/files/1/0475/8932/7010/files/Mitaine_Manique_46_144417c9-aa86-4825-b1d0-98e6f8180070.png?v=1707850255	2048	2560	Poignées de four en coton, isolées à la soie d'Amérique, pour saisir les plats chauds en toute sécurité.
Poignées de four	milkweed-pot-holders	3	https://cdn.shopify.com/s/files/1/0475/8932/7010/files/Mitaine_Manique_40_b4c01997-4d83-4cfd-a508-3a49cfdadd03.png?v=1707850255	2048	2560	Poignées de four en coton, isolées à la fibre d'asclépiade, pour saisir les plats chauds en toute sécurité.
Porte-clé en bois Asclépiade et Monarque - gravé au laser	porte-cle-bois-asclepiade-monarque	1	https://cdn.shopify.com/s/files/1/0475/8932/7010/files/Porte-cles_Duo3.jpg?v=1782265332	2048	2048	Duo de porte-clés en bois gravés au laser, l'un d'une touffe de soie d'asclépiade, l'autre d'une aile de papillon monarque, avec anneaux et chaînettes.
Porte-clé en bois Asclépiade et Monarque - gravé au laser	porte-cle-bois-asclepiade-monarque	2	https://cdn.shopify.com/s/files/1/0475/8932/7010/files/Porte-cles_Vignette_Monarque3.jpg?v=1782265333	2048	2048	Porte-clé en bois gravé au laser d'une aile de papillon monarque, avec anneau et chaînette, petit cadeau nature d'une marque québécoise.
Porte-clé en bois Asclépiade et Monarque - gravé au laser	porte-cle-bois-asclepiade-monarque	3	https://cdn.shopify.com/s/files/1/0475/8932/7010/files/Porte-cles_Soie_vignette3.jpg?v=1782265332	2048	2048	Porte-clés en bois gravé d'une mouche de pêche Lasclay, accessoire pour les amateurs de plein air.
Porte-clé en bois Asclépiade et Monarque - gravé au laser	porte-cle-bois-asclepiade-monarque	4	https://cdn.shopify.com/s/files/1/0475/8932/7010/files/Porte-cles_Jeans.jpg?v=1782265333	1706	2048	Porte-clés en bois gravé d'un papillon monarque Lasclay, accroché à des clés sortant d'une poche de jeans.
Porte-clé en bois Asclépiade et Monarque - gravé au laser	porte-cle-bois-asclepiade-monarque	5	https://cdn.shopify.com/s/files/1/0475/8932/7010/files/Porte-cle_et_besace2_908b3322-bfb4-4182-9206-93253a99fdba.jpg?v=1782265332	699	518	Grand sac fourre-tout isotherme vert olive Lasclay porté dans un parc, orné d'un porte-clés papillon, idéal pour les pique-niques.
Sac à bouteille de vin isolé à l'asclépiade	sac-bouteille-vin	1	https://cdn.shopify.com/s/files/1/0475/8932/7010/files/LASCLAY_-_WINE_BAG_-_FRONT_DETAIL_-_BLACK.png?v=1782265389	1638	2048	Sac à bouteille de vin isotherme noir Lasclay en toile de coton doublée de polyester présenté à côté d'une bouteille, bandoulière et logo brodé, isolant à la soie du Québec.
Sac à bouteille de vin isolé à l'asclépiade	sac-bouteille-vin	2	https://cdn.shopify.com/s/files/1/0475/8932/7010/files/LASCLAY_-_WINE_BAG_-_FRONT_-_BLACK.png?v=1782265389	1638	2048	Sac à bouteille de vin isotherme noir Lasclay en toile de coton doublée de polyester, vue de face avec bandoulière et logo brodé, isolant à la soie d'asclépiade qui garde la bouteille fraîche.
Sac à bouteille de vin isolé à l'asclépiade	sac-bouteille-vin	3	https://cdn.shopify.com/s/files/1/0475/8932/7010/files/LASCLAY_-_WINE_BAG_-_FRONT_45_-_BLACK.png?v=1782265389	1638	2048	Sac à bouteille de vin isotherme noir Lasclay en toile de coton doublée de polyester, vue trois quarts avec bandoulière et logo brodé, isolant à la soie d'Amérique.
Sac à bouteille de vin isolé à l'asclépiade	sac-bouteille-vin	4	https://cdn.shopify.com/s/files/1/0475/8932/7010/files/LASCLAY_-_WINE_BAG_-_BACK_-_BLACK.png?v=1782265390	1638	2048	Sac à bouteille de vin isotherme noir Lasclay en toile de coton doublée de polyester, vue arrière avec sa bandoulière, isolant à la soie d'asclépiade qui garde la bouteille fraîche.
Sac à bouteille de vin isolé à l'asclépiade	sac-bouteille-vin	5	https://cdn.shopify.com/s/files/1/0475/8932/7010/files/LASCLAY_-_WINE_BAG_-_DETAIL_CLOSEUP_-_BLACK.png?v=1782265390	1638	2048	Gros plan de l'intérieur du sac à bouteille de vin noir Lasclay en toile de coton montrant la doublure isolante blanche à la soie d'asclépiade et la sangle de transport.
Sac à bouteille de vin isolé à l'asclépiade	sac-bouteille-vin	6	https://cdn.shopify.com/s/files/1/0475/8932/7010/files/DSC09836.png?v=1782265390	1536	2048	Homme glissant une bouteille de vin dans un sac isotherme noir Lasclay, doublure à la soie d'asclépiade qui garde la bouteille fraîche, en plein air.
Sac à bouteille de vin isolé à l'asclépiade	sac-bouteille-vin	7	https://cdn.shopify.com/s/files/1/0475/8932/7010/files/DSC09809.png?v=1782265390	1365	2048	Homme portant en bandoulière un sac isotherme noir Lasclay pour bouteille de vin, isolant à la soie d'asclépiade, en plein air l'été.
Sac à bouteille de vin isolé à l'asclépiade	sac-bouteille-vin	8	https://cdn.shopify.com/s/files/1/0475/8932/7010/files/DSC09831.png?v=1782265390	1583	2048	Personne transportant un sac isotherme noir Lasclay pour bouteille de vin par sa bandoulière, sur un sentier de gravier, isolant à la soie d'asclépiade.
Sac à bouteille de vin isolé à l'asclépiade	sac-bouteille-vin	9	https://cdn.shopify.com/s/files/1/0475/8932/7010/files/DSC09848.png?v=1782265389	1536	2048	Sac isotherme noir Lasclay pour bouteille de vin, ouvert sur sa doublure isolante bleue à la soie d'asclépiade, posé sur la roche avec une bouteille à l'intérieur.
Sac à bouteille de vin isolé à l'asclépiade	sac-bouteille-vin	10	https://cdn.shopify.com/s/files/1/0475/8932/7010/files/WINE_BAG_-_FRONT_DETAIL_-_BEIGE_1.png?v=1782265390	1638	2048	Sac à vin isotherme beige à bandoulière noire, présenté à côté d'une bouteille, isolé à la soie d'asclépiade pour garder le vin frais
Sac à bouteille de vin isolé à l'asclépiade	sac-bouteille-vin	11	https://cdn.shopify.com/s/files/1/0475/8932/7010/files/WINE_BAG_-_FRONT_DETAIL_-_YELLOW.png?v=1782265450	1638	2048	Sac à vin isotherme jaune moutarde à bandoulière noire, près d'une bouteille de vin, isolé à la soie d'asclépiade
Sac à bouteille de vin isolé à l'asclépiade	sac-bouteille-vin	12	https://cdn.shopify.com/s/files/1/0475/8932/7010/files/WINE_BAG_-_FRONT_DETAIL_-_GREEN.png?v=1782265451	1638	2048	Sac à vin isotherme vert forêt à bandoulière noire, côte à côte avec une bouteille de vin, isolé à la soie d'asclépiade
Sac à bouteille de vin isolé à l'asclépiade	sac-bouteille-vin	13	https://cdn.shopify.com/s/files/1/0475/8932/7010/files/WINE_BAG_-_FRONT_DETAIL_-_PINK.png?v=1782265450	1638	2048	Sac à vin isotherme rose à bandoulière noire et étiquette Lasclay, présenté près d'une bouteille de vin
Sac à bouteille de vin isolé à l'asclépiade	sac-bouteille-vin	14	https://cdn.shopify.com/s/files/1/0475/8932/7010/files/WINE_BAG_-_FRONT_DETAIL_-_RED.png?v=1782265450	1638	2048	Sac à vin isotherme rouge à bandoulière noire, côte à côte avec une bouteille, isolé à la soie d'asclépiade
Sac à dos glacière 30L	milkweed-cooler-backpack-30l	1	https://cdn.shopify.com/s/files/1/0475/8932/7010/files/Lasclay-Glaciere_sac-a-dos-asclepiade.png?v=1782265451	759	920	Glacière sac à dos vert kaki Lasclay à rabat enroulable, présentée à côté d'une bouteille de vin, doublure isolante à la soie d'asclépiade.
Sac à dos glacière 30L	milkweed-cooler-backpack-30l	2	https://cdn.shopify.com/s/files/1/0475/8932/7010/files/lasclay-milkweed-cooler-backpack-30L-studio-01.jpg?v=1782265451	1229	1577	Sac à dos glacière 30 L Lasclay en coton ciré olive, vue de face, rabat enroulable fermé.
Sac à dos glacière 30L	milkweed-cooler-backpack-30l	3	https://cdn.shopify.com/s/files/1/0475/8932/7010/files/lasclay-milkweed-cooler-backpack-30L-studio-02.png?v=1782265451	1638	2048	Sac à dos glacière 30 L Lasclay en coton ciré olive, vue de dos, bretelles rembourrées.
Sac à dos glacière 30L	milkweed-cooler-backpack-30l	4	https://cdn.shopify.com/s/files/1/0475/8932/7010/files/lasclay-milkweed-cooler-backpack-30L-studio-03.png?v=1782265451	1638	2048	Sac à dos glacière 30 L Lasclay en coton ciré olive, vue de côté avec sa sangle à boucle.
Sac à dos glacière 30L	milkweed-cooler-backpack-30l	5	https://cdn.shopify.com/s/files/1/0475/8932/7010/files/lasclay-milkweed-cooler-backpack-30L-studio-04.png?v=1782265451	1638	2048	Sac à dos glacière 30 L Lasclay ouvert sur le côté, doublure isolante bleue à la soie d'asclépiade.
Sac à dos glacière 30L	milkweed-cooler-backpack-30l	6	https://cdn.shopify.com/s/files/1/0475/8932/7010/files/lasclay-milkweed-cooler-backpack-30L-studio-05.png?v=1782265453	1638	2048	Sac à dos glacière 30 L Lasclay refermé par son rabat roulé, vue de trois quarts avec longues bretelles.
Sac à dos glacière 30L	milkweed-cooler-backpack-30l	7	https://cdn.shopify.com/s/files/1/0475/8932/7010/files/lasclay-milkweed-cooler-backpack-30l-lifestyle-01.png?v=1782265334	1638	2048	Personne de dos en plein air portant un sac à dos glacière en coton ciré vert isolé à la soie d'asclépiade, à rabat roulé, pour la randonnée et le pique-nique.
Sac à dos glacière 30L	milkweed-cooler-backpack-30l	8	https://cdn.shopify.com/s/files/1/0475/8932/7010/files/lasclay-milkweed-cooler-backpack-30l-lifestyle-07.png?v=1782265451	1638	2048	Personne de dos portant le sac à dos glacière Lasclay sur un sentier boisé au printemps.
Sac à dos glacière 30L	milkweed-cooler-backpack-30l	9	https://cdn.shopify.com/s/files/1/0475/8932/7010/files/lasclay-milkweed-cooler-backpack-30l-lifestyle-10.png?v=1782265452	1638	2048	Gros plan de la boucle et de la sangle de fermeture du sac isotherme Lasclay en toile ciree olive
Sac à dos glacière 30L	milkweed-cooler-backpack-30l	10	https://cdn.shopify.com/s/files/1/0475/8932/7010/files/lasclay-milkweed-cooler-backpack-30l-lifestyle-08.png?v=1782265452	1638	2048	Bouteilles de vin glissees dans le sac isotherme Lasclay a doublure bleue, gardees au frais en plein air
Sac à dos glacière 30L	milkweed-cooler-backpack-30l	11	https://cdn.shopify.com/s/files/1/0475/8932/7010/files/lasclay-milkweed-cooler-backpack-30l-lifestyle-11.png?v=1782265451	1638	2048	Mains refermant le rabat roll-top du sac isotherme Lasclay en toile ciree olive, dehors
Sac à dos glacière 30L	milkweed-cooler-backpack-30l	12	https://cdn.shopify.com/s/files/1/0475/8932/7010/files/Lasclay_Glaciere_sac-a-dos-noir.jpg?v=1750711975	1476	1801	Sac à dos glacière noir en coton ciré à rabat roulé, isolé à la soie d'asclépiade, garde aliments et boissons au froid, isolant végétal fait au Québec.
Sac à dos glacière 30L - IMPARFAIT Remis à neuf	sac-a-dos-glaciere-30l-imparfait	1	https://cdn.shopify.com/s/files/1/0475/8932/7010/files/Glaciere_sac-a-dos-30L-asclepiade.jpg?v=1782265334	2048	1365	Sac isotherme en coton ciré vert olive à rabat roulé et boucle de cuir, isolé à l'asclépiade, présenté avec une bouteille de vin, isolation faite au Québec.
Sac à dos glacière 30L - IMPARFAIT Remis à neuf	sac-a-dos-glaciere-30l-imparfait	2	https://cdn.shopify.com/s/files/1/0475/8932/7010/files/lasclay-milkweed-cooler-backpack-30l-lifestyle-01.png?v=1782265334	1638	2048	Personne de dos en plein air portant un sac à dos glacière en coton ciré vert isolé à la soie d'asclépiade, à rabat roulé, pour la randonnée et le pique-nique.
Sac à dos glacière 30L - IMPARFAIT Remis à neuf	sac-a-dos-glaciere-30l-imparfait	3	https://cdn.shopify.com/s/files/1/0475/8932/7010/files/Lasclay_Glaciere_sac-a-dos-noir.jpg?v=1750711975	1476	1801	Sac à dos glacière noir en coton ciré à rabat roulé, isolé à la soie d'asclépiade, garde aliments et boissons au froid, isolant végétal fait au Québec.
Sac à dos glacière 30L - IMPARFAIT Remis à neuf	sac-a-dos-glaciere-30l-imparfait	4	https://cdn.shopify.com/s/files/1/0475/8932/7010/files/lasclay-milkweed-cooler-backpack-30L-studio-01.png?v=1782265334	1638	2048	Lasclay 30L milkweed cooler backpack in olive waxed canvas, front view showing the milkweed insulation label
Sac à lunch	lunchbag	1	https://cdn.shopify.com/s/files/1/0475/8932/7010/files/LUNCHBOX-45FRONT_C_-RED.png?v=1782265390	1638	2048	Sac à lunch isotherme rouge Lasclay en toile de coton à doublure imperméable, rabat enroulable à boucle, isolant à la fibre d'asclépiade qui garde le repas frais, sur fond blanc.
Sac à lunch	lunchbag	2	https://cdn.shopify.com/s/files/1/0475/8932/7010/files/LUNCH_BOX_-_FRONT_O_-_RED.png?v=1782265390	1638	2048	Sac à lunch isotherme Lasclay en toile de coton rouge bourgogne ouvert de face, large doublure imperméable en PVC bleu royal garnie de soie d'asclépiade, boucles d'attache latérales.
Sac à lunch	lunchbag	3	https://cdn.shopify.com/s/files/1/0475/8932/7010/files/LUNCH_BOX_-_DETAIL_1_-_RED.png?v=1782265390	1638	2048	Gros plan de l'intérieur d'un sac à lunch isotherme Lasclay rouge bourgogne, doublure imperméable en PVC bleu royal isolée à la soie d'asclépiade, pochette plate et étiquette de composition.
Sac à lunch	lunchbag	4	https://cdn.shopify.com/s/files/1/0475/8932/7010/files/LUNCH_BOX_-_45_BACK_C_-_RED.png?v=1782265390	1638	2048	Sac à lunch isotherme rouge Lasclay en toile de coton à doublure imperméable vu de dos, rabat enroulable fermé par une boucle, isolant à la soie d'asclépiade, sur fond blanc.
Sac à lunch	lunchbag	5	https://cdn.shopify.com/s/files/1/0475/8932/7010/files/LUNCH_BOX_-_45_FRONT_O_-_RED.png?v=1782265390	1638	2048	Sac à lunch isotherme Lasclay en toile de coton rouge bourgogne ouvert en trois quarts, doublure imperméable en PVC bleu royal isolée à la soie d'asclépiade, rabat enroulable à boucle.
Sac à lunch	lunchbag	6	https://cdn.shopify.com/s/files/1/0475/8932/7010/files/LUNCHBOX-45FRONT_C_-YELLOW.png?v=1782265390	1638	2048	Sac à lunch isotherme jaune Lasclay en toile de coton à doublure imperméable, rabat enroulable à boucle, isolant à la soie d'asclépiade qui garde le repas frais, sur fond blanc.
Sac à lunch	lunchbag	7	https://cdn.shopify.com/s/files/1/0475/8932/7010/files/LUNCH_BOX_-_FRONT_O_-_YELLOW.png?v=1782265392	1638	2048	Sac à lunch isotherme Lasclay en toile de coton jaune moutarde ouvert de face, large doublure imperméable en PVC bleu vif garnie de fibre d'asclépiade, boucles d'attache latérales.
Sac à lunch	lunchbag	8	https://cdn.shopify.com/s/files/1/0475/8932/7010/files/LUNCH_BOX_-_DETAIL_1_-_YELLOW.png?v=1782265390	1638	2048	Gros plan de l'intérieur d'un sac à lunch isotherme Lasclay jaune moutarde, doublure imperméable en PVC bleu vif garnie de soie d'Amérique, pochette plate et étiquette de composition cousue.
Sac à lunch	lunchbag	9	https://cdn.shopify.com/s/files/1/0475/8932/7010/files/LUNCH_BOX_-_45_BACK_C_-_YELLOW.png?v=1782265390	1638	2048	Sac à lunch isotherme jaune moutarde Lasclay en toile de coton à doublure imperméable vu de dos, rabat enroulable fermé par une boucle à clip, isolant à la soie d'Amérique, sur fond blanc studio.
Sac à lunch	lunchbag	10	https://cdn.shopify.com/s/files/1/0475/8932/7010/files/LUNCH_BOX_-_45_FRONT_O_-_YELLOW.png?v=1782265390	1638	2048	Sac à lunch isotherme Lasclay en toile de coton jaune moutarde ouvert en trois quarts, doublure imperméable en PVC bleu vif garnie de soie d'Amérique, rabat enroulable à boucle.
Sac à lunch	lunchbag	11	https://cdn.shopify.com/s/files/1/0475/8932/7010/files/LUNCHBOX-45FRONT_C_-BLACK.png?v=1782265389	1638	2048	Sac à lunch isotherme noir Lasclay en toile de coton à doublure imperméable, rabat enroulable à boucle, isolant à la soie d'Amérique qui garde le repas frais, sur fond blanc.
Sac à lunch	lunchbag	12	https://cdn.shopify.com/s/files/1/0475/8932/7010/files/LUNCH_BOX_-_FRONT_O_-_BLACK.png?v=1782265389	1638	2048	Sac à lunch isotherme Lasclay en toile de coton noire ouvert de face, large doublure imperméable en PVC bleu royal garnie de soie d'asclépiade, boucles d'attache latérales, petite glacière souple.
Sac à lunch	lunchbag	13	https://cdn.shopify.com/s/files/1/0475/8932/7010/files/LUNCH_BOX_-_DETAIL_1_-_BLACK.png?v=1782265389	1638	2048	Gros plan de l'intérieur d'un sac à lunch isotherme Lasclay noir, doublure imperméable en PVC bleu royal isolée à la soie d'asclépiade, pochette plate et coutures renforcées, garde le repas au frais.
Sac à lunch	lunchbag	14	https://cdn.shopify.com/s/files/1/0475/8932/7010/files/LUNCH_BOX_-_45_BACK_C_-_BLACK.png?v=1782265389	1638	2048	Sac à lunch isotherme noir Lasclay en toile de coton à doublure imperméable vu de dos, rabat enroulable fermé par une boucle, isolant à la soie d'asclépiade, sur fond blanc.
Sac à lunch	lunchbag	15	https://cdn.shopify.com/s/files/1/0475/8932/7010/files/LUNCH_BOX_-_45_FRONT_O_-_BLACK.png?v=1782265390	1638	2048	Sac à lunch isotherme Lasclay en toile de coton noire ouvert en trois quarts, doublure imperméable en PVC bleu royal isolée à la soie d'asclépiade, rabat enroulable à boucle de transport.
Sac à lunch	lunchbag	16	https://cdn.shopify.com/s/files/1/0475/8932/7010/files/2023-07-Lasclay-Lunch-4x5-360-2_711363eb-c6d5-4374-bbb3-b72f604a258c.gif?v=1770319942	819	1024	
Sac à lunch	lunchbag	17	https://cdn.shopify.com/s/files/1/0475/8932/7010/files/LUNCH_BOX_-_45_FRONT_C_-_GREEN.png?v=1782265451	1638	2048	Sac à lunch isotherme Lasclay en toile de coton vert kaki fermé, vu de trois quarts, rabat enroulable à boucle et étiquette cousue, doublure imperméable en PVC isolée à la soie d'asclépiade.
Sac à lunch	lunchbag	18	https://cdn.shopify.com/s/files/1/0475/8932/7010/files/LUNCH_BOX_-_FRONT_O_-_GREEN.png?v=1782265451	1638	2048	Sac à lunch isotherme Lasclay en toile de coton vert kaki ouvert de face, large doublure imperméable en PVC bleu vif garnie de fibre d'asclépiade, boucles d'attache latérales, sur fond blanc.
Sac à lunch	lunchbag	19	https://cdn.shopify.com/s/files/1/0475/8932/7010/files/LUNCH_BOX_-_DETAIL_2_-_GREEN.png?v=1782265451	1638	2048	Gros plan de l'intérieur d'un sac à lunch isotherme Lasclay vert kaki, doublure imperméable en PVC bleu vif isolée à la soie d'asclépiade, pochette plate et étiquette de composition visibles.
Sac à lunch	lunchbag	20	https://cdn.shopify.com/s/files/1/0475/8932/7010/files/LUNCH_BOX_-_45_BACK_C_-_GREEN.png?v=1782265451	1638	2048	Sac à lunch isotherme vert kaki Lasclay en toile de coton à doublure imperméable vu de dos, rabat enroulable fermé par une boucle, isolant à la soie du Québec, sur fond blanc.
Sac à lunch	lunchbag	21	https://cdn.shopify.com/s/files/1/0475/8932/7010/files/LUNCH_BOX_-_45_FRONT_O_-_GREEN.png?v=1782265451	1638	2048	Sac à lunch isotherme Lasclay en toile de coton vert kaki ouvert en trois quarts, doublure imperméable en PVC bleu vif garnie de soie du Québec, rabat enroulable et boucle d'attache.
Sac à lunch	lunchbag	22	https://cdn.shopify.com/s/files/1/0475/8932/7010/files/LUNCHBOX-45FRONT_C_-BEIGE.png?v=1782265451	1638	2048	Sac à lunch isotherme beige Lasclay en toile de coton à doublure imperméable, rabat enroulable à boucle, isolant à la soie d'asclépiade qui garde le repas frais, sur fond blanc.
Sac à lunch	lunchbag	23	https://cdn.shopify.com/s/files/1/0475/8932/7010/files/LUNCH_BOX_-_FRONT_O_-_BEIGE.png?v=1782265451	1638	2048	Sac à lunch isotherme Lasclay en toile de coton beige caramel ouvert de face, large doublure imperméable en PVC bleu vif garnie de fibre d'asclépiade, boucles d'attache latérales.
Sac à lunch	lunchbag	24	https://cdn.shopify.com/s/files/1/0475/8932/7010/files/LUNCH_BOX_-_DETAIL_1_-_BEIGE.png?v=1782265451	1638	2048	Gros plan de l'intérieur d'un sac à lunch isotherme Lasclay beige caramel, doublure imperméable en PVC bleu vif isolée à la fibre d'asclépiade, surpiqûres et étiquette de composition visibles.
Sac à lunch	lunchbag	25	https://cdn.shopify.com/s/files/1/0475/8932/7010/files/LUNCH_BOX_-_45_BACK_C_-_BEIGE.png?v=1782265451	1638	2048	Sac à lunch isotherme beige Lasclay en toile de coton à doublure imperméable vu de dos, rabat enroulable fermé par une boucle, isolant à la soie d'Amérique, sur fond blanc.
Sac à lunch	lunchbag	26	https://cdn.shopify.com/s/files/1/0475/8932/7010/files/LUNCH_BOX_-_45_FRONT_O_-_BEIGE.png?v=1782265451	1638	2048	Sac à lunch isotherme Lasclay en toile de coton beige caramel ouvert en trois quarts, doublure imperméable en PVC bleu vif garnie de fibre d'asclépiade, rabat enroulable à boucle.
Sac à lunch	lunchbag	27	https://cdn.shopify.com/s/files/1/0475/8932/7010/files/LUNCHBOX-45FRONT_C_-PINK.png?v=1782265511	1638	2048	Sac à lunch isotherme rose Lasclay en toile de coton à doublure imperméable, rabat enroulable à boucle, isolant à la soie du Québec qui garde le repas frais, sur fond blanc.
Sac à lunch	lunchbag	28	https://cdn.shopify.com/s/files/1/0475/8932/7010/files/LUNCH_BOX_-_FRONT_O_-_PINK.png?v=1782265511	1638	2048	Sac à lunch isotherme Lasclay en toile de coton rose poudré ouvert de face, large doublure imperméable en PVC bleu vif garnie de soie d'Amérique, boucles d'attache latérales, sur fond blanc.
Sac à lunch	lunchbag	29	https://cdn.shopify.com/s/files/1/0475/8932/7010/files/LUNCH_BOX_-_DETAIL_1_-_PINK.png?v=1782265511	1638	2048	Gros plan de l'intérieur d'un sac à lunch isotherme Lasclay rose poudré, doublure imperméable en PVC bleu vif isolée à la fibre d'asclépiade, pochette plate et étiquette de composition visibles.
Sac à lunch	lunchbag	30	https://cdn.shopify.com/s/files/1/0475/8932/7010/files/LUNCH_BOX_-_45_BACK_C_-_PINK.png?v=1782265511	1638	2048	Sac à lunch isotherme rose Lasclay en toile de coton à doublure imperméable vu de dos, rabat enroulable fermé par une boucle, isolant à la fibre d'asclépiade, sur fond blanc.
Sac à lunch	lunchbag	31	https://cdn.shopify.com/s/files/1/0475/8932/7010/files/LUNCH_BOX_-_45_FRONT_O_-_PINK.png?v=1782265511	1638	2048	Sac à lunch isotherme Lasclay en toile de coton rose poudré ouvert en trois quarts, doublure imperméable en PVC bleu vif garnie de fibre d'asclépiade, rabat enroulable à boucle.
Sac à lunch IMPARFAIT	sac-a-lunch-imparfait	1	https://cdn.shopify.com/s/files/1/0475/8932/7010/files/2023-07-Lasclay-Lunch-4x5-360-2_711363eb-c6d5-4374-bbb3-b72f604a258c.gif?v=1770319942	819	1024	
Sac à lunch IMPARFAIT	sac-a-lunch-imparfait	2	https://cdn.shopify.com/s/files/1/0475/8932/7010/files/IMG_1756.jpg?v=1782265389	1536	2048	Sac à lunch isotherme noir Lasclay à rabat enroulable et boucle, doublure à la soie d'asclépiade, posé sur une table d'atelier.
Sac à lunch IMPARFAIT	sac-a-lunch-imparfait	3	https://cdn.shopify.com/s/files/1/0475/8932/7010/files/IMG_1757.jpg?v=1782265389	1536	2048	Gros plan de la toile noire enduite d'un sac isotherme Lasclay, montrant la texture résistante du tissu, dans l'atelier.
Sac à lunch IMPARFAIT	sac-a-lunch-imparfait	4	https://cdn.shopify.com/s/files/1/0475/8932/7010/files/LUNCHBOX-45FRONT_C_-BLACK.png?v=1782265389	1638	2048	Sac à lunch isotherme noir Lasclay en toile de coton à doublure imperméable, rabat enroulable à boucle, isolant à la soie d'Amérique qui garde le repas frais, sur fond blanc.
Sac à lunch IMPARFAIT	sac-a-lunch-imparfait	5	https://cdn.shopify.com/s/files/1/0475/8932/7010/files/LUNCH_BOX_-_FRONT_O_-_BLACK.png?v=1782265389	1638	2048	Sac à lunch isotherme Lasclay en toile de coton noire ouvert de face, large doublure imperméable en PVC bleu royal garnie de soie d'asclépiade, boucles d'attache latérales, petite glacière souple.
Sac à lunch IMPARFAIT	sac-a-lunch-imparfait	6	https://cdn.shopify.com/s/files/1/0475/8932/7010/files/LUNCH_BOX_-_DETAIL_1_-_BLACK.png?v=1782265389	1638	2048	Gros plan de l'intérieur d'un sac à lunch isotherme Lasclay noir, doublure imperméable en PVC bleu royal isolée à la soie d'asclépiade, pochette plate et coutures renforcées, garde le repas au frais.
Sac à lunch IMPARFAIT	sac-a-lunch-imparfait	7	https://cdn.shopify.com/s/files/1/0475/8932/7010/files/LUNCH_BOX_-_45_BACK_C_-_BLACK.png?v=1782265389	1638	2048	Sac à lunch isotherme noir Lasclay en toile de coton à doublure imperméable vu de dos, rabat enroulable fermé par une boucle, isolant à la soie d'asclépiade, sur fond blanc.
Sac à lunch IMPARFAIT	sac-a-lunch-imparfait	8	https://cdn.shopify.com/s/files/1/0475/8932/7010/files/LUNCH_BOX_-_45_FRONT_O_-_BLACK.png?v=1782265390	1638	2048	Sac à lunch isotherme Lasclay en toile de coton noire ouvert en trois quarts, doublure imperméable en PVC bleu royal isolée à la soie d'asclépiade, rabat enroulable à boucle de transport.
Sac de couchage / couverture de plein air d'asclépiade	sac-couchage-isole-fibre-asclepiade-canadien	1	https://cdn.shopify.com/s/files/1/0475/8932/7010/files/Sac-de-couchage_asclepiade_camping_dimensions_fin.png?v=1782265332	1254	1254	Dimensions du sac de couchage isolé à la soie d'asclépiade Lasclay : 190 cm sur 80 cm (75 po sur 31,5 po), pour le camping.
Sac de couchage / couverture de plein air d'asclépiade	sac-couchage-isole-fibre-asclepiade-canadien	2	https://cdn.shopify.com/s/files/1/0475/8932/7010/files/Sac-de-couchage_asclepiade_camping_oreiller.jpg?v=1782265332	1448	1086	Sac de couchage matelassé noir isolé à l'asclépiade, déroulé dans une tente avec oreiller et sac de compression, léger pour le camping.
Sac isotherme type «Tote bag»	insulated-tote-bag	1	https://cdn.shopify.com/s/files/1/0475/8932/7010/files/TOTE_BAG_-_45_FRONT_-_RED.png?v=1782265390	1638	2048	Sac fourre-tout isotherme rouge aux anses noires, vue de trois quarts, isolé à la soie d'asclépiade
Sac isotherme type «Tote bag»	insulated-tote-bag	2	https://cdn.shopify.com/s/files/1/0475/8932/7010/files/Totebag_1.png?v=1782265390	1638	2048	Détail du sac fourre-tout jaune: fermeture éclair ouverte laissant voir la doublure isotherme bleue et l'anse noire
Sac isotherme type «Tote bag»	insulated-tote-bag	3	https://cdn.shopify.com/s/files/1/0475/8932/7010/files/Totebag_6.png?v=1782265390	1638	2048	Intérieur du sac fourre-tout jaune ouvert, doublure isotherme bleue isolée à la soie d'asclépiade, gardant une bouteille au frais
Sac isotherme type «Tote bag»	insulated-tote-bag	4	https://cdn.shopify.com/s/files/1/0475/8932/7010/files/TOTE_BAG_-_FRONT_FLAT_-_YELLOW.png?v=1782265390	1638	2048	Sac fourre-tout isotherme jaune moutarde vu de face à plat, longues anses noires et étiquette Lasclay
Sac isotherme type «Tote bag»	insulated-tote-bag	5	https://cdn.shopify.com/s/files/1/0475/8932/7010/files/Totebag_10.png?v=1782265390	1638	2048	Sac fourre-tout isotherme jaune et deux verres de vin blanc posés sur une roche, scène de pique-nique ensoleillé
Sac isotherme type «Tote bag»	insulated-tote-bag	6	https://cdn.shopify.com/s/files/1/0475/8932/7010/files/Totebag_8.png?v=1782265391	1639	2048	Sac fourre-tout isotherme jaune rempli de canettes de bière, posé sur une roche en plein air, une canette à côté
Sac isotherme type «Tote bag»	insulated-tote-bag	7	https://cdn.shopify.com/s/files/1/0475/8932/7010/files/Totebag_9.png?v=1782265392	1638	2048	Mains sortant des canettes fraîches d'un sac fourre-tout isotherme jaune posé sur une roche, en plein air
Sac isotherme type «Tote bag»	insulated-tote-bag	8	https://cdn.shopify.com/s/files/1/0475/8932/7010/files/MG_4494.png?v=1782265390	1638	2048	Petite besace isotherme orange Lasclay portée à la main, devant un mur de pierre, format compact pour les sorties.
Sac isotherme type «Tote bag»	insulated-tote-bag	9	https://cdn.shopify.com/s/files/1/0475/8932/7010/files/TOTE_BAG_-_45_FRONT_-_YELLOW.png?v=1782265390	1638	2048	Sac fourre-tout isotherme jaune moutarde aux anses noires, vue de trois quarts, isolé à la soie d'asclépiade
Sac isotherme type «Tote bag»	insulated-tote-bag	10	https://cdn.shopify.com/s/files/1/0475/8932/7010/files/TOTE_BAG_-_45_FRONT_-_GREEN.png?v=1782265390	1638	2048	Sac fourre-tout isotherme vert forêt aux anses noires, vue de trois quarts, isolé à la soie d'asclépiade
Sac isotherme type «Tote bag»	insulated-tote-bag	11	https://cdn.shopify.com/s/files/1/0475/8932/7010/files/TOTE_BAG_-_FRONT_FLAT_-_GREEN.png?v=1782265451	1638	2048	Sac fourre-tout isotherme vert forêt vu de face à plat, longues anses noires, isolé à la soie d'asclépiade
Sac isotherme type «Tote bag»	insulated-tote-bag	12	https://cdn.shopify.com/s/files/1/0475/8932/7010/files/MG_4490vert.png?v=1782265452	1638	2048	Personne portant à l'épaule la besace isotherme vert olive Lasclay, par-dessus un manteau matelassé, devant un mur de pierre.
Sac isotherme type «Tote bag»	insulated-tote-bag	13	https://cdn.shopify.com/s/files/1/0475/8932/7010/files/MG_4494vert.png?v=1782265451	1638	2048	Besace isotherme vert olive Lasclay portée à la main près d'un mur de pierre, au coucher du soleil, pour transporter ses collations au frais.
Sac isotherme type «Tote bag»	insulated-tote-bag	14	https://cdn.shopify.com/s/files/1/0475/8932/7010/files/TOTE_BAG_-_45_FRONT_-_BLACK.png?v=1782265450	1638	2048	Sac fourre-tout isotherme noir aux anses noires, vue de trois quarts, doté d'un isolant végétal d'asclépiade
Sac isotherme type «Tote bag»	insulated-tote-bag	15	https://cdn.shopify.com/s/files/1/0475/8932/7010/files/TOTE_BAG_-_FRONT_FLAT_-_BLACK.png?v=1782265451	1638	2048	Sac fourre-tout isotherme noir vu de face à plat, longues anses et isolant végétal d'asclépiade
Sac isotherme type «Tote bag»	insulated-tote-bag	16	https://cdn.shopify.com/s/files/1/0475/8932/7010/files/TOTE_BAG_-_FRONT_FLAT_-_RED.png?v=1782265451	1638	2048	Sac fourre-tout isotherme rouge vu de face à plat, longues anses noires, isolé à la soie d'asclépiade
Sac isotherme type «Tote bag»	insulated-tote-bag	17	https://cdn.shopify.com/s/files/1/0475/8932/7010/files/TOTE_BAG_-_45_FRONT_-_BEIGE.png?v=1782265451	1638	2048	Sac fourre-tout isotherme beige aux anses noires, vue de trois quarts, isolé à la soie d'asclépiade
Sac isotherme type «Tote bag»	insulated-tote-bag	18	https://cdn.shopify.com/s/files/1/0475/8932/7010/files/TOTE_BAG_-_FRONT_FLAT_-_BEIGE.png?v=1782265451	1638	2048	Sac fourre-tout isotherme beige vu de face à plat, longues anses noires et étiquette Lasclay
Sac isotherme type «Tote bag»	insulated-tote-bag	19	https://cdn.shopify.com/s/files/1/0475/8932/7010/files/TOTE_BAG_-_45_FRONT_-_PINK.png?v=1782265451	1638	2048	Sac fourre-tout isotherme rose aux anses noires, vue de trois quarts, garde les aliments au frais grâce à l'asclépiade
Sac isotherme type «Tote bag»	insulated-tote-bag	20	https://cdn.shopify.com/s/files/1/0475/8932/7010/files/TOTE_BAG_-_FRONT_FLAT_-_PINK.png?v=1782265451	1638	2048	Sac fourre-tout isotherme rose vu de face à plat, longues anses noires, isolé à la soie d'asclépiade
Sac isotherme type «Tote bag» IMPARFAIT	sac-isotherme-type-tote-bag-imparfait	1	https://cdn.shopify.com/s/files/1/0475/8932/7010/files/MG_4494.png?v=1782265390	1638	2048	Petite besace isotherme orange Lasclay portée à la main, devant un mur de pierre, format compact pour les sorties.
Sac isotherme type «Tote bag» IMPARFAIT	sac-isotherme-type-tote-bag-imparfait	2	https://cdn.shopify.com/s/files/1/0475/8932/7010/files/Totebag_10.png?v=1782265390	1638	2048	Sac fourre-tout isotherme jaune et deux verres de vin blanc posés sur une roche, scène de pique-nique ensoleillé
Sac isotherme type «Tote bag» IMPARFAIT	sac-isotherme-type-tote-bag-imparfait	3	https://cdn.shopify.com/s/files/1/0475/8932/7010/files/Totebag_8.png?v=1782265391	1639	2048	Sac fourre-tout isotherme jaune rempli de canettes de bière, posé sur une roche en plein air, une canette à côté
Sac isotherme type «Tote bag» IMPARFAIT	sac-isotherme-type-tote-bag-imparfait	4	https://cdn.shopify.com/s/files/1/0475/8932/7010/files/Totebag_9.png?v=1782265392	1638	2048	Mains sortant des canettes fraîches d'un sac fourre-tout isotherme jaune posé sur une roche, en plein air
Sac isotherme type «Tote bag» IMPARFAIT	sac-isotherme-type-tote-bag-imparfait	5	https://cdn.shopify.com/s/files/1/0475/8932/7010/files/MG_4494vert.png?v=1782265451	1638	2048	Besace isotherme vert olive Lasclay portée à la main près d'un mur de pierre, au coucher du soleil, pour transporter ses collations au frais.
Savon hydratant à la glycérine et huile d'asclépiade	savon	1	https://cdn.shopify.com/s/files/1/0475/8932/7010/files/savon-huile-asclepiade-lasclay-duo-2.png?v=1784231507	1254	1254	
Savon hydratant à la glycérine et huile d'asclépiade	savon	2	https://cdn.shopify.com/s/files/1/0475/8932/7010/files/Savon_seule_-_Find_blanc.jpg?v=1784231307	3000	3000	
Semelles intérieures	semelles-interieures-isolantes-copy	1	https://cdn.shopify.com/s/files/1/0475/8932/7010/files/Semellepaire.jpg?v=1782265390	1536	2048	Semelle isolante à la soie d'asclépiade Lasclay, dessus argenté réfléchissant et dessous noir, pour garder les pieds au chaud.
Semelles intérieures	semelles-interieures-isolantes-copy	2	https://cdn.shopify.com/s/files/1/0475/8932/7010/files/Semelles_Asclepiade_emballees.jpg?v=1782265389	2048	2048	Paire de semelles isolées à la soie d'asclépiade, emballées d'un bandeau Lasclay, pour garder les pieds au chaud
Semelles intérieures	semelles-interieures-isolantes-copy	3	https://cdn.shopify.com/s/files/1/0475/8932/7010/files/Semelles_Asclepiade_Botte_2550682f-f302-44db-9545-967c7ebccdc9.jpg?v=1782265389	2048	2048	Semelle isolante à la soie d'asclépiade Lasclay glissée dans une botte noire, dessus argenté réfléchissant pour conserver la chaleur.
Semelles intérieures	semelles-interieures-isolantes-copy	4	https://cdn.shopify.com/s/files/1/0475/8932/7010/files/Semellezoom.jpg?v=1782265389	1536	2048	Gros plan d'une semelle isolante recouverte d'asclépiade, surpiquée sur le pourtour, qui retient la chaleur sous le pied
Semelles intérieures isolantes en asclépiade	thermal-insoles	1	https://cdn.shopify.com/s/files/1/0475/8932/7010/files/Semelles_Asclepiade_emballees.jpg?v=1782265389	2048	2048	Paire de semelles isolées à la soie d'asclépiade, emballées d'un bandeau Lasclay, pour garder les pieds au chaud
Semelles intérieures isolantes en asclépiade	thermal-insoles	2	https://cdn.shopify.com/s/files/1/0475/8932/7010/files/Semellepaire.jpg?v=1782265390	1536	2048	Semelle isolante à la soie d'asclépiade Lasclay, dessus argenté réfléchissant et dessous noir, pour garder les pieds au chaud.
Semelles intérieures isolantes en asclépiade	thermal-insoles	3	https://cdn.shopify.com/s/files/1/0475/8932/7010/files/Semellezoom.jpg?v=1782265389	1536	2048	Gros plan d'une semelle isolante recouverte d'asclépiade, surpiquée sur le pourtour, qui retient la chaleur sous le pied
Semelles intérieures isolantes en asclépiade	thermal-insoles	4	https://cdn.shopify.com/s/files/1/0475/8932/7010/files/lasclay_semelles-isolantes-asclepiade.jpg?v=1782265332	819	1024	Insertion d'une semelle isolante en asclépiade dans une botte en cuir noir sans lacets
Semelles intérieures isolantes en asclépiade	thermal-insoles	5	https://cdn.shopify.com/s/files/1/0475/8932/7010/files/Semelles_Asclepiade_Botte_2550682f-f302-44db-9545-967c7ebccdc9.jpg?v=1782265389	2048	2048	Semelle isolante à la soie d'asclépiade Lasclay glissée dans une botte noire, dessus argenté réfléchissant pour conserver la chaleur.
Semelles intérieures isolantes en asclépiade	thermal-insoles	6	https://cdn.shopify.com/s/files/1/0475/8932/7010/files/semelles-bottes-chaudes-asclepiade-quebec.jpg?v=1782265332	786	983	Vue intérieure d'une botte contenant une semelle isolante rembourrée en asclépiade et dessus en pellicule réfléchissante
Semelles intérieures isolantes en asclépiade	thermal-insoles	7	https://cdn.shopify.com/s/files/1/0475/8932/7010/files/lasclay-semelles-bottes-soie-amerique.jpg?v=1782265332	819	1024	Paire de bottes noires posées sur un tapis baigné de soleil et d’ombres, avec des semelles isolantes en asclépiade à côté
Semelles intérieures isolantes en asclépiade - ancienne version	semelles-interieures-isolantes-en-asclepiade-imparfait	1	https://cdn.shopify.com/s/files/1/0475/8932/7010/files/semelles-asclepiade-isolees-interieures.jpg?v=1782265332	1229	1535	Paire de semelles intérieures isolées à l'asclépiade vue de dessus, surface réfléchissante, pour garder les pieds au chaud dans les bottes l'hiver, isolant végétal du Québec.
Semelles intérieures isolantes en asclépiade - ancienne version	semelles-interieures-isolantes-en-asclepiade-imparfait	2	https://cdn.shopify.com/s/files/1/0475/8932/7010/files/lasclay_semelles-isolantes-asclepiade.jpg?v=1782265332	819	1024	Insertion d'une semelle isolante en asclépiade dans une botte en cuir noir sans lacets
Semelles intérieures isolantes en asclépiade - ancienne version	semelles-interieures-isolantes-en-asclepiade-imparfait	3	https://cdn.shopify.com/s/files/1/0475/8932/7010/files/semelles-bottes-chaudes-asclepiade-quebec.jpg?v=1782265332	786	983	Vue intérieure d'une botte contenant une semelle isolante rembourrée en asclépiade et dessus en pellicule réfléchissante
Semelles intérieures isolantes en asclépiade - ancienne version	semelles-interieures-isolantes-en-asclepiade-imparfait	4	https://cdn.shopify.com/s/files/1/0475/8932/7010/files/lasclay-semelles-bottes-soie-amerique.jpg?v=1782265332	819	1024	Paire de bottes noires posées sur un tapis baigné de soleil et d’ombres, avec des semelles isolantes en asclépiade à côté
Semelles intérieures isolantes en asclépiade - ancienne version	semelles-interieures-isolantes-en-asclepiade-imparfait	5	https://cdn.shopify.com/s/files/1/0475/8932/7010/files/semelles-isolantes-ecoresponsables-lasclay.jpg?v=1782265332	1229	1535	Paire de semelles isolantes en asclépiade Lasclay, dessus en mylar réfléchissant argenté et dessous antidérapant noir.
Semences d’asclépiade stratifiées à froid  - prêtes à semer	graines-semences-asclepiade-stratifiees-froid	1	https://cdn.shopify.com/s/files/1/0475/8932/7010/files/Graines_Stratifiees_Fond_blanc.png?v=1782265389	2048	2048	Sachets de graines stratifiées d'asclépiade (Asclepias syriaca et fascicularis) avec cuillère doseuse sur fond blanc, semences prêtes à planter pour le monarque.
Semences d’asclépiade stratifiées à froid  - prêtes à semer	graines-semences-asclepiade-stratifiees-froid	2	https://cdn.shopify.com/s/files/1/0475/8932/7010/files/exaltata-25.jpg?v=1782265389	601	751	Fiche botanique de l'asclepiade tres grande (Asclepias exaltata) en fleurs blanches et vertes, vivace de sous-bois
Semences d’asclépiade stratifiées à froid  - prêtes à semer	graines-semences-asclepiade-stratifiees-froid	3	https://cdn.shopify.com/s/files/1/0475/8932/7010/files/FR_AsclepiadeIncarnate.png?v=1782265389	1153	1440	Papillon monarque posé sur une asclépiade incarnate rose (Asclepias incarnata), fiche de culture: vivace zone 3, sol humide, floraison de juin à août.
Semences d’asclépiade stratifiées à froid  - prêtes à semer	graines-semences-asclepiade-stratifiees-froid	4	https://cdn.shopify.com/s/files/1/0475/8932/7010/files/FR_Asclepiade_Tubereuse_b832f9bb-16fd-4b48-8a84-df9a82314f79.png?v=1782265388	450	563	Fiche de culture de l'asclépiade tubéreuse (Asclepias tuberosa) aux fleurs oranges: vivace zone 3, plein soleil, sol sec et rocailleux, floraison de juin à août.
Semences d’asclépiade stratifiées à froid  - prêtes à semer	graines-semences-asclepiade-stratifiees-froid	5	https://cdn.shopify.com/s/files/1/0475/8932/7010/files/FR_Asclepiade_commune_5a632487-26d4-45c9-903e-f4c55879e364.png?v=1782265389	1152	1440	Papillon monarque sur une asclépiade commune (Asclepias syriaca), fiche de culture: vivace rustique zone 2, plein soleil, fleurs roses, floraison de juin à août.
Semences d’asclépiade stratifiées à froid  - prêtes à semer	graines-semences-asclepiade-stratifiees-froid	6	https://cdn.shopify.com/s/files/1/0475/8932/7010/files/FR_Asclepiade_Speciosa.png?v=1782265389	1152	1440	Fiche de culture de l'asclépiade Speciosa (Asclepias speciosa) aux fleurs roses et blanches étoilées: vivace rustique zone 2, plein soleil, floraison de juin à août.
Semences d’asclépiade stratifiées à froid  - prêtes à semer	graines-semences-asclepiade-stratifiees-froid	7	https://cdn.shopify.com/s/files/1/0475/8932/7010/files/Images_avec_texte_informatif_FR_Asclepiade_Tubereuse_copie.jpg?v=1776090590	1400	1751	Fiche de culture de l'asclépiade des Prairies (Asclepias sullivantii) aux fleurs roses: vivace zones 2 à 7, plein soleil, sol argileux, floraison de juin à août.
Semences d’asclépiade stratifiées à froid  - prêtes à semer	graines-semences-asclepiade-stratifiees-froid	8	https://cdn.shopify.com/s/files/1/0475/8932/7010/files/Images_avec_texte_informatif-28.jpg?v=1776090590	1400	1751	Fiche de culture de l'asclépiade verticillée (Asclepias verticillata) aux fleurs blanches avec une coccinelle: vivace zones 3 à 9, plein soleil, floraison de juillet à septembre.
Semences d’asclépiade stratifiées à froid  - prêtes à semer	graines-semences-asclepiade-stratifiees-froid	9	https://cdn.shopify.com/s/files/1/0475/8932/7010/files/Images_avec_texte_informatif_FR_Asclepiade_commune_copie_7b79ebad-3800-4b10-b317-64dc3cbcaf79.jpg?v=1776090590	1401	1751	Fiche de culture de l'asclépiade verte (Asclepias viridis) aux fleurs vertes et mauves: vivace zones 4 à 9, plein soleil, sol sec, floraison de mai à juillet.
Semences d’asclépiade stratifiées à froid  - prêtes à semer	graines-semences-asclepiade-stratifiees-froid	10	https://cdn.shopify.com/s/files/1/0475/8932/7010/files/Imagesavectexteinformatif-34.jpg?v=1776090590	1401	1751	Care card for Narrow Leaf Milkweed (Asclepias fascicularis) with white and pink flowers: perennial, hardiness zones 5 to 10, full sun, blooming June to October.
Semences d’asclépiade stratifiées à froid  - prêtes à semer	graines-semences-asclepiade-stratifiees-froid	11	https://cdn.shopify.com/s/files/1/0475/8932/7010/files/Graines_Stratifiees.png?v=1782265451	2048	2048	Sachets de graines stratifiées d'asclépiade (Asclepias syriaca et fascicularis) avec une cuillère doseuse de semences sur une table de bois, prêtes à semer.
Semences d’asclépiade stratifiées à froid  - prêtes à semer	graines-semences-asclepiade-stratifiees-froid	12	https://cdn.shopify.com/s/files/1/0475/8932/7010/files/Graines_Stratifiees_Variete.png?v=1782265451	2048	2048	Neuf sachets de semences d'asclépiade stratifiées à froid, étiquetés par espèce (Incarnata, Syriaca, Tuberosa et autres), pour des fleurs indigènes qui nourrissent le papillon monarque.
Service de plantation d'asclépiade - Biodiversité & revenus agricoles	service-plantation-asclepiade-papillons-monarques	1	https://cdn.shopify.com/s/files/1/0475/8932/7010/files/jardin-asclepiade-mini-papillons-monarques.jpg?v=1782265332	678	1011	Jardin a monarques avec carres sureleves d'asclepiade commune et d'asclepiade tubereuse orange pres d'un bain d'oiseaux
Service de plantation d'asclépiade - Biodiversité & revenus agricoles	service-plantation-asclepiade-papillons-monarques	2	https://cdn.shopify.com/s/files/1/0475/8932/7010/files/chenille-monarque-asclepiade-tubereuse-tuberosa.jpg?v=1782265332	1210	907	Chenille de papillon monarque sur une asclepiade tubereuse (asclepias tuberosa)
Service de plantation d'asclépiade - Biodiversité & revenus agricoles	service-plantation-asclepiade-papillons-monarques	3	https://cdn.shopify.com/s/files/1/0475/8932/7010/files/plantation-asclepiade-service-lasclay.jpg?v=1782265332	1008	756	Équipe Lasclay en casques et dossards de sécurité sur un site de plantation d'asclépiade, service d'aménagement d'habitat du monarque
Service de plantation d'asclépiade - Biodiversité & revenus agricoles	service-plantation-asclepiade-papillons-monarques	4	https://cdn.shopify.com/s/files/1/0475/8932/7010/files/IMG_3935_JPG.jpg?v=1782265332	1280	960	Rangs d'asclépiade en culture poussant à travers une toile horticole dans un champ sablonneux, production de soie d'Amérique au Québec.
Service de plantation d'asclépiade - Biodiversité & revenus agricoles	service-plantation-asclepiade-papillons-monarques	5	https://cdn.shopify.com/s/files/1/0475/8932/7010/files/plantation-asclepiade-habitat-lasclay-amenagement-paysagement-indigene.jpg?v=1782265332	896	1195	Plants d'asclépiade en fleurs, orangées et roses, alignés dans une plantation Lasclay, aménagement d'habitat indigène pour le papillon monarque
Service de plantation d'asclépiade - Biodiversité & revenus agricoles	service-plantation-asclepiade-papillons-monarques	6	https://cdn.shopify.com/s/files/1/0475/8932/7010/files/grandmaman-asclepiade-oeufs-papillons-monarques.jpg?v=1782265332	826	768	Grand-mere et enfant observant a la loupe une asclepiade en fleurs dans un jardin a monarques au crepuscule
Service de plantation d'asclépiade - Biodiversité & revenus agricoles	service-plantation-asclepiade-papillons-monarques	7	https://cdn.shopify.com/s/files/1/0475/8932/7010/files/apiculture-ruche-miel-asclepiade-asclepias.jpg?v=1782265332	848	1264	Ruches d'abeilles dans un champ d'asclépiades en fleurs roses et orangées devant une grange en bois, sous un ciel bleu
Service de plantation d'asclépiade - Biodiversité & revenus agricoles	service-plantation-asclepiade-papillons-monarques	8	https://cdn.shopify.com/s/files/1/0475/8932/7010/files/MG_0257_67cfc6fe-e235-4c57-8b95-355d2b950fb2.jpg?v=1782265332	1024	683	Papillon monarque posé sur une ombelle de fleurs roses d'asclépiade commune en fleurs, au cœur d'un champ verdoyant.
Service de plantation d'asclépiade - Biodiversité & revenus agricoles	service-plantation-asclepiade-papillons-monarques	9	https://cdn.shopify.com/s/files/1/0475/8932/7010/files/MG_0275_48980e0c-0970-4dbb-bb37-8dd30af37acb.jpg?v=1782265332	1024	683	Papillon monarque aux ailes ouvertes dans un champ d'asclépiade en fleurs, la plante hôte qui nourrit ses chenilles.
Service de plantation d'asclépiade - Biodiversité & revenus agricoles	service-plantation-asclepiade-papillons-monarques	10	https://cdn.shopify.com/s/files/1/0475/8932/7010/files/MG_0312.jpg?v=1782265332	1024	1536	Gros plan d'une ombelle de fleurs roses d'asclépiade commune (Asclepias syriaca) baignée de lumière, au feuillage vert.
Service de plantation d'asclépiade - Biodiversité & revenus agricoles	service-plantation-asclepiade-papillons-monarques	11	https://cdn.shopify.com/s/files/1/0475/8932/7010/files/desherbage-asclepiade-asclepias-jardin-lasclay.jpg?v=1782265388	1179	884	Equipe Lasclay fauchant un champ pour l'entretien d'une plantation d'asclepiade au printemps
Service de plantation d'asclépiade - Biodiversité & revenus agricoles	service-plantation-asclepiade-papillons-monarques	12	https://cdn.shopify.com/s/files/1/0475/8932/7010/files/tariere-trous-asclepiade-plantation-incarnata-lasclay.jpg?v=1782265388	590	728	Tarière à moteur tenue dans un champ pour percer les trous de plantation de l'asclépiade incarnate, projet d'habitat du monarque Lasclay
Soie d'asclépiade pure en vrac	isolant-asclepiade-soie-amerique	1	https://cdn.shopify.com/s/files/1/0475/8932/7010/files/milkweed.jpg?v=1782265333	1124	843	Main tenant une touffe de soie d'asclépiade pure en vrac, fibre blanche soyeuse et légère (soie d'Amérique) récoltée des gousses, dans un champ.
Soie d'asclépiade pure en vrac	isolant-asclepiade-soie-amerique	2	https://cdn.shopify.com/s/files/1/0475/8932/7010/files/milkweed_floss.jpg?v=1782265333	742	993	Soie d'asclépiade brute, fibres blanches légères et soyeuses sortant d'un sac de filet, l'isolant végétal des produits Lasclay
Soie d'asclépiade pure en vrac	isolant-asclepiade-soie-amerique	3	https://cdn.shopify.com/s/files/1/0475/8932/7010/files/Lasclay-MediaKit-13_5d5f86c8-5b7a-4fd6-9fc4-79b2bcd74633.jpg?v=1757539449	1365	2048	Gousses d'asclépiade éclatées libérant leur soie blanche et leurs graines dans un champ à l'automne, source de la fibre isolante de Lasclay.
Soie d'asclépiade pure en vrac	isolant-asclepiade-soie-amerique	4	https://cdn.shopify.com/s/files/1/0475/8932/7010/files/Lasclay-MediaKit-16.jpg?v=1757539576	2048	1365	Gousse d'asclépiade ouverte révélant ses graines brunes en écailles et sa soie blanche, dans un champ à l'automne, matière première de Lasclay.
Soie d'asclépiade pure en vrac	isolant-asclepiade-soie-amerique	5	https://cdn.shopify.com/s/files/1/0475/8932/7010/files/Lasclay-MediaKit-28_4fca959a-d4aa-4418-a79e-36cb43433afd.jpg?v=1757539576	1421	1421	Mains tenant des gousses d'asclépiade ouvertes et libérant la soie et les graines dans un champ à l'automne, récolte de la fibre isolante de Lasclay.
Soie d'asclépiade pure en vrac	isolant-asclepiade-soie-amerique	6	https://cdn.shopify.com/s/files/1/0475/8932/7010/files/lasclay-TPV7ryk3y3w-unsplash_d43db5ee-46b2-4218-b1ac-ca01c860fcf0.jpg?v=1757539576	2048	1365	Main tenant une touffe de soie d'asclepiade et ses graines au vent dans un paysage d'automne
Soie d'asclépiade pure en vrac	isolant-asclepiade-soie-amerique	7	https://cdn.shopify.com/s/files/1/0475/8932/7010/files/Untitled_1018cad0-5b8d-4862-90f5-0a59d0167de2.jpg?v=1782265333	1440	960	Mains tenant une poignée de soie d'asclépiade duveteuse, l'isolant végétal cultivé au Québec, devant un t-shirt Lasclay
Sous-plat	milkweed-large-trivet	1	https://cdn.shopify.com/s/files/1/0475/8932/7010/files/Mitaine_Manique_16.png?v=1706814120	2048	2560	Sous-plat en coton, isolé à la fibre d'asclépiade, pour protéger la table des plats chauds.
Sous-plat	milkweed-large-trivet	2	https://cdn.shopify.com/s/files/1/0475/8932/7010/files/Mitaine_Manique_46.png?v=1707851136	2048	2560	Sous-plat en coton, isolé à la soie d'asclépiade, pour protéger la table des plats chauds.
Sous-plat	milkweed-large-trivet	3	https://cdn.shopify.com/s/files/1/0475/8932/7010/files/Sous-plat-asclepiade-four-cuisine.jpg?v=1751794395	819	1024	Sous-plat noir Lasclay sous un plat de croustade aux pommes, protection thermique isolée à la soie d'asclépiade
Sous-verres en bois Asclépiade et Monarque - gravés au laser	sous-verre-bois-cadeau-asclepiade-monarque	1	https://cdn.shopify.com/s/files/1/0475/8932/7010/files/Ss-verre_Duo.jpg?v=1782265333	2048	2048	Duo de sous-verres en bois gravés: un monarque sur une fleur d'asclépiade et des follicules dispersant la soie au vent
Sous-verres en bois Asclépiade et Monarque - gravés au laser	sous-verre-bois-cadeau-asclepiade-monarque	2	https://cdn.shopify.com/s/files/1/0475/8932/7010/files/Ss-verre_Verre-eau.jpg?v=1782265333	2048	2048	Verre d'eau sur un sous-verre en bois gravé de follicules d'asclépiade, dans une cuisine lumineuse
Sous-verres en bois Asclépiade et Monarque - gravés au laser	sous-verre-bois-cadeau-asclepiade-monarque	3	https://cdn.shopify.com/s/files/1/0475/8932/7010/files/Ss-verre_Asclepiade_Monarque_fd386321-bed1-42a0-a7a5-8cd3a8057aac.jpg?v=1782265333	2048	2048	Sous-verre en bois gravé d'un papillon monarque posé sur une fleur d'asclépiade, sa plante nourricière
Sous-verres en bois Asclépiade et Monarque - gravés au laser	sous-verre-bois-cadeau-asclepiade-monarque	4	https://cdn.shopify.com/s/files/1/0475/8932/7010/files/Ss-verre_Tasse_Cafe.jpg?v=1782265333	2048	2048	Tasse de café fumant posée sur un sous-verre en bois gravé d'asclépiade, sur une table de salon
Sous-verres en bois Asclépiade et Monarque - gravés au laser	sous-verre-bois-cadeau-asclepiade-monarque	5	https://cdn.shopify.com/s/files/1/0475/8932/7010/files/Ss-verre_Asclepiade_38052c69-233c-419d-9c86-abf0020213cf.jpg?v=1782265333	2048	2048	Sous-verre en bois gravé de follicules d'asclépiade libérant leur soie, inspiré de la plante hôte du papillon monarque
Tuque de ville isolée à l'asclépiade	tuque-ville-asclepiade	1	https://cdn.shopify.com/s/files/1/0475/8932/7010/files/LASCLAY_-_BEANIE_-_BLACK_-_FRONT.png?v=1782265389	1638	2048	Tuque de ville tricotée noire en acrylique à revers Lasclay, maille côtelée, bandeau isolant à la soie d'asclépiade, chaude pour l'hiver québécois, sur fond blanc.
Tuque de ville isolée à l'asclépiade	tuque-ville-asclepiade	2	https://cdn.shopify.com/s/files/1/0475/8932/7010/files/tuque_jaune_paille_e02bc11d-c857-49ef-9ece-7d28dd184fcc.png?v=1782265388	1296	1296	Tuque tricotée à côtes jaune paille à revers, isolée à la soie d'asclépiade, étiquette Lasclay sur fond blanc
Tuque de ville isolée à l'asclépiade	tuque-ville-asclepiade	3	https://cdn.shopify.com/s/files/1/0475/8932/7010/files/LASCLAY_-_BEANIE_-_BLACK_-_INSIDE.png?v=1782265389	1638	2048	Intérieur d'une tuque de ville tricotée noire en acrylique Lasclay montrant le bandeau isolant à la soie d'asclépiade, maille côtelée, chaude pour l'hiver.
Tuque de ville isolée à l'asclépiade	tuque-ville-asclepiade	4	https://cdn.shopify.com/s/files/1/0475/8932/7010/files/LASCLAY_-_BEANIE_-_GREY_-_FRONT.png?v=1782265389	1638	2048	Tuque de ville tricotée gris marbré en acrylique à revers Lasclay, maille côtelée, bandeau isolant à la soie d'Amérique, chaude pour l'hiver québécois, sur fond blanc.
Tuque sport en asclépiade	tuque-sport-asclepiade	1	https://cdn.shopify.com/s/files/1/0475/8932/7010/files/LASCLAY_-_SPORT_BEANIE_-_BLACK_-_FRONT.png?v=1782265389	1638	2048	Tuque sport noire Lasclay en polyester extensible, coupe ajustée sans revers, isolant des oreilles à la soie d'asclépiade, chaude et légère pour l'activité hivernale.
Tuque sport en asclépiade	tuque-sport-asclepiade	2	https://cdn.shopify.com/s/files/1/0475/8932/7010/files/LASCLAY_-_SPORT_BEANIE_-_BLACK_-_GHOST_BACK.png?v=1782265389	1638	2048	Tuque sport noire Lasclay en polyester extensible, vue arrière en effet porté sans mannequin, isolant des oreilles à la soie d'Amérique, coupe ajustée.
Tuque sport en asclépiade	tuque-sport-asclepiade	3	https://cdn.shopify.com/s/files/1/0475/8932/7010/files/MG_9501-Edit_72efbbfb-9c38-45d9-ac29-8c2a014470a9.jpg?v=1725635406	1638	2048	Skieuse de fond en plein hiver tenant un bâton, vue de dos sous le soleil, vêtue d'une veste et de mitaines isolées à la soie d'asclépiade.
Tuque sport en asclépiade	tuque-sport-asclepiade	4	https://cdn.shopify.com/s/files/1/0475/8932/7010/files/LASCLAY_-_SPORT_BEANIE_-_BLACK_-_GHOST_FRONT.png?v=1782265393	1638	2048	Tuque sport noire Lasclay en polyester extensible, présentée en effet porté sans mannequin, isolant des oreilles à la fibre d'asclépiade, coupe ajustée pour l'activité hivernale.
Tuque sport en asclépiade	tuque-sport-asclepiade	5	https://cdn.shopify.com/s/files/1/0475/8932/7010/files/infographie_oreilles-01.png?v=1782265390	1638	2048	Tuque noire Lasclay avec mention coussinets d'asclepiade pour les oreilles, doublure isolante au niveau des oreilles
Tuque sport en asclépiade	tuque-sport-asclepiade	6	https://cdn.shopify.com/s/files/1/0475/8932/7010/files/Tuque_sport_Guide_des_tailles_2025.png?v=1782265389	1946	2048	Guide des tailles de la tuque sport: tour de tête en pouces et centimètres pour les tailles S/M et M/L
Veste sans manche isolée à l'asclépiade	veste-sans-manche-asclepiade	1	https://cdn.shopify.com/s/files/1/0475/8932/7010/files/V2_veste_IMG_0008-2_-_Etiquette_cath.jpg?v=1749581434	1000	1304	Veste sans manches noire Lasclay avec isolation de coussinets amovibles de fibre d'asclépiade du Québec, sur fond gris
Veste sans manche isolée à l'asclépiade	veste-sans-manche-asclepiade	2	https://cdn.shopify.com/s/files/1/0475/8932/7010/files/veste_IMG_0034-22.jpg?v=1782265333	1478	1025	Intérieur d'une veste sans manche d'asclépiade de Lasclay montrant l'étiquette et le logo papillon monarque brodé
Veste sans manche isolée à l'asclépiade	veste-sans-manche-asclepiade	3	https://cdn.shopify.com/s/files/1/0475/8932/7010/files/veste_IMG_0019-2.jpg?v=1782265333	1230	1085	Gros plan sur l'ourlet matelassé et le bas de fermeture éclair d'une veste sans manche noire Lasclay isolée à la soie d'asclépiade
Veste sans manche isolée à l'asclépiade	veste-sans-manche-asclepiade	4	https://cdn.shopify.com/s/files/1/0475/8932/7010/files/veste_IMG_0044-2.jpg?v=1782265333	1025	1536	Intérieur d'une veste sans manche noire Lasclay isolée à la soie d'asclépiade, doublure polaire et étiquette d'entretien
Veste sans manche isolée à l'asclépiade	veste-sans-manche-asclepiade	5	https://cdn.shopify.com/s/files/1/0475/8932/7010/files/IMG_0039-2.jpg?v=1782265333	1434	956	Gros plan d'un coussinet d'isolant amovible en soie d'asclépiade glissé dans la doublure matelassée noire du manteau Lasclay.
Veste sans manche isolée à l'asclépiade	veste-sans-manche-asclepiade	6	https://cdn.shopify.com/s/files/1/0475/8932/7010/files/IMG_0056.jpg?v=1782265333	1025	1536	Bande d'isolant Lasclay remplie de soie d'asclépiade à côté de gousses ouvertes et de graines, illustrant la fibre isolante végétale du Québec.
Veste sans manche isolée à l'asclépiade	veste-sans-manche-asclepiade	7	https://cdn.shopify.com/s/files/1/0475/8932/7010/files/V7A2064.jpg?v=1770238563	1366	2048	Femme souriante avec tuque jaune tricotée isolée d'asclépiade et veste sans manche noire Lasclay dans environnement urbain
Veste sans manche isolée à l'asclépiade	veste-sans-manche-asclepiade	8	https://cdn.shopify.com/s/files/1/0475/8932/7010/files/V7A1060_879c8d3e-c834-41c2-8f3a-2d36c801b5f2.jpg?v=1749579349	2048	1366	Homme barbu à tuque grise portant un gilet matelassé noir isolé à la soie d'asclépiade, devant une porte en hiver
Veste sans manche isolée à l'asclépiade	veste-sans-manche-asclepiade	9	https://cdn.shopify.com/s/files/1/0475/8932/7010/files/V7A0905.jpg?v=1748659325	1366	2048	Personne portant un gilet matelassé noir Lasclay isolé à la soie d'asclépiade par-dessus un chandail noir, vue de face
Veste sans manche isolée à l'asclépiade	veste-sans-manche-asclepiade	10	https://cdn.shopify.com/s/files/1/0475/8932/7010/files/V7A9969.jpg?v=1782265332	1000	667	Homme montrant les coussins amovibles d'asclépiade, sortant d'une pochette intérieure de la veste sans manche Lasclay
Veste sans manche isolée à l'asclépiade	veste-sans-manche-asclepiade	11	https://cdn.shopify.com/s/files/1/0475/8932/7010/files/IMG_0052.jpg?v=1782265389	1025	1536	Coussinet d'isolant Lasclay en soie d'asclépiade, bande noire posée près de gousses et de soie d'asclépiade sur fond gris, montrant la fibre isolante.
