produit	handle	variante_id	titre_variante	sku	prix	prix_compare	cout_unitaire	stock	suivi_stock	poids	unite_poids
2x Besace	2x-besace	45923800907995	Jaune ambré / Jaune ambré		134.99			-1	oui	0	GRAMS
2x Besace	2x-besace	45923800940763	Jaune ambré / Noir		134.99			-1	oui	0	GRAMS
2x Besace	2x-besace	45923800973531	Jaune ambré / Vert forêt		134.99			-1	oui	0	GRAMS
2x Besace	2x-besace	45923801006299	Jaune ambré / Cassonade		134.99			-1	oui	0	GRAMS
2x Besace	2x-besace	45923801039067	Jaune ambré / Rouge fraise		134.99			-1	oui	0	GRAMS
2x Besace	2x-besace	45923801071835	Jaune ambré / Rose pastel		134.99			-1	oui	0	GRAMS
2x Besace	2x-besace	45923801104603	Noir / Jaune ambré		134.99			-1	oui	0	GRAMS
2x Besace	2x-besace	45923801137371	Noir / Noir		134.99			0	oui	0	GRAMS
2x Besace	2x-besace	45923801170139	Noir / Vert forêt		134.99			0	oui	0	GRAMS
2x Besace	2x-besace	45923801202907	Noir / Cassonade		134.99			0	oui	0	GRAMS
2x Besace	2x-besace	45923801235675	Noir / Rouge fraise		134.99			0	oui	0	GRAMS
2x Besace	2x-besace	45923801268443	Noir / Rose pastel		134.99			0	oui	0	GRAMS
2x Besace	2x-besace	45923801301211	Vert forêt / Jaune ambré		134.99			-1	oui	0	GRAMS
2x Besace	2x-besace	45923801333979	Vert forêt / Noir		134.99			0	oui	0	GRAMS
2x Besace	2x-besace	45923801366747	Vert forêt / Vert forêt		134.99			0	oui	0	GRAMS
2x Besace	2x-besace	45923801399515	Vert forêt / Cassonade		134.99			0	oui	0	GRAMS
2x Besace	2x-besace	45923801432283	Vert forêt / Rouge fraise		134.99			0	oui	0	GRAMS
2x Besace	2x-besace	45923801465051	Vert forêt / Rose pastel		134.99			0	oui	0	GRAMS
2x Besace	2x-besace	45923801497819	Cassonade / Jaune ambré		134.99			-1	oui	0	GRAMS
2x Besace	2x-besace	45923801530587	Cassonade / Noir		134.99			0	oui	0	GRAMS
2x Besace	2x-besace	45923801563355	Cassonade / Vert forêt		134.99			0	oui	0	GRAMS
2x Besace	2x-besace	45923801596123	Cassonade / Cassonade		134.99			2	oui	0	GRAMS
2x Besace	2x-besace	45923801628891	Cassonade / Rouge fraise		134.99			0	oui	0	GRAMS
2x Besace	2x-besace	45923801661659	Cassonade / Rose pastel		134.99			2	oui	0	GRAMS
2x Besace	2x-besace	45923801694427	Rouge fraise / Jaune ambré		134.99			-1	oui	0	GRAMS
2x Besace	2x-besace	45923801727195	Rouge fraise / Noir		134.99			0	oui	0	GRAMS
2x Besace	2x-besace	45923801759963	Rouge fraise / Vert forêt		134.99			0	oui	0	GRAMS
2x Besace	2x-besace	45923801792731	Rouge fraise / Cassonade		134.99			0	oui	0	GRAMS
2x Besace	2x-besace	45923801825499	Rouge fraise / Rouge fraise		134.99			0	oui	0	GRAMS
2x Besace	2x-besace	45923801858267	Rouge fraise / Rose pastel		134.99			0	oui	0	GRAMS
2x Besace	2x-besace	45923801891035	Rose pastel / Jaune ambré		134.99			-1	oui	0	GRAMS
2x Besace	2x-besace	45923801923803	Rose pastel / Noir		134.99			0	oui	0	GRAMS
2x Besace	2x-besace	45923801956571	Rose pastel / Vert forêt		134.99			0	oui	0	GRAMS
2x Besace	2x-besace	45923801989339	Rose pastel / Cassonade		134.99			2	oui	0	GRAMS
2x Besace	2x-besace	45923802022107	Rose pastel / Rouge fraise		134.99			0	oui	0	GRAMS
2x Besace	2x-besace	45923802054875	Rose pastel / Rose pastel		134.99			22	oui	0	GRAMS
2x Sac Lunch	2x-sac-lunch	45923585229019	Jaune ambré / Jaune ambré		85.99			5	oui	0	GRAMS
2x Sac Lunch	2x-sac-lunch	45923785048283	Jaune ambré / Noir		85.99			0	oui	0	GRAMS
2x Sac Lunch	2x-sac-lunch	45923785081051	Jaune ambré / Vert forêt		85.99			-5	oui	0	GRAMS
2x Sac Lunch	2x-sac-lunch	45923785113819	Jaune ambré / Cassonade		85.99			4	oui	0	GRAMS
2x Sac Lunch	2x-sac-lunch	45923785146587	Jaune ambré / Rouge fraise		85.99			5	oui	0	GRAMS
2x Sac Lunch	2x-sac-lunch	45923785179355	Jaune ambré / Rose pastel		85.99			5	oui	0	GRAMS
2x Sac Lunch	2x-sac-lunch	45923585261787	Noir / Jaune ambré		85.99			0	oui	0	GRAMS
2x Sac Lunch	2x-sac-lunch	45923785212123	Noir / Noir		85.99			0	oui	0	GRAMS
2x Sac Lunch	2x-sac-lunch	45923785244891	Noir / Vert forêt		85.99			-5	oui	0	GRAMS
2x Sac Lunch	2x-sac-lunch	45923785277659	Noir / Cassonade		85.99			0	oui	0	GRAMS
2x Sac Lunch	2x-sac-lunch	45923785310427	Noir / Rouge fraise		85.99			0	oui	0	GRAMS
2x Sac Lunch	2x-sac-lunch	45923785343195	Noir / Rose pastel		85.99			0	oui	0	GRAMS
2x Sac Lunch	2x-sac-lunch	45923585294555	Vert forêt / Jaune ambré		85.99			-5	oui	0	GRAMS
2x Sac Lunch	2x-sac-lunch	45923785375963	Vert forêt / Noir		85.99			-5	oui	0	GRAMS
2x Sac Lunch	2x-sac-lunch	45923785408731	Vert forêt / Vert forêt		85.99			-5	oui	0	GRAMS
2x Sac Lunch	2x-sac-lunch	45923785441499	Vert forêt / Cassonade		85.99			-5	oui	0	GRAMS
2x Sac Lunch	2x-sac-lunch	45923785474267	Vert forêt / Rouge fraise		85.99			-5	oui	0	GRAMS
2x Sac Lunch	2x-sac-lunch	45923785507035	Vert forêt / Rose pastel		85.99			-5	oui	0	GRAMS
2x Sac Lunch	2x-sac-lunch	45923585327323	Cassonade / Jaune ambré		85.99			4	oui	0	GRAMS
2x Sac Lunch	2x-sac-lunch	45923785539803	Cassonade / Noir		85.99			0	oui	0	GRAMS
2x Sac Lunch	2x-sac-lunch	45923785572571	Cassonade / Vert forêt		85.99			-5	oui	0	GRAMS
2x Sac Lunch	2x-sac-lunch	45923785605339	Cassonade / Cassonade		85.99			4	oui	0	GRAMS
2x Sac Lunch	2x-sac-lunch	45923785638107	Cassonade / Rouge fraise		85.99			4	oui	0	GRAMS
2x Sac Lunch	2x-sac-lunch	45923785670875	Cassonade / Rose pastel		85.99			4	oui	0	GRAMS
2x Sac Lunch	2x-sac-lunch	45923585360091	Rouge fraise / Jaune ambré		85.99			5	oui	0	GRAMS
2x Sac Lunch	2x-sac-lunch	45923785703643	Rouge fraise / Noir		85.99			0	oui	0	GRAMS
2x Sac Lunch	2x-sac-lunch	45923785736411	Rouge fraise / Vert forêt		85.99			-5	oui	0	GRAMS
2x Sac Lunch	2x-sac-lunch	45923785769179	Rouge fraise / Cassonade		85.99			4	oui	0	GRAMS
2x Sac Lunch	2x-sac-lunch	45923785801947	Rouge fraise / Rouge fraise		85.99			0	non	0	GRAMS
2x Sac Lunch	2x-sac-lunch	45923785834715	Rouge fraise / Rose pastel		85.99			30	oui	0	GRAMS
2x Sac Lunch	2x-sac-lunch	45923585392859	Rose pastel / Jaune ambré		85.99			5	oui	0	GRAMS
2x Sac Lunch	2x-sac-lunch	45923785867483	Rose pastel / Noir		85.99			0	oui	0	GRAMS
2x Sac Lunch	2x-sac-lunch	45923785900251	Rose pastel / Vert forêt		85.99			-5	oui	0	GRAMS
2x Sac Lunch	2x-sac-lunch	45923785933019	Rose pastel / Cassonade		85.99			4	oui	0	GRAMS
2x Sac Lunch	2x-sac-lunch	45923785965787	Rose pastel / Rouge fraise		85.99			30	oui	0	GRAMS
2x Sac Lunch	2x-sac-lunch	45923785998555	Rose pastel / Rose pastel		85.99			30	oui	0	GRAMS
4x Besace	4x-besace	45923830399195	Jaune ambré / Jaune ambré / Jaune ambré		229.99			-1	oui	0	GRAMS
4x Besace	4x-besace	45923830431963	Jaune ambré / Jaune ambré / Noir		229.99			-1	oui	0	GRAMS
4x Besace	4x-besace	45923830464731	Jaune ambré / Jaune ambré / Vert forêt		229.99			-1	oui	0	GRAMS
4x Besace	4x-besace	45923830497499	Jaune ambré / Jaune ambré / Cassonade		229.99			-1	oui	0	GRAMS
4x Besace	4x-besace	45923830530267	Jaune ambré / Jaune ambré / Rouge fraise		229.99			-1	oui	0	GRAMS
4x Besace	4x-besace	45923830563035	Jaune ambré / Jaune ambré / Rose pastel		229.99			-1	oui	0	GRAMS
4x Besace	4x-besace	45923830595803	Jaune ambré / Noir / Jaune ambré		229.99			-1	oui	0	GRAMS
4x Besace	4x-besace	45923830628571	Jaune ambré / Noir / Noir		229.99			-1	oui	0	GRAMS
4x Besace	4x-besace	45923830661339	Jaune ambré / Noir / Vert forêt		229.99			-1	oui	0	GRAMS
4x Besace	4x-besace	45923830694107	Jaune ambré / Noir / Cassonade		229.99			-1	oui	0	GRAMS
4x Besace	4x-besace	45923830726875	Jaune ambré / Noir / Rouge fraise		229.99			-1	oui	0	GRAMS
4x Besace	4x-besace	45923830759643	Jaune ambré / Noir / Rose pastel		229.99			-1	oui	0	GRAMS
4x Besace	4x-besace	45923830792411	Jaune ambré / Vert forêt / Jaune ambré		229.99			-1	oui	0	GRAMS
4x Besace	4x-besace	45923830825179	Jaune ambré / Vert forêt / Noir		229.99			-1	oui	0	GRAMS
4x Besace	4x-besace	45923830857947	Jaune ambré / Vert forêt / Vert forêt		229.99			-1	oui	0	GRAMS
4x Besace	4x-besace	45923830890715	Jaune ambré / Vert forêt / Cassonade		229.99			-1	oui	0	GRAMS
4x Besace	4x-besace	45923830923483	Jaune ambré / Vert forêt / Rouge fraise		229.99			-1	oui	0	GRAMS
4x Besace	4x-besace	45923830956251	Jaune ambré / Vert forêt / Rose pastel		229.99			-1	oui	0	GRAMS
4x Besace	4x-besace	45923830989019	Jaune ambré / Cassonade / Jaune ambré		229.99			-1	oui	0	GRAMS
4x Besace	4x-besace	45923831021787	Jaune ambré / Cassonade / Noir		229.99			-1	oui	0	GRAMS
4x Besace	4x-besace	45923831054555	Jaune ambré / Cassonade / Vert forêt		229.99			-1	oui	0	GRAMS
4x Besace	4x-besace	45923831087323	Jaune ambré / Cassonade / Cassonade		229.99			-1	oui	0	GRAMS
4x Besace	4x-besace	45923831120091	Jaune ambré / Cassonade / Rouge fraise		229.99			-1	oui	0	GRAMS
4x Besace	4x-besace	45923831152859	Jaune ambré / Cassonade / Rose pastel		229.99			-1	oui	0	GRAMS
4x Besace	4x-besace	45923831185627	Jaune ambré / Rouge fraise / Jaune ambré		229.99			-1	oui	0	GRAMS
4x Besace	4x-besace	45923831218395	Jaune ambré / Rouge fraise / Noir		229.99			-1	oui	0	GRAMS
4x Besace	4x-besace	45923831251163	Jaune ambré / Rouge fraise / Vert forêt		229.99			-1	oui	0	GRAMS
4x Besace	4x-besace	45923831283931	Jaune ambré / Rouge fraise / Cassonade		229.99			-1	oui	0	GRAMS
4x Besace	4x-besace	45923831316699	Jaune ambré / Rouge fraise / Rouge fraise		229.99			-1	oui	0	GRAMS
4x Besace	4x-besace	45923831349467	Jaune ambré / Rouge fraise / Rose pastel		229.99			-1	oui	0	GRAMS
4x Besace	4x-besace	45923831382235	Noir / Jaune ambré / Jaune ambré		229.99			-1	oui	0	GRAMS
4x Besace	4x-besace	45923831415003	Noir / Jaune ambré / Noir		229.99			-1	oui	0	GRAMS
4x Besace	4x-besace	45923831447771	Noir / Jaune ambré / Vert forêt		229.99			-1	oui	0	GRAMS
4x Besace	4x-besace	45923831480539	Noir / Jaune ambré / Cassonade		229.99			-1	oui	0	GRAMS
4x Besace	4x-besace	45923831513307	Noir / Jaune ambré / Rouge fraise		229.99			-1	oui	0	GRAMS
4x Besace	4x-besace	45923831546075	Noir / Jaune ambré / Rose pastel		229.99			-1	oui	0	GRAMS
4x Besace	4x-besace	45923831578843	Noir / Noir / Jaune ambré		229.99			-1	oui	0	GRAMS
4x Besace	4x-besace	45923831611611	Noir / Noir / Noir		229.99			0	oui	0	GRAMS
4x Besace	4x-besace	45923831644379	Noir / Noir / Vert forêt		229.99			0	oui	0	GRAMS
4x Besace	4x-besace	45923831677147	Noir / Noir / Cassonade		229.99			0	oui	0	GRAMS
4x Besace	4x-besace	45923831709915	Noir / Noir / Rouge fraise		229.99			0	oui	0	GRAMS
4x Besace	4x-besace	45923831742683	Noir / Noir / Rose pastel		229.99			0	oui	0	GRAMS
4x Besace	4x-besace	45923831775451	Noir / Vert forêt / Jaune ambré		229.99			-1	oui	0	GRAMS
4x Besace	4x-besace	45923831808219	Noir / Vert forêt / Noir		229.99			0	oui	0	GRAMS
4x Besace	4x-besace	45923831840987	Noir / Vert forêt / Vert forêt		229.99			0	oui	0	GRAMS
4x Besace	4x-besace	45923831873755	Noir / Vert forêt / Cassonade		229.99			0	oui	0	GRAMS
4x Besace	4x-besace	45923831906523	Noir / Vert forêt / Rouge fraise		229.99			0	oui	0	GRAMS
4x Besace	4x-besace	45923831939291	Noir / Vert forêt / Rose pastel		229.99			0	oui	0	GRAMS
4x Besace	4x-besace	45923831972059	Noir / Cassonade / Jaune ambré		229.99			-1	oui	0	GRAMS
4x Besace	4x-besace	45923832004827	Noir / Cassonade / Noir		229.99			0	oui	0	GRAMS
4x Besace	4x-besace	45923832037595	Noir / Cassonade / Vert forêt		229.99			0	oui	0	GRAMS
4x Besace	4x-besace	45923832070363	Noir / Cassonade / Cassonade		229.99			0	oui	0	GRAMS
4x Besace	4x-besace	45923832103131	Noir / Cassonade / Rouge fraise		229.99			0	oui	0	GRAMS
4x Besace	4x-besace	45923832135899	Noir / Cassonade / Rose pastel		229.99			0	oui	0	GRAMS
4x Besace	4x-besace	45923832168667	Noir / Rouge fraise / Jaune ambré		229.99			-1	oui	0	GRAMS
4x Besace	4x-besace	45923832201435	Noir / Rouge fraise / Noir		229.99			0	oui	0	GRAMS
4x Besace	4x-besace	45923832234203	Noir / Rouge fraise / Vert forêt		229.99			0	oui	0	GRAMS
4x Besace	4x-besace	45923832266971	Noir / Rouge fraise / Cassonade		229.99			0	oui	0	GRAMS
4x Besace	4x-besace	45923832299739	Noir / Rouge fraise / Rouge fraise		229.99			0	oui	0	GRAMS
4x Besace	4x-besace	45923832332507	Noir / Rouge fraise / Rose pastel		229.99			0	oui	0	GRAMS
4x Besace	4x-besace	45923832365275	Vert forêt / Jaune ambré / Jaune ambré		229.99			-1	oui	0	GRAMS
4x Besace	4x-besace	45923832398043	Vert forêt / Jaune ambré / Noir		229.99			-1	oui	0	GRAMS
4x Besace	4x-besace	45923832430811	Vert forêt / Jaune ambré / Vert forêt		229.99			-1	oui	0	GRAMS
4x Besace	4x-besace	45923832463579	Vert forêt / Jaune ambré / Cassonade		229.99			-1	oui	0	GRAMS
4x Besace	4x-besace	45923832496347	Vert forêt / Jaune ambré / Rouge fraise		229.99			-1	oui	0	GRAMS
4x Besace	4x-besace	45923832529115	Vert forêt / Jaune ambré / Rose pastel		229.99			-1	oui	0	GRAMS
4x Besace	4x-besace	45923832561883	Vert forêt / Noir / Jaune ambré		229.99			-1	oui	0	GRAMS
4x Besace	4x-besace	45923832594651	Vert forêt / Noir / Noir		229.99			0	oui	0	GRAMS
4x Besace	4x-besace	45923832627419	Vert forêt / Noir / Vert forêt		229.99			0	oui	0	GRAMS
4x Besace	4x-besace	45923832660187	Vert forêt / Noir / Cassonade		229.99			0	oui	0	GRAMS
4x Besace	4x-besace	45923832692955	Vert forêt / Noir / Rouge fraise		229.99			0	oui	0	GRAMS
4x Besace	4x-besace	45923832725723	Vert forêt / Noir / Rose pastel		229.99			0	oui	0	GRAMS
4x Besace	4x-besace	45923832758491	Vert forêt / Vert forêt / Jaune ambré		229.99			-1	oui	0	GRAMS
4x Besace	4x-besace	45923832791259	Vert forêt / Vert forêt / Noir		229.99			0	oui	0	GRAMS
4x Besace	4x-besace	45923832824027	Vert forêt / Vert forêt / Vert forêt		229.99			0	oui	0	GRAMS
4x Besace	4x-besace	45923832856795	Vert forêt / Vert forêt / Cassonade		229.99			0	oui	0	GRAMS
4x Besace	4x-besace	45923832889563	Vert forêt / Vert forêt / Rouge fraise		229.99			0	oui	0	GRAMS
4x Besace	4x-besace	45923832922331	Vert forêt / Vert forêt / Rose pastel		229.99			0	oui	0	GRAMS
4x Besace	4x-besace	45923832955099	Vert forêt / Cassonade / Jaune ambré		229.99			-1	oui	0	GRAMS
4x Besace	4x-besace	45923832987867	Vert forêt / Cassonade / Noir		229.99			0	oui	0	GRAMS
4x Besace	4x-besace	45923833020635	Vert forêt / Cassonade / Vert forêt		229.99			0	oui	0	GRAMS
4x Besace	4x-besace	45923833053403	Vert forêt / Cassonade / Cassonade		229.99			0	oui	0	GRAMS
4x Besace	4x-besace	45923833086171	Vert forêt / Cassonade / Rouge fraise		229.99			0	oui	0	GRAMS
4x Besace	4x-besace	45923833118939	Vert forêt / Cassonade / Rose pastel		229.99			0	oui	0	GRAMS
4x Besace	4x-besace	45923833151707	Vert forêt / Rouge fraise / Jaune ambré		229.99			-1	oui	0	GRAMS
4x Besace	4x-besace	45923833184475	Vert forêt / Rouge fraise / Noir		229.99			0	oui	0	GRAMS
4x Besace	4x-besace	45923833217243	Vert forêt / Rouge fraise / Vert forêt		229.99			0	oui	0	GRAMS
4x Besace	4x-besace	45923833250011	Vert forêt / Rouge fraise / Cassonade		229.99			0	oui	0	GRAMS
4x Besace	4x-besace	45923833282779	Vert forêt / Rouge fraise / Rouge fraise		229.99			0	oui	0	GRAMS
4x Besace	4x-besace	45923833315547	Vert forêt / Rouge fraise / Rose pastel		229.99			0	oui	0	GRAMS
4x Sac Lunch	4x-sac-lunch	45923614032091	Jaune ambré / Jaune ambré / Cassonade		155.99			2	oui	0	GRAMS
4x Sac Lunch	4x-sac-lunch	45923789471963	Jaune ambré / Jaune ambré / Rouge fraise		155.99			2	oui	0	GRAMS
4x Sac Lunch	4x-sac-lunch	45923789504731	Jaune ambré / Jaune ambré / Rose pastel		155.99			2	oui	0	GRAMS
4x Sac Lunch	4x-sac-lunch	45923789537499	Jaune ambré / Noir / Cassonade		155.99			0	oui	0	GRAMS
4x Sac Lunch	4x-sac-lunch	45923789570267	Jaune ambré / Noir / Rouge fraise		155.99			0	oui	0	GRAMS
4x Sac Lunch	4x-sac-lunch	45923789603035	Jaune ambré / Noir / Rose pastel		155.99			0	oui	0	GRAMS
4x Sac Lunch	4x-sac-lunch	45923789635803	Jaune ambré / Vert forêt / Cassonade		155.99			-5	oui	0	GRAMS
4x Sac Lunch	4x-sac-lunch	45923789668571	Jaune ambré / Vert forêt / Rouge fraise		155.99			-5	oui	0	GRAMS
4x Sac Lunch	4x-sac-lunch	45923789701339	Jaune ambré / Vert forêt / Rose pastel		155.99			-5	oui	0	GRAMS
4x Sac Lunch	4x-sac-lunch	45923789734107	Jaune ambré / Cassonade / Cassonade		155.99			2	oui	0	GRAMS
4x Sac Lunch	4x-sac-lunch	45923789766875	Jaune ambré / Cassonade / Rouge fraise		155.99			2	oui	0	GRAMS
4x Sac Lunch	4x-sac-lunch	45923789799643	Jaune ambré / Cassonade / Rose pastel		155.99			2	oui	0	GRAMS
4x Sac Lunch	4x-sac-lunch	45923789832411	Jaune ambré / Rouge fraise / Cassonade		155.99			2	oui	0	GRAMS
4x Sac Lunch	4x-sac-lunch	45923789865179	Jaune ambré / Rouge fraise / Rouge fraise		155.99			2	oui	0	GRAMS
4x Sac Lunch	4x-sac-lunch	45923789897947	Jaune ambré / Rouge fraise / Rose pastel		155.99			2	oui	0	GRAMS
4x Sac Lunch	4x-sac-lunch	45923789930715	Jaune ambré / Rose pastel / Cassonade		155.99			2	oui	0	GRAMS
4x Sac Lunch	4x-sac-lunch	45923789963483	Jaune ambré / Rose pastel / Rouge fraise		155.99			2	oui	0	GRAMS
4x Sac Lunch	4x-sac-lunch	45923789996251	Jaune ambré / Rose pastel / Rose pastel		155.99			2	oui	0	GRAMS
4x Sac Lunch	4x-sac-lunch	45923614064859	Noir / Jaune ambré / Cassonade		155.99			0	oui	0	GRAMS
4x Sac Lunch	4x-sac-lunch	45923790029019	Noir / Jaune ambré / Rouge fraise		155.99			0	oui	0	GRAMS
4x Sac Lunch	4x-sac-lunch	45923790061787	Noir / Jaune ambré / Rose pastel		155.99			0	oui	0	GRAMS
4x Sac Lunch	4x-sac-lunch	45923790094555	Noir / Noir / Cassonade		155.99			0	oui	0	GRAMS
4x Sac Lunch	4x-sac-lunch	45923790127323	Noir / Noir / Rouge fraise		155.99			0	oui	0	GRAMS
4x Sac Lunch	4x-sac-lunch	45923790160091	Noir / Noir / Rose pastel		155.99			0	oui	0	GRAMS
4x Sac Lunch	4x-sac-lunch	45923790192859	Noir / Vert forêt / Cassonade		155.99			-5	oui	0	GRAMS
4x Sac Lunch	4x-sac-lunch	45923790225627	Noir / Vert forêt / Rouge fraise		155.99			-5	oui	0	GRAMS
4x Sac Lunch	4x-sac-lunch	45923790258395	Noir / Vert forêt / Rose pastel		155.99			-5	oui	0	GRAMS
4x Sac Lunch	4x-sac-lunch	45923790291163	Noir / Cassonade / Cassonade		155.99			0	oui	0	GRAMS
4x Sac Lunch	4x-sac-lunch	45923790323931	Noir / Cassonade / Rouge fraise		155.99			0	oui	0	GRAMS
4x Sac Lunch	4x-sac-lunch	45923790356699	Noir / Cassonade / Rose pastel		155.99			0	oui	0	GRAMS
4x Sac Lunch	4x-sac-lunch	45923790389467	Noir / Rouge fraise / Cassonade		155.99			0	oui	0	GRAMS
4x Sac Lunch	4x-sac-lunch	45923790422235	Noir / Rouge fraise / Rouge fraise		155.99			0	oui	0	GRAMS
4x Sac Lunch	4x-sac-lunch	45923790455003	Noir / Rouge fraise / Rose pastel		155.99			0	oui	0	GRAMS
4x Sac Lunch	4x-sac-lunch	45923790487771	Noir / Rose pastel / Cassonade		155.99			0	oui	0	GRAMS
4x Sac Lunch	4x-sac-lunch	45923790520539	Noir / Rose pastel / Rouge fraise		155.99			0	oui	0	GRAMS
4x Sac Lunch	4x-sac-lunch	45923790553307	Noir / Rose pastel / Rose pastel		155.99			0	oui	0	GRAMS
4x Sac Lunch	4x-sac-lunch	45923614097627	Vert forêt / Jaune ambré / Cassonade		155.99			-3	oui	0	GRAMS
4x Sac Lunch	4x-sac-lunch	45923790586075	Vert forêt / Jaune ambré / Rouge fraise		155.99			-3	oui	0	GRAMS
4x Sac Lunch	4x-sac-lunch	45923790618843	Vert forêt / Jaune ambré / Rose pastel		155.99			-3	oui	0	GRAMS
4x Sac Lunch	4x-sac-lunch	45923790651611	Vert forêt / Noir / Cassonade		155.99			-3	oui	0	GRAMS
4x Sac Lunch	4x-sac-lunch	45923790684379	Vert forêt / Noir / Rouge fraise		155.99			-3	oui	0	GRAMS
4x Sac Lunch	4x-sac-lunch	45923790717147	Vert forêt / Noir / Rose pastel		155.99			-3	oui	0	GRAMS
4x Sac Lunch	4x-sac-lunch	45923790749915	Vert forêt / Vert forêt / Cassonade		155.99			-5	oui	0	GRAMS
4x Sac Lunch	4x-sac-lunch	45923790782683	Vert forêt / Vert forêt / Rouge fraise		155.99			-5	oui	0	GRAMS
4x Sac Lunch	4x-sac-lunch	45923790815451	Vert forêt / Vert forêt / Rose pastel		155.99			-5	oui	0	GRAMS
4x Sac Lunch	4x-sac-lunch	45923790848219	Vert forêt / Cassonade / Cassonade		155.99			-3	oui	0	GRAMS
4x Sac Lunch	4x-sac-lunch	45923790880987	Vert forêt / Cassonade / Rouge fraise		155.99			-3	oui	0	GRAMS
4x Sac Lunch	4x-sac-lunch	45923790913755	Vert forêt / Cassonade / Rose pastel		155.99			-3	oui	0	GRAMS
4x Sac Lunch	4x-sac-lunch	45923790946523	Vert forêt / Rouge fraise / Cassonade		155.99			-3	oui	0	GRAMS
4x Sac Lunch	4x-sac-lunch	45923790979291	Vert forêt / Rouge fraise / Rouge fraise		155.99			-3	oui	0	GRAMS
4x Sac Lunch	4x-sac-lunch	45923791012059	Vert forêt / Rouge fraise / Rose pastel		155.99			-3	oui	0	GRAMS
4x Sac Lunch	4x-sac-lunch	45923791077595	Vert forêt / Rose pastel / Cassonade		155.99			-3	oui	0	GRAMS
4x Sac Lunch	4x-sac-lunch	45923791110363	Vert forêt / Rose pastel / Rouge fraise		155.99			-3	oui	0	GRAMS
4x Sac Lunch	4x-sac-lunch	45923791143131	Vert forêt / Rose pastel / Rose pastel		155.99			-3	oui	0	GRAMS
4x Sac Lunch	4x-sac-lunch	45923614130395	Cassonade / Jaune ambré / Cassonade		155.99			2	oui	0	GRAMS
4x Sac Lunch	4x-sac-lunch	45923791175899	Cassonade / Jaune ambré / Rouge fraise		155.99			2	oui	0	GRAMS
4x Sac Lunch	4x-sac-lunch	45923791208667	Cassonade / Jaune ambré / Rose pastel		155.99			2	oui	0	GRAMS
4x Sac Lunch	4x-sac-lunch	45923791241435	Cassonade / Noir / Cassonade		155.99			0	oui	0	GRAMS
4x Sac Lunch	4x-sac-lunch	45923791274203	Cassonade / Noir / Rouge fraise		155.99			0	oui	0	GRAMS
4x Sac Lunch	4x-sac-lunch	45923791306971	Cassonade / Noir / Rose pastel		155.99			0	oui	0	GRAMS
4x Sac Lunch	4x-sac-lunch	45923791339739	Cassonade / Vert forêt / Cassonade		155.99			-5	oui	0	GRAMS
4x Sac Lunch	4x-sac-lunch	45923791372507	Cassonade / Vert forêt / Rouge fraise		155.99			-5	oui	0	GRAMS
4x Sac Lunch	4x-sac-lunch	45923791405275	Cassonade / Vert forêt / Rose pastel		155.99			-5	oui	0	GRAMS
4x Sac Lunch	4x-sac-lunch	45923791438043	Cassonade / Cassonade / Cassonade		155.99			2	oui	0	GRAMS
4x Sac Lunch	4x-sac-lunch	45923791470811	Cassonade / Cassonade / Rouge fraise		155.99			2	oui	0	GRAMS
4x Sac Lunch	4x-sac-lunch	45923791503579	Cassonade / Cassonade / Rose pastel		155.99			2	oui	0	GRAMS
4x Sac Lunch	4x-sac-lunch	45923791536347	Cassonade / Rouge fraise / Cassonade		155.99			2	oui	0	GRAMS
4x Sac Lunch	4x-sac-lunch	45923791569115	Cassonade / Rouge fraise / Rouge fraise		155.99			2	oui	0	GRAMS
4x Sac Lunch	4x-sac-lunch	45923791601883	Cassonade / Rouge fraise / Rose pastel		155.99			2	oui	0	GRAMS
4x Sac Lunch	4x-sac-lunch	45923791634651	Cassonade / Rose pastel / Cassonade		155.99			2	oui	0	GRAMS
4x Sac Lunch	4x-sac-lunch	45923791667419	Cassonade / Rose pastel / Rouge fraise		155.99			2	oui	0	GRAMS
4x Sac Lunch	4x-sac-lunch	45923791700187	Cassonade / Rose pastel / Rose pastel		155.99			2	oui	0	GRAMS
4x Sac Lunch	4x-sac-lunch	45923614163163	Rouge fraise / Jaune ambré / Cassonade		155.99			4	oui	0	GRAMS
4x Sac Lunch	4x-sac-lunch	45923791732955	Rouge fraise / Jaune ambré / Rouge fraise		155.99			5	oui	0	GRAMS
4x Sac Lunch	4x-sac-lunch	45923791765723	Rouge fraise / Jaune ambré / Rose pastel		155.99			5	oui	0	GRAMS
4x Sac Lunch	4x-sac-lunch	45923791798491	Rouge fraise / Noir / Cassonade		155.99			0	oui	0	GRAMS
4x Sac Lunch	4x-sac-lunch	45923791831259	Rouge fraise / Noir / Rouge fraise		155.99			0	oui	0	GRAMS
4x Sac Lunch	4x-sac-lunch	45923791864027	Rouge fraise / Noir / Rose pastel		155.99			0	oui	0	GRAMS
4x Sac Lunch	4x-sac-lunch	45923791896795	Rouge fraise / Vert forêt / Cassonade		155.99			-5	oui	0	GRAMS
4x Sac Lunch	4x-sac-lunch	45923791929563	Rouge fraise / Vert forêt / Rouge fraise		155.99			-5	oui	0	GRAMS
4x Sac Lunch	4x-sac-lunch	45923791962331	Rouge fraise / Vert forêt / Rose pastel		155.99			-5	oui	0	GRAMS
4x Sac Lunch	4x-sac-lunch	45923791995099	Rouge fraise / Cassonade / Cassonade		155.99			4	oui	0	GRAMS
4x Sac Lunch	4x-sac-lunch	45923792027867	Rouge fraise / Cassonade / Rouge fraise		155.99			4	oui	0	GRAMS
4x Sac Lunch	4x-sac-lunch	45923792060635	Rouge fraise / Cassonade / Rose pastel		155.99			4	oui	0	GRAMS
4x Sac Lunch	4x-sac-lunch	45923792093403	Rouge fraise / Rouge fraise / Cassonade		155.99			4	oui	0	GRAMS
4x Sac Lunch	4x-sac-lunch	45923792126171	Rouge fraise / Rouge fraise / Rouge fraise		155.99			0	non	0	GRAMS
4x Sac Lunch	4x-sac-lunch	45923792158939	Rouge fraise / Rouge fraise / Rose pastel		155.99			30	oui	0	GRAMS
4x Sac Lunch	4x-sac-lunch	45923792191707	Rouge fraise / Rose pastel / Cassonade		155.99			4	oui	0	GRAMS
4x Sac Lunch	4x-sac-lunch	45923792224475	Rouge fraise / Rose pastel / Rouge fraise		155.99			30	oui	0	GRAMS
4x Sac Lunch	4x-sac-lunch	45923792257243	Rouge fraise / Rose pastel / Rose pastel		155.99			30	oui	0	GRAMS
6 Illustrations Asclépiade et Monarques	illustrations-asclepiade-monarque	45865351545051	Default Title		34.99	54.99		19	oui	0	GRAMS
Asclépiade 01 - Illustration 8x10	asclepias-01-print-8x10	37846604218530	8" x 10" / Supérieure	4459028||fine-art|8x10|none	29.00			-10	non	4.59	GRAMS
Asclépiade 01 - Illustration 8x10	asclepias-01-print-8x10	37846604251298	8" x 10" / Standard	4459028||8x10|digital-print|none	9.00	19.00		19	oui	5	GRAMS
Asclépiade 02 - Illustration 8x10	asclepias-02-print-8x10	37850648969378	8" x 10" / Standard	4458981|none|8x10|digital-print	9.00	19.00		19	oui	5	GRAMS
Asclépiade 02 - Illustration 8x10	asclepias-02-print-8x10	42665201959131	8" x 10" / Supérieure	4458981||fine-art|8x10|none	29.00		29.0	-6	non	4.59	GRAMS
Asclépiade 03 - Illustration 8x10	asclepias-03-print-8x10	37850794459298	8" x 10" / Supérieure	4459015|none|8x10|fine-art	29.00			-8	non	4.59	GRAMS
Asclépiade 03 - Illustration 8x10	asclepias-03-print-8x10	37850794492066	8" x 10" / Standard	4459015|none|8x10|digital-print	9.00	19.00		24	oui	5	GRAMS
Asclépiade 04 - Illustration 8x10	asclepias-04-print-8x10	37850902429858	8" x 10" / Standard	4459079|none|8x10|digital-print	9.00	19.00		22	oui	5	GRAMS
Asclépiade 04 - Illustration 8x10	asclepias-04-print-8x10	42771109871835	8" x 10" / Supérieure	4459079||fine-art|8x10|none	29.00			-3	non	4.59	GRAMS
Asclépiade 05 - Illustration 8x10	asclepias-05-print-8x10	37851021836450	8" x 10" / Supérieure	4459125|none|8x10|fine-art	29.00			-20	non	4.59	GRAMS
Asclépiade 05 - Illustration 8x10	asclepias-05-print-8x10	37851021869218	8" x 10" / Standard	4459125|none|8x10|digital-print	9.00	19.00		20	oui	5	GRAMS
Bague Aile de monarque - Vente finale	bague-aile-monarque	46022078955739	5	RING-MONARCH-24-SIZE5	109.99		52.5	0	oui	10	GRAMS
Bague Aile de monarque - Vente finale	bague-aile-monarque	46022078988507	5.5	RING-MONARCH-24-SIZE5.5	109.99		52.5	0	oui	10	GRAMS
Bague Aile de monarque - Vente finale	bague-aile-monarque	46022079021275	6	RING-MONARCH-24-SIZE6	109.99		52.5	0	oui	10	GRAMS
Bague Aile de monarque - Vente finale	bague-aile-monarque	46022079054043	6.5	RING-MONARCH-24-SIZE6.5	109.99		52.5	1	oui	10	GRAMS
Bague Aile de monarque - Vente finale	bague-aile-monarque	46022079086811	7	RING-MONARCH-24-SIZE7	109.99		52.5	0	oui	10	GRAMS
Bague Aile de monarque - Vente finale	bague-aile-monarque	46022079119579	7.5	RING-MONARCH-24-SIZE7.5	109.99		52.5	0	oui	10	GRAMS
Bague Aile de monarque - Vente finale	bague-aile-monarque	46022079152347	8	RING-MONARCH-24-SIZE8	109.99		52.5	0	oui	10	GRAMS
Bague Aile de monarque - Vente finale	bague-aile-monarque	46022079185115	8.5	RING-MONARCH-24-SIZE8.5	109.99		52.5	0	oui	10	GRAMS
Bague Aile de monarque - Vente finale	bague-aile-monarque	46022079217883	9	RING-MONARCH-24-SIZE9	109.99		52.5	0	oui	10	GRAMS
Bandeau	headband	44084133822683	Torsade	TBAND-22-BK	29.99		10.25	-3	oui	32	GRAMS
Bandeau	headband	44084133855451	Sport	SBAND-22-BK	29.99		10.56	-10	oui	32	GRAMS
Bandeau d'asclépiade torsadé extra-doux	bandeau-copy	47696565076187	Gris foncé	TBAND-22-BK-1	29.99		10.25	70	oui	32	GRAMS
Bandeau d'asclépiade torsadé extra-doux	bandeau-copy	47696565108955	Gris pâle	TBAND-22-BK-2	29.99		10.25	-1	oui	32	GRAMS
Bandeau d'asclépiade torsadé extra-doux	bandeau-copy	47696565141723	Noir	TBAND-22-BK-3	29.99		10.25	4	oui	32	GRAMS
Bandeau d'asclépiade torsadé extra-doux	bandeau-copy	47696565174491	Rouge	TBAND-22-BK-4	29.99		10.25	67	oui	32	GRAMS
Bandeau d'asclépiade torsadé extra-doux	bandeau-copy	47696565207259	Vert	TBAND-22-BK-5	29.99		10.25	49	oui	32	GRAMS
Bandeau torsadé et foulard - Précommande novembre 2025	bandeau-torsade-et-foulard	47695754035419	Gris foncé / Noir		79.99			70	oui	0	GRAMS
Bandeau torsadé et foulard - Précommande novembre 2025	bandeau-torsade-et-foulard	47900003631323	Gris pâle / Noir		79.99			-1	oui	0	GRAMS
Bandeau torsadé et foulard - Précommande novembre 2025	bandeau-torsade-et-foulard	47900003664091	Noir / Noir		79.99			4	oui	0	GRAMS
Bandeau torsadé et foulard - Précommande novembre 2025	bandeau-torsade-et-foulard	47900003696859	Rouge / Noir		79.99			67	oui	0	GRAMS
Bandeau torsadé et foulard - Précommande novembre 2025	bandeau-torsade-et-foulard	47900003729627	Vert / Noir		79.99			49	oui	0	GRAMS
Bandeau torsadé et foulard - Précommande novembre 2025	bandeau-torsade-et-foulard	47695754199259	Gris foncé / Gris foncé		79.99			70	oui	0	GRAMS
Bandeau torsadé et foulard - Précommande novembre 2025	bandeau-torsade-et-foulard	47900003762395	Gris pâle / Gris foncé		79.99			-1	oui	0	GRAMS
Bandeau torsadé et foulard - Précommande novembre 2025	bandeau-torsade-et-foulard	47900003795163	Noir / Gris foncé		79.99			4	oui	0	GRAMS
Bandeau torsadé et foulard - Précommande novembre 2025	bandeau-torsade-et-foulard	47900003827931	Rouge / Gris foncé		79.99			67	oui	0	GRAMS
Bandeau torsadé et foulard - Précommande novembre 2025	bandeau-torsade-et-foulard	47900003860699	Vert / Gris foncé		79.99			49	oui	0	GRAMS
Bandeau torsadé et foulard - Précommande novembre 2025	bandeau-torsade-et-foulard	47695754363099	Gris foncé / Gris pâle		79.99			70	oui	0	GRAMS
Bandeau torsadé et foulard - Précommande novembre 2025	bandeau-torsade-et-foulard	47900003893467	Gris pâle / Gris pâle		79.99			-1	oui	0	GRAMS
Bandeau torsadé et foulard - Précommande novembre 2025	bandeau-torsade-et-foulard	47900003926235	Noir / Gris pâle		79.99			4	oui	0	GRAMS
Bandeau torsadé et foulard - Précommande novembre 2025	bandeau-torsade-et-foulard	47900003959003	Rouge / Gris pâle		79.99			67	oui	0	GRAMS
Bandeau torsadé et foulard - Précommande novembre 2025	bandeau-torsade-et-foulard	47900003991771	Vert / Gris pâle		79.99			49	oui	0	GRAMS
Bandeau torsadé et foulard - Précommande novembre 2025	bandeau-torsade-et-foulard	47695754526939	Gris foncé / Rouge		79.99			70	oui	0	GRAMS
Bandeau torsadé et foulard - Précommande novembre 2025	bandeau-torsade-et-foulard	47900004024539	Gris pâle / Rouge		79.99			-1	oui	0	GRAMS
Bandeau torsadé et foulard - Précommande novembre 2025	bandeau-torsade-et-foulard	47900004057307	Noir / Rouge		79.99			4	oui	0	GRAMS
Bandeau torsadé et foulard - Précommande novembre 2025	bandeau-torsade-et-foulard	47900004090075	Rouge / Rouge		79.99			67	oui	0	GRAMS
Bandeau torsadé et foulard - Précommande novembre 2025	bandeau-torsade-et-foulard	47900004122843	Vert / Rouge		79.99			49	oui	0	GRAMS
Bandeau torsadé et foulard - Précommande novembre 2025	bandeau-torsade-et-foulard	47695754690779	Gris foncé / Vert		79.99			70	oui	0	GRAMS
Bandeau torsadé et foulard - Précommande novembre 2025	bandeau-torsade-et-foulard	47900004155611	Gris pâle / Vert		79.99			-1	oui	0	GRAMS
Bandeau torsadé et foulard - Précommande novembre 2025	bandeau-torsade-et-foulard	47900004188379	Noir / Vert		79.99			4	oui	0	GRAMS
Bandeau torsadé et foulard - Précommande novembre 2025	bandeau-torsade-et-foulard	47900004221147	Rouge / Vert		79.99			67	oui	0	GRAMS
Bandeau torsadé et foulard - Précommande novembre 2025	bandeau-torsade-et-foulard	47900004253915	Vert / Vert		79.99			49	oui	0	GRAMS
Bandeau torsadé IMPARFAIT	bandeau-torsade-imparfait	46435823157467	Default Title	TBAND-22-BK-IMP	19.99	29.99	10.25	0	oui	32	GRAMS
Besace isotherme en asclépiade	besace	45599212962011	Jaune ambré	SATCHEL24-YEL-STRAP	79.99	79.99	37.49	-1	oui	300	GRAMS
Besace isotherme en asclépiade	besace	45616402923739	Rouge fraise	SATCHEL24-RED-STRAP	79.99	79.99	37.49	0	oui	300	GRAMS
Besace isotherme en asclépiade	besace	45599212994779	Vert forêt	SATCHEL24-GRN-STRAP	79.99	79.99	37.49	0	oui	300	GRAMS
Besace isotherme en asclépiade	besace	45616402792667	Noir	SATCHEL24-BK-STRAP	79.99	79.99	37.49	0	oui	300	GRAMS
Besace isotherme en asclépiade	besace	45616402989275	Rose pastel	SATCHEL24-PINK-STRAP	79.99	79.99	37.49	22	oui	300	GRAMS
Besace isotherme en asclépiade	besace	45616402858203	Cassonade	SATCHEL24-BEIG-STRAP	79.99	79.99	37.49	2	oui	300	GRAMS
Besace isotherme en asclépiade IMPARFAIT	besace-isotherme-en-asclepiade-imparfait	48224885047515	Jaune ambré	SATCHEL24-YEL-STRAP	49.99	79.99	37.49	0	oui	300	GRAMS
Besace isotherme en asclépiade IMPARFAIT	besace-isotherme-en-asclepiade-imparfait	48224885080283	Rouge fraise	SATCHEL24-RED-STRAP	49.99	79.99	37.49	0	oui	300	GRAMS
Besace isotherme en asclépiade IMPARFAIT	besace-isotherme-en-asclepiade-imparfait	48224885113051	Vert forêt - Pochette avant noire	SATCHEL24-GRN-STRAP	49.99	79.99	37.49	0	oui	300	GRAMS
Besace isotherme en asclépiade IMPARFAIT	besace-isotherme-en-asclepiade-imparfait	48224885145819	Noir	SATCHEL24-BK-STRAP	49.99	79.99	37.49	0	oui	300	GRAMS
Besace isotherme en asclépiade IMPARFAIT	besace-isotherme-en-asclepiade-imparfait	48224885178587	Rose pastel	SATCHEL24-PINK-STRAP	49.99	79.99	37.49	0	oui	300	GRAMS
Besace isotherme en asclépiade IMPARFAIT	besace-isotherme-en-asclepiade-imparfait	48224885211355	Cassonade	SATCHEL24-BEIG-STRAP	49.99	79.99	37.49	0	oui	300	GRAMS
Bombes semencières -  Fleurs indigènes	flower-seed-bombs	44077688455387	10 / Milieux humides	SEEDBMB-FL-HUM	20.99	19.99	5.5	133	oui	80	GRAMS
Bombes semencières -  Fleurs indigènes	flower-seed-bombs	44077688389851	10 / Mellifère	SEEDBMB-FL-HON	20.99	19.99	5.5	0	oui	80	GRAMS
Bombes semencières -  Fleurs indigènes	flower-seed-bombs	44077688324315	10 / Comestible	SEEDBMB-FL-COM	20.99	19.99	5.5	0	oui	80	GRAMS
Bombes semencières -  Fleurs indigènes	flower-seed-bombs	44077688488155	10 / Médicinal	SEEDBMB-FL-MED	20.99	19.99	5.5	0	oui	80	GRAMS
Bombes semencières -  Fleurs indigènes	flower-seed-bombs	44077688357083	10 / Colibris & pollinisateurs	SEEDBMB-FL-COL	20.99	19.99	5.5	0	oui	80	GRAMS
Bombes semencières -  Fleurs indigènes	flower-seed-bombs	44077688422619	10 / Revégétalisation	SEEDBMB-FL-REV	20.99	19.99	5.5	-1	oui	80	GRAMS
Bombes semencières -  Fleurs indigènes	flower-seed-bombs	44856815091931	20 / Milieux humides		31.99	29.99	11.0	0	oui	80	GRAMS
Bombes semencières -  Fleurs indigènes	flower-seed-bombs	44856815026395	20 / Mellifère		31.99	29.99	11.0	0	oui	80	GRAMS
Bombes semencières -  Fleurs indigènes	flower-seed-bombs	44856814960859	20 / Comestible		31.99	29.99	11.0	0	oui	80	GRAMS
Bombes semencières -  Fleurs indigènes	flower-seed-bombs	44856815157467	20 / Médicinal		31.99	29.99	11.0	0	oui	80	GRAMS
Bombes semencières -  Fleurs indigènes	flower-seed-bombs	44856814993627	20 / Colibris & pollinisateurs		31.99	29.99	11.0	-1	oui	80	GRAMS
Bombes semencières -  Fleurs indigènes	flower-seed-bombs	44856815059163	20 / Revégétalisation		31.99	29.99	11.0	-1	oui	80	GRAMS
Bombes semencières -  Fleurs indigènes	flower-seed-bombs	44856815321307	30 / Milieux humides		41.99	39.99	16.5	0	oui	80	GRAMS
Bombes semencières -  Fleurs indigènes	flower-seed-bombs	44856815255771	30 / Mellifère		41.99	39.99	16.5	0	oui	80	GRAMS
Bombes semencières -  Fleurs indigènes	flower-seed-bombs	44856815190235	30 / Comestible		41.99	39.99	16.5	0	oui	80	GRAMS
Bombes semencières -  Fleurs indigènes	flower-seed-bombs	44856815354075	30 / Médicinal		41.99	39.99	16.5	0	oui	80	GRAMS
Bombes semencières -  Fleurs indigènes	flower-seed-bombs	44856815223003	30 / Colibris & pollinisateurs		41.99	39.99	16.5	0	oui	80	GRAMS
Bombes semencières -  Fleurs indigènes	flower-seed-bombs	44856815288539	30 / Revégétalisation		41.99	39.99	16.5	0	oui	80	GRAMS
Bombes semencières -  Fleurs indigènes	flower-seed-bombs	44856826888411	50 / Milieux humides		59.99	59.99	27.72	0	oui	80	GRAMS
Bombes semencières -  Fleurs indigènes	flower-seed-bombs	44856826822875	50 / Mellifère		59.99	59.99	27.72	0	oui	80	GRAMS
Bombes semencières -  Fleurs indigènes	flower-seed-bombs	44856826757339	50 / Comestible		59.99	59.99	27.72	0	oui	80	GRAMS
Bombes semencières -  Fleurs indigènes	flower-seed-bombs	44856826921179	50 / Médicinal		59.99	59.99	27.72	0	oui	80	GRAMS
Bombes semencières -  Fleurs indigènes	flower-seed-bombs	44856826790107	50 / Colibris & pollinisateurs		59.99	59.99	27.72	0	oui	80	GRAMS
Bombes semencières -  Fleurs indigènes	flower-seed-bombs	44856826855643	50 / Revégétalisation		59.99	59.99	27.72	0	oui	80	GRAMS
Bombes semencières -  Fleurs indigènes	flower-seed-bombs	44856827085019	100 / Milieux humides		79.99	89.99	55.0	0	oui	80	GRAMS
Bombes semencières -  Fleurs indigènes	flower-seed-bombs	44856827019483	100 / Mellifère		79.99	89.99	55.0	0	oui	80	GRAMS
Bombes semencières -  Fleurs indigènes	flower-seed-bombs	44856826953947	100 / Comestible		79.99	89.99	55.0	0	oui	80	GRAMS
Bombes semencières -  Fleurs indigènes	flower-seed-bombs	44856827117787	100 / Médicinal		79.99	89.99	55.0	0	oui	80	GRAMS
Bombes semencières -  Fleurs indigènes	flower-seed-bombs	44856826986715	100 / Colibris & pollinisateurs		79.99	89.99	55.0	0	oui	80	GRAMS
Bombes semencières -  Fleurs indigènes	flower-seed-bombs	44856827052251	100 / Revégétalisation		79.99	89.99	55.0	0	oui	80	GRAMS
Bombes semencières - Asclépiade	milkweed-seed-bombs	44077628621019	10 / Asclépiade commune	SDBMB-MW-COM	9.99	19.99	5.5	-3	oui	80	GRAMS
Bombes semencières - Asclépiade	milkweed-seed-bombs	46632551022811	10 / Asclépiade des prairies	SDBMB-MW-SUL	9.99	19.99	5.5	-4	oui	80	GRAMS
Bombes semencières - Asclépiade	milkweed-seed-bombs	44080686956763	10 / Asclepias Speciosa	SDBMB-MW-SPE	9.99	19.99	5.5	179	oui	80	GRAMS
Bombes semencières - Asclépiade	milkweed-seed-bombs	44856819515611	10 / Asclépiade très grande (rare)	SDBMB-MW-EXAL	9.99	19.99	5.5	204	oui	80	GRAMS
Bombes semencières - Asclépiade	milkweed-seed-bombs	46632551055579	10 / Asclépiade verticillée	SDBMB-MW-VERTI	9.99	19.99	5.5	10	oui	80	GRAMS
Bombes semencières - Asclépiade	milkweed-seed-bombs	46787344662747	10 / Asclépiade de l'Arizona		9.99	19.99	5.5	110	oui	80	GRAMS
Bombes semencières - Asclépiade	milkweed-seed-bombs	46632551153883	10 / Asclépiade de l'Utah	SDBMB-MW-LABR	9.99	19.99	5.5	43	oui	80	GRAMS
Bombes semencières - Asclépiade	milkweed-seed-bombs	46744530485467	10 / Asclépiade verte	SDBMB-MW-VIRI	9.99	19.99	5.5	19	oui	80	GRAMS
Bombes semencières - Asclépiade	milkweed-seed-bombs	46632551121115	10 / Asclépiade à feuilles étroites	SDBMB-MW-FASC	9.99	19.99	5.5	13	oui	80	GRAMS
Bombes semencières - Asclépiade	milkweed-seed-bombs	44077628555483	10 / Asclépiade tubéreuse	SDBMB-MW-TUB	9.99	19.99	5.5	-4	oui	80	GRAMS
Bombes semencières - Asclépiade	milkweed-seed-bombs	44077628588251	10 / Asclépiade incarnate	SDBMB-MW-INC	9.99	19.99	5.5	0	oui	80	GRAMS
Bombes semencières - Asclépiade	milkweed-seed-bombs	44856819286235	50 / Asclépiade commune		29.99	59.99	27.72	0	oui	80	GRAMS
Bombes semencières - Asclépiade	milkweed-seed-bombs	46632551514331	50 / Asclépiade des prairies		29.99	59.99	27.72	0	oui	80	GRAMS
Bombes semencières - Asclépiade	milkweed-seed-bombs	44856819482843	50 / Asclepias Speciosa		29.99	59.99	27.72	-7	oui	80	GRAMS
Bombes semencières - Asclépiade	milkweed-seed-bombs	47205735727323	50 / Asclépiade très grande (rare)		29.99	59.99	27.72	-1	oui	80	GRAMS
Bombes semencières - Asclépiade	milkweed-seed-bombs	46632551547099	50 / Asclépiade verticillée		29.99	59.99	27.79	0	oui	80	GRAMS
Bombes semencières - Asclépiade	milkweed-seed-bombs	46787344761051	50 / Asclépiade de l'Arizona		29.99	59.99	27.72	0	oui	80	GRAMS
Bombes semencières - Asclépiade	milkweed-seed-bombs	46632551645403	50 / Asclépiade de l'Utah		29.99	59.99	27.79	0	oui	80	GRAMS
Bombes semencières - Asclépiade	milkweed-seed-bombs	46744530583771	50 / Asclépiade verte		29.99	59.99	27.79	-2	oui	80	GRAMS
Bombes semencières - Asclépiade	milkweed-seed-bombs	46632551612635	50 / Asclépiade à feuilles étroites		29.99	59.99	27.79	0	oui	80	GRAMS
Bombes semencières - Asclépiade	milkweed-seed-bombs	44856819089627	50 / Asclépiade tubéreuse	50SDBMB-MW-TUB	29.99	59.99	27.72	0	oui	80	GRAMS
Bombes semencières - Asclépiade	milkweed-seed-bombs	44856819187931	50 / Asclépiade incarnate		29.99	59.99	27.72	0	oui	80	GRAMS
Bombes semencières - Asclépiade	milkweed-seed-bombs	44856819843291	100 / Asclépiade commune		44.99	89.99	55.0	-1	oui	80	GRAMS
Bombes semencières - Asclépiade	milkweed-seed-bombs	46632551678171	100 / Asclépiade des prairies		44.99	89.99	55.0	0	oui	80	GRAMS
Bombes semencières - Asclépiade	milkweed-seed-bombs	44856819908827	100 / Asclepias Speciosa		44.99	89.99	55.0	-2	oui	80	GRAMS
Bombes semencières - Asclépiade	milkweed-seed-bombs	47205738217691	100 / Asclépiade très grande (rare)		44.99	89.99	55.0	-2	oui	80	GRAMS
Bombes semencières - Asclépiade	milkweed-seed-bombs	46632551710939	100 / Asclépiade verticillée		44.99	89.99	55.0	0	oui	80	GRAMS
Bombes semencières - Asclépiade	milkweed-seed-bombs	46787344793819	100 / Asclépiade de l'Arizona		44.99	89.99	55.0	0	oui	80	GRAMS
Bombes semencières - Asclépiade	milkweed-seed-bombs	46632551809243	100 / Asclépiade de l'Utah		44.99	89.99	55.0	0	oui	80	GRAMS
Bombes semencières - Asclépiade	milkweed-seed-bombs	46744530616539	100 / Asclépiade verte		44.99	89.99	55.0	0	oui	80	GRAMS
Bombes semencières - Asclépiade	milkweed-seed-bombs	46632551776475	100 / Asclépiade à feuilles étroites		44.99	89.99	55.0	0	oui	80	GRAMS
Bombes semencières - Asclépiade	milkweed-seed-bombs	44856819777755	100 / Asclépiade tubéreuse		44.99	89.99	55.0	-1	oui	80	GRAMS
Bombes semencières - Asclépiade	milkweed-seed-bombs	44856819810523	100 / Asclépiade incarnate		44.99	89.99	55.0	-1	oui	80	GRAMS
Boucles d'oreilles Asclepias (précommande)	boucles-oreilles-asclepias	46007098573019	Fleur / Oxydé et poli (foncé)	EARRINGS-ASCLEPIAS-24-BK	69.99		24.0	-1	oui	10	GRAMS
Boucles d'oreilles Asclepias (précommande)	boucles-oreilles-asclepias	46007098540251	Fleur / Argenté (pâle)	EARRINGS-ASCLEPIAS-24-SILVER	69.99		24.0	-1	oui	10	GRAMS
Boucles d'oreilles Asclepias (précommande)	boucles-oreilles-asclepias	48549401919707	Graine / Oxydé et poli (foncé)		69.99		24.0	-2	oui	10	GRAMS
Boucles d'oreilles Asclepias (précommande)	boucles-oreilles-asclepias	48549401952475	Graine / Argenté (pâle)		69.99		24.0	2	oui	10	GRAMS
Cache-cou d'asclépiade	neckwarmer	47581055353051	Gris foncé		49.99		11.8	90	oui	40	GRAMS
Cache-cou d'asclépiade	neckwarmer	47472884318427	Noir		49.99		11.8	44	oui	40	GRAMS
Cache-cou d'asclépiade	neckwarmer	47472884351195	Gris pâle		49.99		11.8	45	oui	40	GRAMS
Cache-cou d'asclépiade	neckwarmer	47472884383963	Vert		49.99		11.8	72	oui	40	GRAMS
Cache-cou d'asclépiade	neckwarmer	47472884416731	Rouge		49.99		11.8	-10	oui	40	GRAMS
Cache-cou d'asclépiade  - ancienne version non-ajustable	cache-cou-dasclepiade-imparfait	47909724979419	Default Title		35.99	41.99	11.8	131	oui	40	GRAMS
Cache-cou d'asclépiade IMPARFAIT	cache-cou-dasclepiade-imparfait-1	48224612745435	Gris foncé		31.99	47.99	11.8	0	oui	40	GRAMS
Cache-cou d'asclépiade IMPARFAIT	cache-cou-dasclepiade-imparfait-1	48224612778203	Noir		31.99	47.99	11.8	0	oui	40	GRAMS
Cache-cou d'asclépiade IMPARFAIT	cache-cou-dasclepiade-imparfait-1	48224612810971	Gris pâle		31.99	47.99	11.8	25	oui	40	GRAMS
Cache-cou d'asclépiade IMPARFAIT	cache-cou-dasclepiade-imparfait-1	48224612843739	Vert		31.99	47.99	11.8	0	oui	40	GRAMS
Carte cadeau virtuelle	giftcard	44259149480155	$10.00		10.00			-20	non	0	GRAMS
Carte cadeau virtuelle	giftcard	44259149545691	$25.00		25.00			-237	non	0	GRAMS
Carte cadeau virtuelle	giftcard	44259149578459	$50.00		50.00			-36	non	0	GRAMS
Carte cadeau virtuelle	giftcard	46328195711195	$75.00		75.00			-13	non	0	GRAMS
Carte cadeau virtuelle	giftcard	44259149611227	$100.00		100.00			-22	non	0	GRAMS
Carte cadeau virtuelle	giftcard	44259189719259	$150.00		150.00			-8	non	0	GRAMS
Carte cadeau virtuelle	giftcard	44259189752027	$250.00		250.00			-3	non	0	GRAMS
Carte-cadeau	carte-cadeau	42801646960859	Default Title		50.00			-1	non	0	GRAMS
Chandail polaire isolé à l'asclépiade - type "pull"	chandail-polaire-asclepiade-polar	48801859043547	S / Noir		69.99	69.99	60.0	-14	oui	250	GRAMS
Chandail polaire isolé à l'asclépiade - type "pull"	chandail-polaire-asclepiade-polar	48801859076315	M / Noir		69.99	69.99	60.0	-34	oui	250	GRAMS
Chandail polaire isolé à l'asclépiade - type "pull"	chandail-polaire-asclepiade-polar	48801859109083	L / Noir		69.99	69.99	60.0	-37	oui	250	GRAMS
Chandail polaire isolé à l'asclépiade - type "pull"	chandail-polaire-asclepiade-polar	48801859141851	XL / Noir		69.99	69.99	60.0	-23	oui	250	GRAMS
Chandail polaire isolé à l'asclépiade - type "pull"	chandail-polaire-asclepiade-polar	48801859174619	2XL / Noir		69.99	69.99	60.0	-5	oui	0	GRAMS
Combo automnal: Bandeau + cache-cou	automne-bandeau-cache-cou-asclepiade	45865177841883	Torsade		59.99	69.99		-3	oui	0	GRAMS
Combo automnal: Bandeau + cache-cou	automne-bandeau-cache-cou-asclepiade	45865177874651	Sport		59.99	69.99		-10	oui	0	GRAMS
Combo bandeau & cache-cou - Précommande novembre 2025	bandeau-torsade-et-cache-cou	47696602104027	Gris foncé / Gris foncé		69.99			70	oui	0	GRAMS
Combo bandeau & cache-cou - Précommande novembre 2025	bandeau-torsade-et-cache-cou	47696602136795	Gris foncé / Noir - Précommande Hiver 25-26		69.99			70	oui	0	GRAMS
Combo bandeau & cache-cou - Précommande novembre 2025	bandeau-torsade-et-cache-cou	47696602169563	Gris foncé / Gris pâle		69.99			70	oui	0	GRAMS
Combo bandeau & cache-cou - Précommande novembre 2025	bandeau-torsade-et-cache-cou	47696602202331	Gris foncé / Vert		69.99			70	oui	0	GRAMS
Combo bandeau & cache-cou - Précommande novembre 2025	bandeau-torsade-et-cache-cou	47696602235099	Gris foncé / Rouge		69.99			70	oui	0	GRAMS
Combo bandeau & cache-cou - Précommande novembre 2025	bandeau-torsade-et-cache-cou	47696602431707	Gris pâle / Gris foncé		69.99			-1	oui	0	GRAMS
Combo bandeau & cache-cou - Précommande novembre 2025	bandeau-torsade-et-cache-cou	47696602464475	Gris pâle / Noir - Précommande Hiver 25-26		69.99			-1	oui	0	GRAMS
Combo bandeau & cache-cou - Précommande novembre 2025	bandeau-torsade-et-cache-cou	47696602497243	Gris pâle / Gris pâle		69.99			-1	oui	0	GRAMS
Combo bandeau & cache-cou - Précommande novembre 2025	bandeau-torsade-et-cache-cou	47696602530011	Gris pâle / Vert		69.99			-1	oui	0	GRAMS
Combo bandeau & cache-cou - Précommande novembre 2025	bandeau-torsade-et-cache-cou	47696602562779	Gris pâle / Rouge		69.99			-1	oui	0	GRAMS
Combo bandeau & cache-cou - Précommande novembre 2025	bandeau-torsade-et-cache-cou	47696602759387	Noir / Gris foncé		69.99			4	oui	0	GRAMS
Combo bandeau & cache-cou - Précommande novembre 2025	bandeau-torsade-et-cache-cou	47696602792155	Noir / Noir - Précommande Hiver 25-26		69.99			4	oui	0	GRAMS
Combo bandeau & cache-cou - Précommande novembre 2025	bandeau-torsade-et-cache-cou	47696602824923	Noir / Gris pâle		69.99			4	oui	0	GRAMS
Combo bandeau & cache-cou - Précommande novembre 2025	bandeau-torsade-et-cache-cou	47696602857691	Noir / Vert		69.99			4	oui	0	GRAMS
Combo bandeau & cache-cou - Précommande novembre 2025	bandeau-torsade-et-cache-cou	47696602890459	Noir / Rouge		69.99			4	oui	0	GRAMS
Combo bandeau & cache-cou - Précommande novembre 2025	bandeau-torsade-et-cache-cou	47696603087067	Rouge / Gris foncé		69.99			67	oui	0	GRAMS
Combo bandeau & cache-cou - Précommande novembre 2025	bandeau-torsade-et-cache-cou	47696603119835	Rouge / Noir - Précommande Hiver 25-26		69.99			67	oui	0	GRAMS
Combo bandeau & cache-cou - Précommande novembre 2025	bandeau-torsade-et-cache-cou	47696603152603	Rouge / Gris pâle		69.99			67	oui	0	GRAMS
Combo bandeau & cache-cou - Précommande novembre 2025	bandeau-torsade-et-cache-cou	47696603185371	Rouge / Vert		69.99			67	oui	0	GRAMS
Combo bandeau & cache-cou - Précommande novembre 2025	bandeau-torsade-et-cache-cou	47696603218139	Rouge / Rouge		69.99			67	oui	0	GRAMS
Combo bandeau & cache-cou - Précommande novembre 2025	bandeau-torsade-et-cache-cou	47696603414747	Vert / Gris foncé		69.99			49	oui	0	GRAMS
Combo bandeau & cache-cou - Précommande novembre 2025	bandeau-torsade-et-cache-cou	47696603447515	Vert / Noir - Précommande Hiver 25-26		69.99			49	oui	0	GRAMS
Combo bandeau & cache-cou - Précommande novembre 2025	bandeau-torsade-et-cache-cou	47696603480283	Vert / Gris pâle		69.99			49	oui	0	GRAMS
Combo bandeau & cache-cou - Précommande novembre 2025	bandeau-torsade-et-cache-cou	47696603513051	Vert / Vert		69.99			49	oui	0	GRAMS
Combo bandeau & cache-cou - Précommande novembre 2025	bandeau-torsade-et-cache-cou	47696603545819	Vert / Rouge		69.99			49	oui	0	GRAMS
Combo BBQ: Manchons à boisson + mitaines de four	combo-barbecue-manchons-boisson-mitaines-four	45865269166299	2x Régulier (petite canette 355mL)		39.99	49.99		0	oui	0	GRAMS
Combo BBQ: Manchons à boisson + mitaines de four	combo-barbecue-manchons-boisson-mitaines-four	45865269199067	2x Large (grande canette 473mL)		39.99	53.99		0	oui	0	GRAMS
Combo BBQ: Manchons à boisson + mitaines de four	combo-barbecue-manchons-boisson-mitaines-four	45865269231835	1x Régulier (355mL), 1x Large (473mL)		39.99	51.99		0	oui	0	GRAMS
Combo Boissons froides: Besace + manchons	boissons-besace-manchons-asclepiade	45865224241371	Jaune ambré / 2x Régulier (petite canette 355mL)		84.99	94.99		-1	oui	0	GRAMS
Combo Boissons froides: Besace + manchons	boissons-besace-manchons-asclepiade	45865224274139	Jaune ambré / 2x Large (grande canette 473mL)		84.99	99.99		-1	oui	0	GRAMS
Combo Boissons froides: Besace + manchons	boissons-besace-manchons-asclepiade	45865224306907	Jaune ambré / 1x Régulier (355mL), 1x Large (473mL)		84.99	96.99		-1	oui	0	GRAMS
Combo Boissons froides: Besace + manchons	boissons-besace-manchons-asclepiade	45865224437979	Noir / 2x Régulier (petite canette 355mL)		84.99	94.99		0	oui	0	GRAMS
Combo Boissons froides: Besace + manchons	boissons-besace-manchons-asclepiade	45865224470747	Noir / 2x Large (grande canette 473mL)		84.99	99.99		0	oui	0	GRAMS
Combo Boissons froides: Besace + manchons	boissons-besace-manchons-asclepiade	45865224503515	Noir / 1x Régulier (355mL), 1x Large (473mL)		84.99	96.99		0	oui	0	GRAMS
Combo Boissons froides: Besace + manchons	boissons-besace-manchons-asclepiade	45865224634587	Vert forêt / 2x Régulier (petite canette 355mL)		84.99	94.99		0	oui	0	GRAMS
Combo Boissons froides: Besace + manchons	boissons-besace-manchons-asclepiade	45865224667355	Vert forêt / 2x Large (grande canette 473mL)		84.99	99.99		0	oui	0	GRAMS
Combo Boissons froides: Besace + manchons	boissons-besace-manchons-asclepiade	45865224700123	Vert forêt / 1x Régulier (355mL), 1x Large (473mL)		84.99	96.99		0	oui	0	GRAMS
Combo Boissons froides: Besace + manchons	boissons-besace-manchons-asclepiade	45865224831195	Cassonade / 2x Régulier (petite canette 355mL)		84.99	94.99		2	oui	0	GRAMS
Combo Boissons froides: Besace + manchons	boissons-besace-manchons-asclepiade	45865224863963	Cassonade / 2x Large (grande canette 473mL)		84.99	99.99		2	oui	0	GRAMS
Combo Boissons froides: Besace + manchons	boissons-besace-manchons-asclepiade	45865224896731	Cassonade / 1x Régulier (355mL), 1x Large (473mL)		84.99	96.99		2	oui	0	GRAMS
Combo Boissons froides: Besace + manchons	boissons-besace-manchons-asclepiade	45865225027803	Rouge fraise / 2x Régulier (petite canette 355mL)		84.99	94.99		0	oui	0	GRAMS
Combo Boissons froides: Besace + manchons	boissons-besace-manchons-asclepiade	45865225060571	Rouge fraise / 2x Large (grande canette 473mL)		84.99	99.99		0	oui	0	GRAMS
Combo Boissons froides: Besace + manchons	boissons-besace-manchons-asclepiade	45865225093339	Rouge fraise / 1x Régulier (355mL), 1x Large (473mL)		84.99	96.99		0	oui	0	GRAMS
Combo Boissons froides: Besace + manchons	boissons-besace-manchons-asclepiade	45865225224411	Rose pastel / 2x Régulier (petite canette 355mL)		84.99	94.99		22	oui	0	GRAMS
Combo Boissons froides: Besace + manchons	boissons-besace-manchons-asclepiade	45865225257179	Rose pastel / 2x Large (grande canette 473mL)		84.99	99.99		22	oui	0	GRAMS
Combo Boissons froides: Besace + manchons	boissons-besace-manchons-asclepiade	45865225289947	Rose pastel / 1x Régulier (355mL), 1x Large (473mL)		84.99	96.99		22	oui	0	GRAMS
Combo manchons + coussin isotherme	combo-manchons-coussin-isotherme	45759838847195	2x Régulier (petite canette 355mL)		45.99			-57	oui	0	GRAMS
Combo manchons + coussin isotherme	combo-manchons-coussin-isotherme	45759838879963	2x Large (grande canette 473mL)		45.99			43	oui	0	GRAMS
Combo manchons + coussin isotherme	combo-manchons-coussin-isotherme	45759838912731	1x Régulier (355mL), 1x Large (473mL)		45.99			-57	oui	0	GRAMS
Combo Sac lunch + Ensemble de cuisine	combo-sac-lunch-ensemble-cuisine-asclepiade	45865194356955	Jaune ambré		99.99	122.99		0	oui	0	GRAMS
Combo Sac lunch + Ensemble de cuisine	combo-sac-lunch-ensemble-cuisine-asclepiade	45865194389723	Noir		99.99			0	oui	0	GRAMS
Combo Sac lunch + Ensemble de cuisine	combo-sac-lunch-ensemble-cuisine-asclepiade	45865194422491	Vert forêt		99.99			-5	oui	0	GRAMS
Combo Sac lunch + Ensemble de cuisine	combo-sac-lunch-ensemble-cuisine-asclepiade	45865194455259	Cassonade		99.99			0	oui	0	GRAMS
Combo Sac lunch + Ensemble de cuisine	combo-sac-lunch-ensemble-cuisine-asclepiade	45865194488027	Rouge fraise		99.99			0	oui	0	GRAMS
Combo Sac lunch + Ensemble de cuisine	combo-sac-lunch-ensemble-cuisine-asclepiade	45865194520795	Rose pastel		99.99			0	oui	0	GRAMS
Combo Sacs à dos et lunch	combo-sac-dos-lunch-glaciere-asclepiade	45865200943323	Jaune ambré		129.99	159.99		5	oui	0	GRAMS
Combo Sacs à dos et lunch	combo-sac-dos-lunch-glaciere-asclepiade	45865200976091	Noir		129.99	159.99		0	oui	0	GRAMS
Combo Sacs à dos et lunch	combo-sac-dos-lunch-glaciere-asclepiade	45865201008859	Vert forêt		129.99	159.99		-5	oui	0	GRAMS
Combo Sacs à dos et lunch	combo-sac-dos-lunch-glaciere-asclepiade	45865201041627	Cassonade		129.99	159.99		4	oui	0	GRAMS
Combo Sacs à dos et lunch	combo-sac-dos-lunch-glaciere-asclepiade	45865201074395	Rouge fraise		129.99	159.99		0	non	0	GRAMS
Combo Sacs à dos et lunch	combo-sac-dos-lunch-glaciere-asclepiade	45865201107163	Rose pastel		129.99	159.99		30	oui	0	GRAMS
Combo soin du visage: nettoyant & hydratant	combo-soin-visage-huile-asclepiade	45732039196891	Default Title		79.99	79.99		-30	oui	240	GRAMS
Coussin d'assise thermal pliable	coussin-assise-thermal-pliable	45759699484891	Default Title	S24-SEATPAD	39.99	39.99	12.34	-57	oui	45	GRAMS
Coussin d'assise thermal pliable - IMPARFAIT	coussin-dassise-thermal-pliable-imparfait	46435814342875	Default Title	S24-SEATPAD-IMP	32.99	39.99	12.34	0	oui	65	GRAMS
Coussin écoresponsable pour animaux	coussin-ecoresponsable-animaux	47554791080155	Petit (21'' x 14.5'') / Vert Forêt		49.99	59.99	28.95	-1	oui	100	GRAMS
Coussin écoresponsable pour animaux	coussin-ecoresponsable-animaux	47554783346907	Petit (21'' x 14.5'') / Caramel		49.99	59.99	28.95	3	oui	100	GRAMS
Coussin écoresponsable pour animaux	coussin-ecoresponsable-animaux	47554791047387	Petit (21'' x 14.5'') / Rouge Fraise		49.99	59.99	28.95	-1	oui	100	GRAMS
Coussin écoresponsable pour animaux	coussin-ecoresponsable-animaux	47554791145691	Moyen (31.5'' x 20.5'') / Vert Forêt		69.99	59.99	28.95	3	oui	100	GRAMS
Coussin écoresponsable pour animaux	coussin-ecoresponsable-animaux	47554790949083	Moyen (31.5'' x 20.5'') / Caramel		69.99	59.99	27.65	2	oui	100	GRAMS
Coussin écoresponsable pour animaux	coussin-ecoresponsable-animaux	47554791112923	Moyen (31.5'' x 20.5'') / Rouge Fraise		69.99	59.99	28.95	3	oui	100	GRAMS
Coussin écoresponsable pour animaux	coussin-ecoresponsable-animaux	47554791211227	Grand (41.5'' x 31.5'') / Vert Forêt		99.99	59.99	28.95	6	oui	100	GRAMS
Coussin écoresponsable pour animaux	coussin-ecoresponsable-animaux	47554790981851	Grand (41.5'' x 31.5'') / Caramel		99.99	59.99	27.65	1	oui	100	GRAMS
Coussin écoresponsable pour animaux	coussin-ecoresponsable-animaux	47554791178459	Grand (41.5'' x 31.5'') / Rouge Fraise		99.99	59.99	28.95	0	oui	100	GRAMS
Couverture imprimée Asclépiade & Monarques	couverture-imprimee-asclepiade-monarques	47006977523931	Papillon monarque / Petite (30'' x 40'')		49.99			4	oui	0	GRAMS
Couverture imprimée Asclépiade & Monarques	couverture-imprimee-asclepiade-monarques	47006977556699	Papillon monarque / Moyenne (45'' x 60'')		69.99			4	oui	0	GRAMS
Couverture imprimée Asclépiade & Monarques	couverture-imprimee-asclepiade-monarques	47006977589467	Papillon monarque / Large (60'' x 80'')		89.99			0	oui	0	GRAMS
Couverture imprimée Asclépiade & Monarques	couverture-imprimee-asclepiade-monarques	47006977655003	Fleurs d'asclépiade sur ciel bleu / Petite (30'' x 40'')		49.99			2	oui	0	GRAMS
Couverture imprimée Asclépiade & Monarques	couverture-imprimee-asclepiade-monarques	47006977687771	Fleurs d'asclépiade sur ciel bleu / Moyenne (45'' x 60'')		69.99			2	oui	0	GRAMS
Couverture imprimée Asclépiade & Monarques	couverture-imprimee-asclepiade-monarques	47006977720539	Fleurs d'asclépiade sur ciel bleu / Large (60'' x 80'')		89.99			0	oui	0	GRAMS
Couverture imprimée Asclépiade & Monarques	couverture-imprimee-asclepiade-monarques	47006977786075	Soies d'asclépiade au vent / Petite (30'' x 40'')		49.99			3	oui	0	GRAMS
Couverture imprimée Asclépiade & Monarques	couverture-imprimee-asclepiade-monarques	47006977818843	Soies d'asclépiade au vent / Moyenne (45'' x 60'')		69.99			0	oui	0	GRAMS
Couverture imprimée Asclépiade & Monarques	couverture-imprimee-asclepiade-monarques	47006977851611	Soies d'asclépiade au vent / Large (60'' x 80'')		89.99			0	oui	0	GRAMS
Couverture imprimée Asclépiade & Monarques – Modèle discontinué	couverture-imprimee-asclepiade-monarques-modele-discontinue	48224950452443	Papillon monarque / Large (60'' x 80'')		89.99			-4	oui	0	GRAMS
Crème contour des yeux à l'huile d'asclépiade - Collaboration Gourmet Sauvage × Lasclay	creme-contour-yeux-huile-asclepiade	48609025818843	30mL		39.99		22.9	-26	oui	75	GRAMS
Crème hydratante d'asclépiade Monarch Botanika	hydratant-visage-huile-asclepiade	45731993485531	Default Title		49.99	49.99	25.17	-30	oui	120	GRAMS
Crochet à mitaines	crochet-a-mitaines	37169444061346	Default Title	CRO20-ACC-PLAWOOD	9.99		3.15	0	oui	0.05	KILOGRAMS
Échange - erreur	echange-erreur	39748630380706	Default Title		12.99			-8	non	0.3	KILOGRAMS
Échange - Grandeur	echange-grandeur	42443191550171	XS		9.99			-38	non	0.3	KILOGRAMS
Échange - Grandeur	echange-grandeur	42443191582939	S		9.99			-61	non	0.3	KILOGRAMS
Échange - Grandeur	echange-grandeur	42443191615707	M		9.99			-33	non	0.3	KILOGRAMS
Échange - Grandeur	echange-grandeur	42443191648475	L		9.99			-12	non	0.3	KILOGRAMS
Échange - Grandeur	echange-grandeur	43830498722011	XL		9.99			0	non	0.3	KILOGRAMS
Échange - Grandeur (tuque sport)	echange-grandeur-tuque-sport	46324942209243	S/M		9.99			0	non	0.3	KILOGRAMS
Échange - Grandeur (tuque sport)	echange-grandeur-tuque-sport	46324942242011	M/L		9.99			0	non	0.3	KILOGRAMS
Ensemble de cuisine	oven-mitts-pot-holder-place-mat	44856472043739	Default Title		64.99	74.99	39.03	0	oui	400	GRAMS
Étui pour Tablette isolé à l'asclépiade - Discontinué	etui-pour-tablette-isole-a-lasclepiade-imparfait	47910240846043	Default Title		19.99	39.99	7.43	0	oui	35	GRAMS
Étui pour Tablette isolé à l'asclépiade IMPARFAIT	etui-appareils-electroniques-asclepiade-2	45956258037979	Default Title		16.99	24.99	7.43	21	oui	35	GRAMS
Étui pour téléphone isolé à l'asclépiade	etui-telephone-asclepiade	47449300467931	Noir		24.99	29.99	7.43	327	oui	30	GRAMS
Étui pour téléphone isolé à l'asclépiade	etui-telephone-asclepiade	47449283592411	Rouge fraise		24.99	29.99	7.43	31	oui	30	GRAMS
Étui pour téléphone isolé à l'asclépiade	etui-telephone-asclepiade	47449314951387	Vert forêt		24.99	29.99	7.43	23	oui	30	GRAMS
Étui pour téléphone isolé à l'asclépiade	etui-telephone-asclepiade	47449322094811	Caramel		24.99	29.99	7.43	2	oui	30	GRAMS
Foulard	scarf	47449363939547	Gris foncé	SCARF22-60P-BK-1	59.99	69.99	17.66	20	oui	130	GRAMS
Foulard	scarf	47449363972315	Gris pâle	SCARF22-60P-BK-2	59.99	69.99	17.66	6	oui	130	GRAMS
Foulard	scarf	47449364005083	Noir	SCARF22-60P-BK-3	59.99	69.99	17.66	20	oui	130	GRAMS
Foulard	scarf	47449364037851	Rouge	SCARF22-60P-BK-4	59.99	69.99	17.66	-4	oui	130	GRAMS
Foulard	scarf	47449364070619	Vert	SCARF22-60P-BK-5	59.99	69.99	17.66	-3	oui	130	GRAMS
Foulard - Ancienne version	foulard-copie	48979782959323	Gris foncé	SCARF22-60P-BK-1	49.99	69.99	17.66	119	oui	130	GRAMS
Foulard - Ancienne version	foulard-copie	48979782992091	Gris pâle	SCARF22-60P-BK-2	49.99	69.99	17.66	12	oui	130	GRAMS
Foulard - Ancienne version	foulard-copie	48979783024859	Noir	SCARF22-60P-BK-3	49.99	69.99	17.66	18	oui	130	GRAMS
Foulard - Ancienne version	foulard-copie	48979783057627	Rouge	SCARF22-60P-BK-4	49.99	69.99	17.66	1	oui	130	GRAMS
Foulard - Ancienne version	foulard-copie	48979783090395	Vert	SCARF22-60P-BK-5	49.99	69.99	17.66	2	oui	130	GRAMS
Foulard (Pré-vente Décembre 2021)	foulard-scarf-preorder-2021	40807435174050	Default Title	SCARF21-60P-BK	89.00			0	oui	0	KILOGRAMS
Foulard (Pré-vente Janvier 2022)	foulard-pre-vente-janvier-2021	41049874137250	Default Title	SCARF21-60P-BK	89.00			0	oui	0	KILOGRAMS
Foulard (Vente de fin de saison 2022)	foulard-vente-de-fin-de-saison-2022	42443157373147	Default Title	SCARF21-60P-BK	69.00	89.00		0	oui	125	KILOGRAMS
Foulard IMPARFAIT	foulard-imparfait	48224139411675	Gris foncé	SCARF22-60P-BK-1	44.99	59.99	17.66	0	oui	130	GRAMS
Foulard IMPARFAIT	foulard-imparfait	48224139477211	Noir	SCARF22-60P-BK-3	44.99	59.99	17.66	0	oui	130	GRAMS
Foulard IMPARFAIT	foulard-imparfait	48224139444443	Gris pâle	SCARF22-60P-BK-2	44.99	59.99	17.66	0	oui	130	GRAMS
Foulard IMPARFAIT	foulard-imparfait	48224139509979	Rouge	SCARF22-60P-BK-4	44.99	59.99	17.66	0	oui	130	GRAMS
Foulard IMPARFAIT	foulard-imparfait	48224139542747	Vert	SCARF22-60P-BK-5	44.99	59.99	17.66	0	oui	130	GRAMS
Gants magiques doublés en asclépiade	gants-magiques-asclepiade	48817126244571	S/M (femme)		21.99		4.0	-220	oui	70	GRAMS
Gants magiques doublés en asclépiade	gants-magiques-asclepiade	48817126277339	L/XL (homme)		21.99		4.0	-135	oui	70	GRAMS
Gift card	rise-ai-giftcard	44429971226843	$50		50.00			0	non	0	GRAMS
Gift card	rise-ai-giftcard	44429971259611	$100		100.00			0	non	0	GRAMS
Glacière à boissons imprimée 3D - isolée à l'asclépiade	glaciere-boissons-beer-cooler	42849293828315	Régulier (355mL)		49.00			0	oui	0	GRAMS
Glacière à boissons imprimée 3D - isolée à l'asclépiade	glaciere-boissons-beer-cooler	42849293140187	Microbrasserie (473mL)		59.00			0	oui	0	GRAMS
glaciere anglais dummy	glaciere-anglais-dummy	40361453486242	Default Title		0.00			0	oui	0	KILOGRAMS
Graines d'asclépiade	milkweed-seeds	43861098201307	Syriaca / 1 sachet	ASCL-SYRIACA-1.25ML-x1	6.99	6.99	0.2	172	oui	12	GRAMS
Graines d'asclépiade	milkweed-seeds	43861093777627	Syriaca / Paquet de 5	ASCL-SYRIACA-1.25ML-x5	29.99	29.99	1.0	47	oui	60	GRAMS
Graines d'asclépiade	milkweed-seeds	43861093810395	Syriaca / Paquet de 10	ASCL-SYRIACA-1.25ML-x10	49.99	59.99	2.0	22	oui	120	GRAMS
Graines d'asclépiade	milkweed-seeds	44860756623579	Tuberosa / 1 sachet	ASCL-TUBEROSA-1ML-x1	6.99	6.99	0.34	95	oui	12	GRAMS
Graines d'asclépiade	milkweed-seeds	44860756689115	Tuberosa / Paquet de 5	ASCL-TUBEROSA-1ML-x5	29.99	29.99	1.7	61	oui	60	GRAMS
Graines d'asclépiade	milkweed-seeds	44860756754651	Tuberosa / Paquet de 10	ASCL-TUBEROSA-1ML-x10	49.99	59.99	3.4	73	oui	120	GRAMS
Graines d'asclépiade	milkweed-seeds	44860756590811	Incarnata / 1 sachet	ASCL-INCARNATA-1ML-x1	6.99	6.99	0.27	98	oui	12	GRAMS
Graines d'asclépiade	milkweed-seeds	44860756656347	Incarnata / Paquet de 5	ASCL-INCARNATA-1ML-x5	29.99	29.99	1.35	84	oui	60	GRAMS
Graines d'asclépiade	milkweed-seeds	44860756721883	Incarnata / Paquet de 10	ASCL-INCARNATA-1ML-x10	49.99	59.99	2.7	81	oui	120	GRAMS
Graines d'asclépiade	milkweed-seeds	44860769829083	Speciosa / 1 sachet	ASCL-SPECIOSA-1ML-x1	6.99	6.99	0.25	12	oui	12	GRAMS
Graines d'asclépiade	milkweed-seeds	47205571297499	Speciosa / Paquet de 5	ASCL-SPECIOSA-1ML-x5	29.99	29.99	1.35	80	oui	60	GRAMS
Graines d'asclépiade	milkweed-seeds	44860769894619	Speciosa / Paquet de 10	ASCL-SPECIOSA-1ML-x10	49.99	59.99	2.5	89	oui	120	GRAMS
Graines d'asclépiade	milkweed-seeds	48591721922779	Verticillata / 1 sachet		6.99	6.99	0.2	10	oui	12	GRAMS
Graines d'asclépiade	milkweed-seeds	48591721955547	Verticillata / Paquet de 5		29.99	29.99	0.2	89	oui	12	GRAMS
Graines d'asclépiade	milkweed-seeds	48591721988315	Verticillata / Paquet de 10		49.99	9.99	0.2	93	oui	12	GRAMS
Graines d'asclépiade	milkweed-seeds	48591722021083	Fascicularis / 1 sachet		6.99	6.99	0.2	-7	oui	12	GRAMS
Graines d'asclépiade	milkweed-seeds	48591722053851	Fascicularis / Paquet de 5		29.99	29.99	0.2	87	oui	12	GRAMS
Graines d'asclépiade	milkweed-seeds	48591722086619	Fascicularis / Paquet de 10		49.99	9.99	0.2	95	oui	12	GRAMS
Graines d'asclépiade	milkweed-seeds	48591722119387	Sullivantii / 1 sachet		6.99	6.99	0.2	-14	oui	12	GRAMS
Graines d'asclépiade	milkweed-seeds	48591722152155	Sullivantii / Paquet de 5		29.99	29.99	0.2	88	oui	12	GRAMS
Graines d'asclépiade	milkweed-seeds	48591722184923	Sullivantii / Paquet de 10		49.99	9.99	0.2	89	oui	12	GRAMS
Graines d'asclépiade	milkweed-seeds	48591721824475	Exaltata / 1 sachet		6.99	6.99	0.2	0	oui	12	GRAMS
Graines d'asclépiade	milkweed-seeds	48591721857243	Exaltata / Paquet de 5		29.99	29.99	0.2	0	oui	12	GRAMS
Graines d'asclépiade	milkweed-seeds	48591721890011	Exaltata / Paquet de 10		49.99	9.99	0.2	0	oui	12	GRAMS
Graines d'asclépiade	milkweed-seeds	48591722217691	Viridis / 1 sachet		6.99	6.99	0.2	-79	oui	12	GRAMS
Graines d'asclépiade	milkweed-seeds	48591722250459	Viridis / Paquet de 5		29.99	29.99	0.2	-7	oui	12	GRAMS
Graines d'asclépiade	milkweed-seeds	48591722283227	Viridis / Paquet de 10		49.99	9.99	0.2	-2	oui	12	GRAMS
Graines d'asclépiade	milkweed-seeds	48591722315995	Labriformis / 1 sachet		6.99	6.99	0.2	-7	oui	12	GRAMS
Graines d'asclépiade	milkweed-seeds	48591722348763	Labriformis / Paquet de 5		29.99	29.99	0.2	-2	oui	12	GRAMS
Graines d'asclépiade	milkweed-seeds	48591722381531	Labriformis / Paquet de 10		49.99	9.99	0.2	0	oui	12	GRAMS
Graines d'asclépiade	milkweed-seeds	48591722414299	Angustifolia / 1 sachet		6.99	6.99	0.2	-17	oui	12	GRAMS
Graines d'asclépiade	milkweed-seeds	48591722447067	Angustifolia / Paquet de 5		29.99	29.99	0.2	0	oui	12	GRAMS
Graines d'asclépiade	milkweed-seeds	48591722479835	Angustifolia / Paquet de 10		49.99	9.99	0.2	-3	oui	12	GRAMS
Graines d'asclépiade en vrac	graines-dasclepiade-en-vrac	42352241377499	Default Title		0.60	6.99	0.1	-928	non	0.01	KILOGRAMS
Graines d'asclépiade en vrac (0-100)	graines-dasclepiade-en-vrac-0-100	42702182285531	Default Title		1.50	6.99	0.1	-75	non	0.01	KILOGRAMS
Huile d'asclépiade pure en flacon - hydratante pour la peau	huile-asclepiade	47581721133275	30mL		36.99	49.99	10.0	5	oui	75	GRAMS
Isolant d'asclépiade au mètre ou demi-mètre	isolant-asclepiade-vegan-naturel	47581728932059	200 grammes/m2 (2cm épaisseur) / 1/2 mètre		19.99	24.99	6.0	12	oui	100	GRAMS
Isolant d'asclépiade au mètre ou demi-mètre	isolant-asclepiade-vegan-naturel	47581739122907	200 grammes/m2 (2cm épaisseur) / 1 mètre		29.99	36.99	12.0	21	oui	200	GRAMS
Kit de mise à niveau bandoulière - Sac à lunch	kit-mise-niveau-bandouliere-sac-lunch	45727602213083	Default Title		14.25		5.74	-14	oui	30	GRAMS
langify_image_container	langify_image_container	36625433723042	Default Title		0.00			0	non	0	KILOGRAMS
Le Pied-Main-Bouche: Mitaines+foulard+semelles	le-pied-main-bouche-mitaines-foulard-semelles	45865255600347	XS / 6 femme		149.99	189.99		3	oui	0	GRAMS
Le Pied-Main-Bouche: Mitaines+foulard+semelles	le-pied-main-bouche-mitaines-foulard-semelles	45865255633115	XS / 7 femme		149.99	189.99		5	oui	0	GRAMS
Le Pied-Main-Bouche: Mitaines+foulard+semelles	le-pied-main-bouche-mitaines-foulard-semelles	45865255665883	XS / 8 femme - 6 homme		149.99	189.99		-22	oui	0	GRAMS
Le Pied-Main-Bouche: Mitaines+foulard+semelles	le-pied-main-bouche-mitaines-foulard-semelles	45865255698651	XS / 9 femme - 7 homme		149.99	189.99		-31	oui	0	GRAMS
Le Pied-Main-Bouche: Mitaines+foulard+semelles	le-pied-main-bouche-mitaines-foulard-semelles	45865255731419	XS / 10 femme - 8 homme		149.99	189.99		-30	oui	0	GRAMS
Le Pied-Main-Bouche: Mitaines+foulard+semelles	le-pied-main-bouche-mitaines-foulard-semelles	45865255764187	XS / 11 femme - 9 homme		149.99	189.99		-13	oui	0	GRAMS
Le Pied-Main-Bouche: Mitaines+foulard+semelles	le-pied-main-bouche-mitaines-foulard-semelles	45865255796955	XS / 12 femme - 10 homme		149.99	189.99		7	oui	0	GRAMS
Le Pied-Main-Bouche: Mitaines+foulard+semelles	le-pied-main-bouche-mitaines-foulard-semelles	45865255829723	XS / 11 homme		149.99	189.99		-5	oui	0	GRAMS
Le Pied-Main-Bouche: Mitaines+foulard+semelles	le-pied-main-bouche-mitaines-foulard-semelles	45865255862491	XS / 12 homme		149.99	189.99		9	oui	0	GRAMS
Le Pied-Main-Bouche: Mitaines+foulard+semelles	le-pied-main-bouche-mitaines-foulard-semelles	45865255895259	S / 6 femme		149.99	189.99		3	oui	0	GRAMS
Le Pied-Main-Bouche: Mitaines+foulard+semelles	le-pied-main-bouche-mitaines-foulard-semelles	45865255928027	S / 7 femme		149.99	189.99		5	oui	0	GRAMS
Le Pied-Main-Bouche: Mitaines+foulard+semelles	le-pied-main-bouche-mitaines-foulard-semelles	45865255960795	S / 8 femme - 6 homme		149.99	189.99		-22	oui	0	GRAMS
Le Pied-Main-Bouche: Mitaines+foulard+semelles	le-pied-main-bouche-mitaines-foulard-semelles	45865255993563	S / 9 femme - 7 homme		149.99	189.99		-31	oui	0	GRAMS
Le Pied-Main-Bouche: Mitaines+foulard+semelles	le-pied-main-bouche-mitaines-foulard-semelles	45865256026331	S / 10 femme - 8 homme		149.99	189.99		-30	oui	0	GRAMS
Le Pied-Main-Bouche: Mitaines+foulard+semelles	le-pied-main-bouche-mitaines-foulard-semelles	45865256059099	S / 11 femme - 9 homme		149.99	189.99		-13	oui	0	GRAMS
Le Pied-Main-Bouche: Mitaines+foulard+semelles	le-pied-main-bouche-mitaines-foulard-semelles	45865256091867	S / 12 femme - 10 homme		149.99	189.99		7	oui	0	GRAMS
Le Pied-Main-Bouche: Mitaines+foulard+semelles	le-pied-main-bouche-mitaines-foulard-semelles	45865256124635	S / 11 homme		149.99	189.99		-5	oui	0	GRAMS
Le Pied-Main-Bouche: Mitaines+foulard+semelles	le-pied-main-bouche-mitaines-foulard-semelles	45865256157403	S / 12 homme		149.99	189.99		9	oui	0	GRAMS
Le Pied-Main-Bouche: Mitaines+foulard+semelles	le-pied-main-bouche-mitaines-foulard-semelles	45865256190171	M / 6 femme		149.99	189.99		3	oui	0	GRAMS
Le Pied-Main-Bouche: Mitaines+foulard+semelles	le-pied-main-bouche-mitaines-foulard-semelles	45865256222939	M / 7 femme		149.99	189.99		5	oui	0	GRAMS
Le Pied-Main-Bouche: Mitaines+foulard+semelles	le-pied-main-bouche-mitaines-foulard-semelles	45865256255707	M / 8 femme - 6 homme		149.99	189.99		-22	oui	0	GRAMS
Le Pied-Main-Bouche: Mitaines+foulard+semelles	le-pied-main-bouche-mitaines-foulard-semelles	45865256288475	M / 9 femme - 7 homme		149.99	189.99		-31	oui	0	GRAMS
Le Pied-Main-Bouche: Mitaines+foulard+semelles	le-pied-main-bouche-mitaines-foulard-semelles	45865256321243	M / 10 femme - 8 homme		149.99	189.99		-30	oui	0	GRAMS
Le Pied-Main-Bouche: Mitaines+foulard+semelles	le-pied-main-bouche-mitaines-foulard-semelles	45865256354011	M / 11 femme - 9 homme		149.99	189.99		-13	oui	0	GRAMS
Le Pied-Main-Bouche: Mitaines+foulard+semelles	le-pied-main-bouche-mitaines-foulard-semelles	45865256386779	M / 12 femme - 10 homme		149.99	189.99		7	oui	0	GRAMS
Le Pied-Main-Bouche: Mitaines+foulard+semelles	le-pied-main-bouche-mitaines-foulard-semelles	45865256419547	M / 11 homme		149.99	189.99		-5	oui	0	GRAMS
Le Pied-Main-Bouche: Mitaines+foulard+semelles	le-pied-main-bouche-mitaines-foulard-semelles	45865256452315	M / 12 homme		149.99	189.99		9	oui	0	GRAMS
Le Pied-Main-Bouche: Mitaines+foulard+semelles	le-pied-main-bouche-mitaines-foulard-semelles	45865256485083	L / 6 femme		149.99	189.99		3	oui	0	GRAMS
Le Pied-Main-Bouche: Mitaines+foulard+semelles	le-pied-main-bouche-mitaines-foulard-semelles	45865256517851	L / 7 femme		149.99	189.99		5	oui	0	GRAMS
Le Pied-Main-Bouche: Mitaines+foulard+semelles	le-pied-main-bouche-mitaines-foulard-semelles	45865256550619	L / 8 femme - 6 homme		149.99	189.99		-22	oui	0	GRAMS
Le Pied-Main-Bouche: Mitaines+foulard+semelles	le-pied-main-bouche-mitaines-foulard-semelles	45865256583387	L / 9 femme - 7 homme		149.99	189.99		-31	oui	0	GRAMS
Le Pied-Main-Bouche: Mitaines+foulard+semelles	le-pied-main-bouche-mitaines-foulard-semelles	45865256616155	L / 10 femme - 8 homme		149.99	189.99		-30	oui	0	GRAMS
Le Pied-Main-Bouche: Mitaines+foulard+semelles	le-pied-main-bouche-mitaines-foulard-semelles	45865256648923	L / 11 femme - 9 homme		149.99	189.99		-13	oui	0	GRAMS
Le Pied-Main-Bouche: Mitaines+foulard+semelles	le-pied-main-bouche-mitaines-foulard-semelles	45865256681691	L / 12 femme - 10 homme		149.99	189.99		7	oui	0	GRAMS
Le Pied-Main-Bouche: Mitaines+foulard+semelles	le-pied-main-bouche-mitaines-foulard-semelles	45865256714459	L / 11 homme		149.99	189.99		-5	oui	0	GRAMS
Le Pied-Main-Bouche: Mitaines+foulard+semelles	le-pied-main-bouche-mitaines-foulard-semelles	45865256747227	L / 12 homme		149.99	189.99		9	oui	0	GRAMS
Le Pied-Main-Bouche: Mitaines+foulard+semelles	le-pied-main-bouche-mitaines-foulard-semelles	45865256779995	XL / 6 femme		149.99	189.99		3	oui	0	GRAMS
Le Pied-Main-Bouche: Mitaines+foulard+semelles	le-pied-main-bouche-mitaines-foulard-semelles	45865256845531	XL / 7 femme		149.99	189.99		5	oui	0	GRAMS
Le Pied-Main-Bouche: Mitaines+foulard+semelles	le-pied-main-bouche-mitaines-foulard-semelles	45865256878299	XL / 8 femme - 6 homme		149.99	189.99		-22	oui	0	GRAMS
Le Pied-Main-Bouche: Mitaines+foulard+semelles	le-pied-main-bouche-mitaines-foulard-semelles	45865256976603	XL / 9 femme - 7 homme		149.99	189.99		-31	oui	0	GRAMS
Le Pied-Main-Bouche: Mitaines+foulard+semelles	le-pied-main-bouche-mitaines-foulard-semelles	45865257042139	XL / 10 femme - 8 homme		149.99			-30	oui	0	GRAMS
Le Pied-Main-Bouche: Mitaines+foulard+semelles	le-pied-main-bouche-mitaines-foulard-semelles	45865257074907	XL / 11 femme - 9 homme		149.99			-13	oui	0	GRAMS
Le Pied-Main-Bouche: Mitaines+foulard+semelles	le-pied-main-bouche-mitaines-foulard-semelles	45865257107675	XL / 12 femme - 10 homme		149.99			7	oui	0	GRAMS
Le Pied-Main-Bouche: Mitaines+foulard+semelles	le-pied-main-bouche-mitaines-foulard-semelles	45865257140443	XL / 11 homme		149.99			-5	oui	0	GRAMS
Le Pied-Main-Bouche: Mitaines+foulard+semelles	le-pied-main-bouche-mitaines-foulard-semelles	45865257173211	XL / 12 homme		149.99			9	oui	0	GRAMS
Manchon isotherme pour boissons	manchon-isotherme-canettes-bouteilles	45759625035995	Large (grande canette 473mL) / Vert forêt	24-CANSLEEVE-MICRO	11.99	15.99	6.37	43	oui	35	GRAMS
Manchon isotherme pour boissons	manchon-isotherme-canettes-bouteilles	46189282623707	Large (grande canette 473mL) / Rouge fraise		11.99	15.99	6.37	24	oui	35	GRAMS
Manchon isotherme pour boissons	manchon-isotherme-canettes-bouteilles	46189282590939	Large (grande canette 473mL) / Noir		11.99	15.99	6.37	118	oui	35	GRAMS
Manchon isotherme pour boissons	manchon-isotherme-canettes-bouteilles	46189282558171	Large (grande canette 473mL) / Jaune		11.99	15.99	6.37	101	oui	35	GRAMS
Manchon isotherme pour boissons	manchon-isotherme-canettes-bouteilles	46189282689243	Large (grande canette 473mL) / Cassonade		11.99	15.99	6.37	29	oui	35	GRAMS
Manchon isotherme pour boissons	manchon-isotherme-canettes-bouteilles	46189282656475	Large (grande canette 473mL) / Rose		11.99	15.99	6.37	63	oui	35	GRAMS
Manchon isotherme pour boissons	manchon-isotherme-canettes-bouteilles	47294200611035	Régulier (petite canette 355mL) / Vert forêt		9.99	13.99	5.86	38	oui	35	GRAMS
Manchon isotherme pour boissons	manchon-isotherme-canettes-bouteilles	47294196711643	Régulier (petite canette 355mL) / Rouge fraise		9.99	13.99	5.86	0	oui	35	GRAMS
Manchon isotherme pour boissons	manchon-isotherme-canettes-bouteilles	46189282427099	Régulier (petite canette 355mL) / Noir		9.99	13.99	5.86	95	oui	35	GRAMS
Manchon isotherme pour boissons	manchon-isotherme-canettes-bouteilles	47294199300315	Régulier (petite canette 355mL) / Jaune		9.99	13.99	5.86	48	oui	35	GRAMS
Manchon isotherme pour boissons	manchon-isotherme-canettes-bouteilles	46189282525403	Régulier (petite canette 355mL) / Cassonade		9.99	13.99	5.86	13	oui	35	GRAMS
Manchon isotherme pour boissons	manchon-isotherme-canettes-bouteilles	46189282492635	Régulier (petite canette 355mL) / Rose		9.99	13.99	5.86	82	oui	35	GRAMS
Manchon isotherme pour boissons IMPARFAIT	manchon-isotherme-pour-boissons-imparfait	47910079693019	Large (grande canette 473mL) / Vert forêt	24-CANSLEEVE-MICRO	9.99	24.99	6.37	0	oui	35	GRAMS
Manchon isotherme pour boissons IMPARFAIT	manchon-isotherme-pour-boissons-imparfait	47910079889627	Régulier (petite canette 355mL) / Vert forêt		9.99	24.99	5.86	0	oui	35	GRAMS
Manchon isotherme pour canettes minces	manchon-isolant-canettes-slim	47447596138715	Noir		9.99	13.99	6.37	35	oui	23	GRAMS
Manchon isotherme pour canettes minces	manchon-isolant-canettes-slim	47447596204251	Vert forêt		9.99	13.99	6.37	25	oui	23	GRAMS
Manchon isotherme pour canettes minces	manchon-isolant-canettes-slim	47447596171483	Rose		9.99	13.99	6.37	23	oui	23	GRAMS
Manchon isotherme pour canettes minces	manchon-isolant-canettes-slim	47447596269787	Rouge fraise		9.99	13.99	6.37	29	oui	23	GRAMS
Manchon isotherme pour canettes minces	manchon-isolant-canettes-slim	47447596237019	Jaune		9.99	13.99	6.37	37	oui	23	GRAMS
Manteau hivernal isolé à l'asclépiade	manteau-hiver-asclepiade-quebecoise	48801791475931	Femme / S / Noir		379.99	299.99	60.0	-1	oui	250	GRAMS
Manteau hivernal isolé à l'asclépiade	manteau-hiver-asclepiade-quebecoise	48801791508699	Femme / M / Noir		379.99	299.99	60.0	-3	oui	250	GRAMS
Manteau hivernal isolé à l'asclépiade	manteau-hiver-asclepiade-quebecoise	48801791541467	Femme / L / Noir		379.99	299.99	60.0	-2	oui	250	GRAMS
Manteau hivernal isolé à l'asclépiade	manteau-hiver-asclepiade-quebecoise	48801791574235	Femme / XL / Noir		379.99	299.99	60.0	-3	oui	250	GRAMS
Manteau hivernal isolé à l'asclépiade	manteau-hiver-asclepiade-quebecoise	48801791607003	Femme / 2XL / Noir		379.99	299.99	60.0	0	oui	0	GRAMS
Manteau hivernal isolé à l'asclépiade	manteau-hiver-asclepiade-quebecoise	48801791639771	Femme / XS / Noir		379.99	299.99	60.0	0	oui	250	GRAMS
Manteau hivernal isolé à l'asclépiade	manteau-hiver-asclepiade-quebecoise	48801791672539	Homme / S / Noir		379.99	299.99	60.0	-1	oui	250	GRAMS
Manteau hivernal isolé à l'asclépiade	manteau-hiver-asclepiade-quebecoise	48801791705307	Homme / M / Noir		379.99	299.99	60.0	-3	oui	250	GRAMS
Manteau hivernal isolé à l'asclépiade	manteau-hiver-asclepiade-quebecoise	48801791738075	Homme / L / Noir		379.99	299.99	60.0	-2	oui	250	GRAMS
Manteau hivernal isolé à l'asclépiade	manteau-hiver-asclepiade-quebecoise	48801791770843	Homme / XL / Noir		379.99	299.99	60.0	-5	oui	250	GRAMS
Manteau hivernal isolé à l'asclépiade	manteau-hiver-asclepiade-quebecoise	48801791803611	Homme / 2XL / Noir		379.99	299.99	60.0	0	oui	250	GRAMS
Manteau isolé à l'asclépiade	manteau-asclepiade	46831846949083	Femme / S / Noir		269.99	299.99	60.0	0	oui	250	GRAMS
Manteau isolé à l'asclépiade	manteau-asclepiade	46831846981851	Femme / M / Noir		269.99	299.99	60.0	3	oui	250	GRAMS
Manteau isolé à l'asclépiade	manteau-asclepiade	46831847014619	Femme / L / Noir		269.99	299.99	60.0	5	oui	250	GRAMS
Manteau isolé à l'asclépiade	manteau-asclepiade	46831847047387	Femme / XL / Noir		269.99	299.99	60.0	12	oui	250	GRAMS
Manteau isolé à l'asclépiade	manteau-asclepiade	46851715989723	Femme / 2XL / Noir		269.99	299.99	60.0	-4	oui	0	GRAMS
Manteau isolé à l'asclépiade	manteau-asclepiade	46831846916315	Femme / XS / Noir		269.99	299.99	60.0	2	oui	250	GRAMS
Manteau isolé à l'asclépiade	manteau-asclepiade	46831847145691	Homme / S / Noir		269.99	299.99	60.0	-1	oui	250	GRAMS
Manteau isolé à l'asclépiade	manteau-asclepiade	46831847178459	Homme / M / Noir		269.99	299.99	60.0	3	oui	250	GRAMS
Manteau isolé à l'asclépiade	manteau-asclepiade	46831847211227	Homme / L / Noir		269.99	299.99	60.0	-4	oui	250	GRAMS
Manteau isolé à l'asclépiade	manteau-asclepiade	46831847243995	Homme / XL / Noir		299.99	299.99	60.0	2	oui	250	GRAMS
Manteau isolé à l'asclépiade	manteau-asclepiade	46831847276763	Homme / 2XL / Noir		269.99	299.99	60.0	-5	oui	250	GRAMS
Mise à niveau mitaines	mise-a-niveau-mitaines	46051771941083	XS		19.99			-5	non	200	GRAMS
Mise à niveau mitaines	mise-a-niveau-mitaines	46051771973851	S		19.99			-3	non	200	GRAMS
Mise à niveau mitaines	mise-a-niveau-mitaines	46051772006619	M		19.99			-9	non	200	GRAMS
Mise à niveau mitaines	mise-a-niveau-mitaines	46051772039387	L		19.99			-4	non	200	GRAMS
Mise à niveau mitaines	mise-a-niveau-mitaines	46051772072155	XL		19.99			-2	non	200	GRAMS
Mitaine seule	mitaine-seule	41033084403874	XS / Gauche	MIT21-XS-BK-GAUCHE	55.00			1	oui	50	GRAMS
Mitaine seule	mitaine-seule	41033084436642	XS / Droit	MIT21-XS-BK-DROIT	55.00			1	oui	50	GRAMS
Mitaine seule	mitaine-seule	41033084469410	S / Gauche	MIT21-S-BK-GAUCHE	55.00			0	oui	50	GRAMS
Mitaine seule	mitaine-seule	41033084502178	S / Droit	MIT21-S-BK-DROIT	55.00			-1	oui	50	GRAMS
Mitaine seule	mitaine-seule	41033084534946	M / Gauche	MIT21-M-BK-GAUCHE	55.00			0	oui	50	GRAMS
Mitaine seule	mitaine-seule	41033084567714	M / Droit	MIT21-M-BK-DROIT	55.00			-1	oui	50	GRAMS
Mitaine seule	mitaine-seule	41033084600482	L / Gauche	MIT21-L-BK-GAUCHE	55.00			-1	oui	50	GRAMS
Mitaine seule	mitaine-seule	41033084633250	L / Droit	MIT21-L-BK-DROIT	55.00			-2	oui	50	GRAMS
Mitaine seule	mitaine-seule	47472422748379	XL / Gauche		55.00			0	oui	50	GRAMS
Mitaine seule	mitaine-seule	47472422781147	XL / Droit		55.00			0	oui	50	GRAMS
Mitaines (Pré-vente Décembre 2021)	mittens-mitaines-preorder-2021	40257455816866	XS	MIT21-XS-BK	99.00			0	oui	0.15	KILOGRAMS
Mitaines (Pré-vente Décembre 2021)	mittens-mitaines-preorder-2021	40257455849634	S	MIT21-S-BK	99.00			0	oui	0.15	KILOGRAMS
Mitaines (Pré-vente Décembre 2021)	mittens-mitaines-preorder-2021	40257455882402	M	MIT21-M-BK	99.00			0	oui	0.15	KILOGRAMS
Mitaines (Pré-vente Décembre 2021)	mittens-mitaines-preorder-2021	40257455915170	L	MIT21-L-BK	99.00			0	oui	0.15	KILOGRAMS
Mitaines (Pré-vente Janvier 2022)	mittens-preorder-2022	41049868697762	XS	MIT21-XS-BK-JANV	99.00			0	oui	0.15	KILOGRAMS
Mitaines (Pré-vente Janvier 2022)	mittens-preorder-2022	41049868730530	S	MIT21-S-BK-JANV	99.00			0	oui	0.15	KILOGRAMS
Mitaines (Pré-vente Janvier 2022)	mittens-preorder-2022	41049868763298	M	MIT21-M-BK-JANV	99.00			0	oui	0.15	KILOGRAMS
Mitaines (Pré-vente Janvier 2022)	mittens-preorder-2022	41049868796066	L	MIT21-L-BK-JANV	99.00			0	oui	0.15	KILOGRAMS
Mitaines (Pré-vente janvier/février 2021)	mitaines-prevente-janvier-fevrier-2021	37167713714338	XS	MIT20-XS-BK	85.99			0	oui	0.15	KILOGRAMS
Mitaines (Pré-vente janvier/février 2021)	mitaines-prevente-janvier-fevrier-2021	37167713747106	S	MIT20-S-BK	85.99			0	oui	0.15	KILOGRAMS
Mitaines (Pré-vente janvier/février 2021)	mitaines-prevente-janvier-fevrier-2021	37167713779874	M	MIT20-M-BK	85.99			0	oui	0.15	KILOGRAMS
Mitaines (Pré-vente janvier/février 2021)	mitaines-prevente-janvier-fevrier-2021	37167713812642	L	MIT20-L-BK	85.99			0	oui	0.15	KILOGRAMS
Mitaines (Vente avant Noël)	mitaines-prevente-noel-2020	36730454376610	XS	LASCLAY-MIT-V1-XSMALL-BLK-20JCC	65.99	85.99		0	oui	0.15	KILOGRAMS
Mitaines (Vente avant Noël)	mitaines-prevente-noel-2020	36415014633634	S	LASCLAY-MIT-V1-SMALL-BLK-20JCC	65.99	85.99		0	oui	0.15	KILOGRAMS
Mitaines (Vente avant Noël)	mitaines-prevente-noel-2020	36415014666402	M	LASCLAY-MIT-V1-MEDIUM-BLK-20JCC	65.99	85.99		0	oui	0.15	KILOGRAMS
Mitaines (Vente avant Noël)	mitaines-prevente-noel-2020	36415014699170	L	LASCLAY-MIT-V1-LARGE-BLK-20JCC	65.99	85.99		0	oui	0.15	KILOGRAMS
Mitaines (Vente fin de saison 2022)	mitts-sale-2022	42443116380379	XS	MIT21-XS-BK	99.00			0	oui	0.15	KILOGRAMS
Mitaines (Vente fin de saison 2022)	mitts-sale-2022	42443116413147	S	MIT21-S-BK	99.00			0	oui	0.15	KILOGRAMS
Mitaines (Vente fin de saison 2022)	mitts-sale-2022	42443116445915	M	MIT21-M-BK	99.00			0	oui	0.15	KILOGRAMS
Mitaines (Vente fin de saison 2022)	mitts-sale-2022	42443116478683	L	MIT21-L-BK	99.00			0	oui	0.15	KILOGRAMS
Mitaines (Vente fin de saison Hiver 2021)	mitaines-vente-fin-de-saison-2021	39722388652194	XS	MIT20-XS-BK	85.99			0	oui	0.15	KILOGRAMS
Mitaines (Vente fin de saison Hiver 2021)	mitaines-vente-fin-de-saison-2021	39722388684962	S	MIT20-S-BK	85.99			0	oui	0.15	KILOGRAMS
Mitaines (Vente fin de saison Hiver 2021)	mitaines-vente-fin-de-saison-2021	39722388717730	M	MIT20-M-BK	85.99			0	oui	0.15	KILOGRAMS
Mitaines (Vente fin de saison Hiver 2021)	mitaines-vente-fin-de-saison-2021	39722388750498	L	MIT20-L-BK	85.99			0	oui	0.15	KILOGRAMS
Mitaines d'hiver en laine et asclépiade (100% naturelles)	mitaines-hiver-laine-asclepiade-naturelles	48811186847963	XS		89.99	114.99	39.51	-1	oui	175	GRAMS
Mitaines d'hiver en laine et asclépiade (100% naturelles)	mitaines-hiver-laine-asclepiade-naturelles	48811186880731	S		89.99	114.99	39.51	-3	oui	175	GRAMS
Mitaines d'hiver en laine et asclépiade (100% naturelles)	mitaines-hiver-laine-asclepiade-naturelles	48811186913499	M		89.99	114.99	39.51	-9	oui	175	GRAMS
Mitaines d'hiver en laine et asclépiade (100% naturelles)	mitaines-hiver-laine-asclepiade-naturelles	48811186946267	L		89.99	114.99	39.51	-1	oui	175	GRAMS
Mitaines d'hiver en laine et asclépiade (100% naturelles)	mitaines-hiver-laine-asclepiade-naturelles	48811186979035	XL		89.99	114.99	39.51	-2	oui	175	GRAMS
Mitaines de cuisine en asclépiade	milkweed-oven-mitts	44807912063195	Default Title		29.99		17.15	0	oui	195	GRAMS
Mitaines hivernales en asclépiade, laine et cuir de mouton (100% naturelles)	mitaines-hiver-asclepiade-laine-cuir-naturel	48801857863899	XS		129.99	114.99	39.51	-3	oui	175	GRAMS
Mitaines hivernales en asclépiade, laine et cuir de mouton (100% naturelles)	mitaines-hiver-asclepiade-laine-cuir-naturel	48801857896667	S		129.99	114.99	39.51	-21	oui	175	GRAMS
Mitaines hivernales en asclépiade, laine et cuir de mouton (100% naturelles)	mitaines-hiver-asclepiade-laine-cuir-naturel	48801857929435	M		129.99	114.99	39.51	-27	oui	175	GRAMS
Mitaines hivernales en asclépiade, laine et cuir de mouton (100% naturelles)	mitaines-hiver-asclepiade-laine-cuir-naturel	48801857962203	L		129.99	114.99	39.51	-16	oui	175	GRAMS
Mitaines hivernales en asclépiade, laine et cuir de mouton (100% naturelles)	mitaines-hiver-asclepiade-laine-cuir-naturel	48801857994971	XL		129.99	114.99	39.51	-10	oui	175	GRAMS
Mitaines plein air isolées à l'asclépiade	mittens	44083923615963	XS	MIT22-XS-BK	99.99	114.99	39.51	65	oui	175	GRAMS
Mitaines plein air isolées à l'asclépiade	mittens	44083923648731	S	MIT22-S-BK	99.99	114.99	39.51	491	oui	175	GRAMS
Mitaines plein air isolées à l'asclépiade	mittens	44083923681499	M	MIT22-M-BK	99.99	114.99	39.51	171	oui	175	GRAMS
Mitaines plein air isolées à l'asclépiade	mittens	44083923714267	L	MIT22-L-BK	99.99	114.99	39.51	198	oui	175	GRAMS
Mitaines plein air isolées à l'asclépiade	mittens	44083923747035	XL	MIT22-XL-BK	99.99	114.99	39.51	62	oui	175	GRAMS
Mitaines pour bébé en asclépiade et laine	mitaines-bebe-asclepiade	47472863281371	0-24 mois		49.99		23.83	-6	oui	35	GRAMS
Mitaines urbaines isolées en asclépiade	mitaines-ville-asclepiade	47449402835163	Noir / XS		59.99		22.61	16	oui	105	GRAMS
Mitaines urbaines isolées en asclépiade	mitaines-ville-asclepiade	47449402867931	Noir / S		59.99		22.61	-3	oui	105	GRAMS
Mitaines urbaines isolées en asclépiade	mitaines-ville-asclepiade	47449402900699	Noir / M		59.99		22.61	-8	oui	105	GRAMS
Mitaines urbaines isolées en asclépiade	mitaines-ville-asclepiade	47449402933467	Noir / L		59.99		22.61	10	oui	105	GRAMS
Mitaines urbaines isolées en asclépiade	mitaines-ville-asclepiade	47449402966235	Noir / XL		59.99		22.61	16	oui	105	GRAMS
Mitaines urbaines isolées en asclépiade	mitaines-ville-asclepiade	47471911600347	Gris foncé / XS		59.99		22.61	21	oui	105	GRAMS
Mitaines urbaines isolées en asclépiade	mitaines-ville-asclepiade	47471911731419	Gris foncé / S		59.99		22.61	-3	oui	105	GRAMS
Mitaines urbaines isolées en asclépiade	mitaines-ville-asclepiade	47471911862491	Gris foncé / M		59.99		22.61	-6	oui	105	GRAMS
Mitaines urbaines isolées en asclépiade	mitaines-ville-asclepiade	47471911993563	Gris foncé / L		59.99		22.61	12	oui	105	GRAMS
Mitaines urbaines isolées en asclépiade	mitaines-ville-asclepiade	47471912124635	Gris foncé / XL		59.99		22.61	25	oui	105	GRAMS
Mitaines urbaines isolées en asclépiade	mitaines-ville-asclepiade	47471911567579	Rouge / XS		59.99		22.61	25	oui	105	GRAMS
Mitaines urbaines isolées en asclépiade	mitaines-ville-asclepiade	47471911698651	Rouge / S		59.99		22.61	6	oui	105	GRAMS
Mitaines urbaines isolées en asclépiade	mitaines-ville-asclepiade	47471911829723	Rouge / M		59.99		22.61	-4	oui	105	GRAMS
Mitaines urbaines isolées en asclépiade	mitaines-ville-asclepiade	47471911960795	Rouge / L		59.99		22.61	4	oui	105	GRAMS
Mitaines urbaines isolées en asclépiade	mitaines-ville-asclepiade	47471912091867	Rouge / XL		59.99		22.61	6	oui	105	GRAMS
Mitaines urbaines isolées en asclépiade	mitaines-ville-asclepiade	48965227348187	Violet / XS		59.99		22.61	0	oui	105	GRAMS
Mitaines urbaines isolées en asclépiade	mitaines-ville-asclepiade	48965227380955	Violet / S		59.99		22.61	0	oui	105	GRAMS
Mitaines urbaines isolées en asclépiade	mitaines-ville-asclepiade	48965227413723	Violet / M		59.99		22.61	0	oui	105	GRAMS
Mitaines urbaines isolées en asclépiade	mitaines-ville-asclepiade	48965227446491	Violet / L		59.99		22.61	0	oui	105	GRAMS
Mitaines urbaines isolées en asclépiade	mitaines-ville-asclepiade	48965227479259	Violet / XL		59.99		22.61	0	oui	105	GRAMS
Mitaines urbaines isolées en asclépiade - Ancienne version	mitaines-urbaines-isolees-en-asclepiade-ancienne-version	48980069744859	Noir / XS		59.99		22.61	25	oui	105	GRAMS
Mitaines urbaines isolées en asclépiade - Ancienne version	mitaines-urbaines-isolees-en-asclepiade-ancienne-version	48980069777627	Noir / S		59.99		22.61	7	oui	105	GRAMS
Mitaines urbaines isolées en asclépiade - Ancienne version	mitaines-urbaines-isolees-en-asclepiade-ancienne-version	48980069810395	Noir / M		59.99		22.61	0	oui	105	GRAMS
Mitaines urbaines isolées en asclépiade - Ancienne version	mitaines-urbaines-isolees-en-asclepiade-ancienne-version	48980069843163	Noir / L		59.99		22.61	20	oui	105	GRAMS
Mitaines urbaines isolées en asclépiade - Ancienne version	mitaines-urbaines-isolees-en-asclepiade-ancienne-version	48980069875931	Noir / XL		59.99		22.61	8	oui	105	GRAMS
Mitaines urbaines isolées en asclépiade - Ancienne version	mitaines-urbaines-isolees-en-asclepiade-ancienne-version	48980069908699	Gris foncé / XS		59.99		22.61	24	oui	105	GRAMS
Mitaines urbaines isolées en asclépiade - Ancienne version	mitaines-urbaines-isolees-en-asclepiade-ancienne-version	48980069941467	Gris foncé / S		59.99		22.61	-1	oui	105	GRAMS
Mitaines urbaines isolées en asclépiade - Ancienne version	mitaines-urbaines-isolees-en-asclepiade-ancienne-version	48980069974235	Gris foncé / M		59.99		22.61	0	oui	105	GRAMS
Mitaines urbaines isolées en asclépiade - Ancienne version	mitaines-urbaines-isolees-en-asclepiade-ancienne-version	48980070007003	Gris foncé / L		59.99		22.61	11	oui	105	GRAMS
Mitaines urbaines isolées en asclépiade - Ancienne version	mitaines-urbaines-isolees-en-asclepiade-ancienne-version	48980070039771	Gris foncé / XL		59.99		22.61	33	oui	105	GRAMS
Mitaines urbaines isolées en asclépiade - Ancienne version	mitaines-urbaines-isolees-en-asclepiade-ancienne-version	48980070072539	Rouge / XS		59.99		22.61	22	oui	105	GRAMS
Mitaines urbaines isolées en asclépiade - Ancienne version	mitaines-urbaines-isolees-en-asclepiade-ancienne-version	48980070105307	Rouge / S		59.99		22.61	6	oui	105	GRAMS
Mitaines urbaines isolées en asclépiade - Ancienne version	mitaines-urbaines-isolees-en-asclepiade-ancienne-version	48980070138075	Rouge / M		59.99		22.61	-1	oui	105	GRAMS
Mitaines urbaines isolées en asclépiade - Ancienne version	mitaines-urbaines-isolees-en-asclepiade-ancienne-version	48980070170843	Rouge / L		59.99		22.61	0	oui	105	GRAMS
Mitaines urbaines isolées en asclépiade - Ancienne version	mitaines-urbaines-isolees-en-asclepiade-ancienne-version	48980070203611	Rouge / XL		59.99		22.61	6	oui	105	GRAMS
Mitaines urbaines isolées en asclépiade - Ancienne version	mitaines-urbaines-isolees-en-asclepiade-ancienne-version	48980100743387	Violet et gris pâle / XS		59.99		22.61	10	oui	105	GRAMS
Mitaines urbaines isolées en asclépiade - Ancienne version	mitaines-urbaines-isolees-en-asclepiade-ancienne-version	48980100776155	Violet et gris pâle / S		59.99		22.61	12	oui	105	GRAMS
Mitaines urbaines isolées en asclépiade - Ancienne version	mitaines-urbaines-isolees-en-asclepiade-ancienne-version	48980100808923	Violet et gris pâle / M		59.99		22.61	22	oui	105	GRAMS
Mitaines urbaines isolées en asclépiade - Ancienne version	mitaines-urbaines-isolees-en-asclepiade-ancienne-version	48980100841691	Violet et gris pâle / L		59.99		22.61	4	oui	105	GRAMS
Mitaines urbaines isolées en asclépiade - Ancienne version	mitaines-urbaines-isolees-en-asclepiade-ancienne-version	48980100874459	Violet et gris pâle / XL		59.99		22.61	7	oui	105	GRAMS
Mitaines urbaines isolées en asclépiade - Ancienne version	mitaines-urbaines-isolees-en-asclepiade-ancienne-version	48980100907227	Rouge et gris pâle / XS		59.99		22.61	11	oui	105	GRAMS
Mitaines urbaines isolées en asclépiade - Ancienne version	mitaines-urbaines-isolees-en-asclepiade-ancienne-version	48980100939995	Rouge et gris pâle / S		59.99		22.61	21	oui	105	GRAMS
Mitaines urbaines isolées en asclépiade - Ancienne version	mitaines-urbaines-isolees-en-asclepiade-ancienne-version	48980100972763	Rouge et gris pâle / M		59.99		22.61	29	oui	105	GRAMS
Mitaines urbaines isolées en asclépiade - Ancienne version	mitaines-urbaines-isolees-en-asclepiade-ancienne-version	48980101005531	Rouge et gris pâle / L		59.99		22.61	11	oui	105	GRAMS
Mitaines urbaines isolées en asclépiade - Ancienne version	mitaines-urbaines-isolees-en-asclepiade-ancienne-version	48980101038299	Rouge et gris pâle / XL		59.99		22.61	4	oui	105	GRAMS
Nettoyant visage d'huile d'asclépiade - par Monarch Botanika	nettoyant-visage-huile-asclepiade	45731705127131	Default Title		29.99	29.99	17.57	-17	oui	150	GRAMS
Oreiller d'asclépiade hypoallergène	oreiller-asclepiade-hypoallergene	48801850327259	Standard — 20" x 26"		119.99		17.15	-88	oui	195	GRAMS
Oreiller d'asclépiade hypoallergène	oreiller-asclepiade-hypoallergene	48801850360027	Très grand — 20" x 36"		149.99		17.15	-9	oui	195	GRAMS
Oreiller de camping rembourré à la soie d'asclépiade	oreiller-camping-asclepiade-quebecois	48801809465563	Default Title		49.99	39.99	12.34	-36	oui	100	GRAMS
Pantoufles d'asclépiade IMPARFAIT	pantoufles-dasclepiade	46021651759323	S (8-9 femme)	SLIPPERS-24-S-BK	35.99	59.99	27.65	-6	oui	100	GRAMS
Papillon monarque - Illustration 10x8	danaus-01-print-10x8	42527852822747	10" x 8" / Standard	5154254||10x8|digital-print|none	9.00	19.00		59	oui	5	GRAMS
Papillon monarque - Illustration 10x8	danaus-01-print-10x8	42665223094491	10" x 8" / Supérieure	5154254||fine-art|10x8|none	29.00			-42	non	4.59	GRAMS
Pendentif Aile de monarque	pendentif-aile-de-monarque	46021613256923	16''	NECKLACE-MONARCH-24-16IN	119.99		52.5	2	oui	10	GRAMS
Pendentif Aile de monarque	pendentif-aile-de-monarque	46021613289691	18''	NECKLACE-MONARCH-24-18IN	119.99		52.5	-2	oui	10	GRAMS
Pendentif Asclepias	pendentif-asclepias	46021603328219	Oxydé et poli (foncé) / 16''	NECKLACE-ASCLEPIAS-24-BK-16IN	69.99		29.0	0	oui	10	GRAMS
Pendentif Asclepias	pendentif-asclepias	46021610045659	Oxydé et poli (foncé) / 18''	NECKLACE-ASCLEPIAS-24-BK-18IN	69.99		29.0	1	oui	10	GRAMS
Pendentif Asclepias	pendentif-asclepias	46021603360987	Argenté (pâle) / 16''	NECKLACE-ASCLEPIAS-24-SILVER-16IN	69.99		29.0	2	oui	10	GRAMS
Pendentif Asclepias	pendentif-asclepias	46021610078427	Argenté (pâle) / 18''	NECKLACE-ASCLEPIAS-24-SILVER-18IN	69.99		29.0	1	oui	10	GRAMS
Pince à mitaines	pince-a-mitaines	37169632903330	Default Title	PIN20-ACC-PLAWOOD	4.99		0.86	0	oui	0	KILOGRAMS
Pince à mitaines (Extra)	pince-a-mitaines-1	40904851521698	Default Title	LAS-PINCE-2021	3.99			629	oui	2	GRAMS
Plantules d'asclépiade	plant-asclepiade	46631547535579	1 / Asclépiade incarnate		6.75	8.99	1.0	-10	oui	80	GRAMS
Plantules d'asclépiade	plant-asclepiade	46631547470043	1 / Asclépiade tubéreuse		6.75	8.99	1.0	-18	oui	80	GRAMS
Plantules d'asclépiade	plant-asclepiade	46631547568347	1 / Asclépiade commune		6.75	8.99	1.0	-8	oui	80	GRAMS
Plantules d'asclépiade	plant-asclepiade	46631547699419	5 / Asclépiade incarnate		27.99	29.99	5.0	-3	oui	80	GRAMS
Plantules d'asclépiade	plant-asclepiade	46631547633883	5 / Asclépiade tubéreuse		27.99	29.99	5.0	-8	oui	80	GRAMS
Plantules d'asclépiade	plant-asclepiade	46631547732187	5 / Asclépiade commune		27.99	29.99	5.0	-4	oui	80	GRAMS
Plantules d'asclépiade	plant-asclepiade	46631547863259	10 / Asclépiade incarnate		49.99	59.99	10.0	-2	oui	80	GRAMS
Plantules d'asclépiade	plant-asclepiade	46631547797723	10 / Asclépiade tubéreuse		49.99	59.99	10.0	-3	oui	80	GRAMS
Plantules d'asclépiade	plant-asclepiade	46631547896027	10 / Asclépiade commune		49.99	59.99	10.0	-1	oui	80	GRAMS
Plantules d'asclépiade	plant-asclepiade	46631548027099	20 / Asclépiade incarnate		69.99	79.99	20.0	0	oui	80	GRAMS
Plantules d'asclépiade	plant-asclepiade	46631547961563	20 / Asclépiade tubéreuse		69.99	79.99	20.0	-3	oui	80	GRAMS
Plantules d'asclépiade	plant-asclepiade	46631548059867	20 / Asclépiade commune		69.99	79.99	20.0	0	oui	80	GRAMS
Poignées de four	milkweed-pot-holders	44856550621403	Default Title	MANIQUES-24-BK	19.99		2.82	0	oui	70	GRAMS
Porte-clé en bois Asclépiade et Monarque - gravé au laser	porte-cle-bois-asclepiade-monarque	47880777466075	Soie d'asclépiade		12.99			2	oui	1	GRAMS
Porte-clé en bois Asclépiade et Monarque - gravé au laser	porte-cle-bois-asclepiade-monarque	47880777498843	Monarque		12.99			11	oui	1	GRAMS
Sac à bouteille de vin isolé à l'asclépiade	sac-bouteille-vin	46751519768795	Noir		29.99	34.99	17.13	64	oui	100	GRAMS
Sac à bouteille de vin isolé à l'asclépiade	sac-bouteille-vin	46751519834331	Jaune		29.99	34.99	17.13	16	oui	100	GRAMS
Sac à bouteille de vin isolé à l'asclépiade	sac-bouteille-vin	46751519801563	Vert		29.99	34.99	17.13	2	oui	100	GRAMS
Sac à bouteille de vin isolé à l'asclépiade	sac-bouteille-vin	46751519867099	Rouge		29.99	34.99	17.13	3	oui	100	GRAMS
Sac à bouteille de vin isolé à l'asclépiade	sac-bouteille-vin	46751519899867	Cassonade		29.99	34.99	17.13	13	oui	100	GRAMS
Sac à bouteille de vin isolé à l'asclépiade	sac-bouteille-vin	46751519932635	Rose		29.99	34.99	17.13	0	oui	100	GRAMS
Sac à dos glacière 30L	milkweed-cooler-backpack-30l	46753366868187	Vert	BACKPACK23-30L-GRN-1	89.99	99.99	45.76	-6	oui	1050	GRAMS
Sac à dos glacière 30L	milkweed-cooler-backpack-30l	46753366900955	Noir.	BACKPACK23-30L-BK	89.99	99.99	45.76	0	oui	1050	GRAMS
Sac à dos glacière 30L - IMPARFAIT Remis à neuf	sac-a-dos-glaciere-30l-imparfait	48224594428123	Noir	BACKPACK23-30L-GRN-IMP-1	74.99	89.99	45.76	0	oui	800	GRAMS
Sac à dos glacière 30L - IMPARFAIT Remis à neuf	sac-a-dos-glaciere-30l-imparfait	48224594460891	Vert	BACKPACK23-30L-GRN-IMP-2	74.99	89.99	45.76	0	oui	800	GRAMS
Sac à lunch	lunchbag	44231067795675	Jaune ambré	LUNCHB-23-YL	59.99	59.99	22.61	5	oui	460	GRAMS
Sac à lunch	lunchbag	46745793069275	Rouge fraise	LUNCHB-23-RD	59.99	59.99	22.61	0	oui	460	GRAMS
Sac à lunch	lunchbag	45724860219611	Vert forêt (précommande)	LUNCHB-23-GN	59.99	59.99	22.61	-5	oui	460	GRAMS
Sac à lunch	lunchbag	44231067762907	Noir	LUNCHB-23-BK	59.99	59.99	22.61	0	oui	460	GRAMS
Sac à lunch	lunchbag	45850106265819	Cassonade	LUNCHB-23-BE	59.99	59.99	22.61	4	oui	460	GRAMS
Sac à lunch	lunchbag	45850110427355	Rose pastel	LUNCHB-23-PK	59.99	59.99	22.61	30	oui	460	GRAMS
Sac à lunch IMPARFAIT	sac-a-lunch-imparfait	46435856482523	Default Title	LUNCHB-23-IMP	44.99	54.99	22.61	0	oui	460	GRAMS
Sac de couchage / couverture de plein air d'asclépiade	sac-couchage-isole-fibre-asclepiade-canadien	48804278665435	150 g / m2 (0 à 15°C)		139.99	39.99	12.34	-33	oui	45	GRAMS
Sac de couchage / couverture de plein air d'asclépiade	sac-couchage-isole-fibre-asclepiade-canadien	48804278698203	250 g / m2 (0 à -18°C)		179.99	39.99	12.34	-11	oui	45	GRAMS
Sac isotherme type «Tote bag»	insulated-tote-bag	44123457454299	Jaune ambré	TOTE23-YEL	49.99	49.99	24.35	0	oui	300	GRAMS
Sac isotherme type «Tote bag»	insulated-tote-bag	46271756206299	Noir	TOTE23-BK	49.99	49.99	24.35	5	oui	300	GRAMS
Sac isotherme type «Tote bag»	insulated-tote-bag	46271756239067	Rouge fraise	TOTE23-RD	49.99	49.99	24.35	0	oui	300	GRAMS
Sac isotherme type «Tote bag»	insulated-tote-bag	46271756271835	Cassonade	TOTE23-BE	49.99	49.99	24.35	5	oui	300	GRAMS
Sac isotherme type «Tote bag»	insulated-tote-bag	46271756304603	Rose pastel	TOTE23-PK	49.99	49.99	24.35	8	oui	300	GRAMS
Sac isotherme type «Tote bag»	insulated-tote-bag	44123457421531	Vert forêt	TOTE23-GRN	49.99	49.99	24.35	0	oui	300	GRAMS
Sac isotherme type «Tote bag» IMPARFAIT	sac-isotherme-type-tote-bag-imparfait	47910236192987	Jaune ambré	TOTE23-YEL	39.99		24.35	-2	oui	300	GRAMS
Sac isotherme type «Tote bag» IMPARFAIT	sac-isotherme-type-tote-bag-imparfait	47910236225755	Vert forêt	TOTE23-GRN	39.99		24.35	0	oui	300	GRAMS
Sans titre 17déc._12:03	sans-titre-17dec-_12-03	46356146651355	Default Title		0.00			0	oui	0	GRAMS
Sans titre 24mai_18:33	sans-titre-24mai_18-33	46822964035803	Default Title		0.00			0	oui	0	GRAMS
Savon hydratant à la glycérine et huile d'asclépiade	savon	48948666007771	75g		9.99	49.99	10.0	12	oui	75	GRAMS
Semelles intérieures	semelles-interieures-isolantes-copy	47673753436379	6 femme	INSOLES-23-6F	20.99		5.45	0	oui	25	GRAMS
Semelles intérieures	semelles-interieures-isolantes-copy	47673753469147	7 femme	INSOLES-23-7F	20.99		5.45	0	oui	25	GRAMS
Semelles intérieures	semelles-interieures-isolantes-copy	47673753501915	8 femme - 6 homme	INSOLES-23-8F-6M	20.99		5.45	0	oui	25	GRAMS
Semelles intérieures	semelles-interieures-isolantes-copy	47673753534683	9 femme - 7 homme	INSOLES-23-9F-7M	20.99		5.69	0	oui	25	GRAMS
Semelles intérieures	semelles-interieures-isolantes-copy	47673753567451	10 femme - 8 homme	INSOLES-23-10F-8M	20.99		5.69	0	oui	25	GRAMS
Semelles intérieures	semelles-interieures-isolantes-copy	47673753600219	11 femme - 9 homme	INSOLES-23-11F-9M	20.99		5.69	0	oui	25	GRAMS
Semelles intérieures	semelles-interieures-isolantes-copy	47673753632987	12 femme - 10 homme	INSOLES-23-12F-10M	20.99		5.69	0	oui	25	GRAMS
Semelles intérieures	semelles-interieures-isolantes-copy	47673753665755	11 homme	INSOLES-23-11M	20.99		5.69	0	oui	25	GRAMS
Semelles intérieures	semelles-interieures-isolantes-copy	47673753698523	12 homme	INSOLES-23-12M	20.99		5.69	0	oui	25	GRAMS
Semelles intérieures isolantes en asclépiade	thermal-insoles	48822015033563	5 femme		21.99	20.99	5.45	-7	oui	25	GRAMS
Semelles intérieures isolantes en asclépiade	thermal-insoles	44237624803547	6 femme	INSOLES-23-6F	21.99	20.99	5.45	3	oui	25	GRAMS
Semelles intérieures isolantes en asclépiade	thermal-insoles	44237624836315	7 femme	INSOLES-23-7F	21.99	20.99	5.45	5	oui	25	GRAMS
Semelles intérieures isolantes en asclépiade	thermal-insoles	44237624869083	8 femme - 6 homme	INSOLES-23-8F-6M	21.99	20.99	5.45	-22	oui	25	GRAMS
Semelles intérieures isolantes en asclépiade	thermal-insoles	44237624901851	9 femme - 7 homme	INSOLES-23-9F-7M	21.99	20.99	5.69	-31	oui	25	GRAMS
Semelles intérieures isolantes en asclépiade	thermal-insoles	44237624934619	10 femme - 8 homme	INSOLES-23-10F-8M	21.99	20.99	5.69	-30	oui	25	GRAMS
Semelles intérieures isolantes en asclépiade	thermal-insoles	44237624967387	11 femme - 9 homme	INSOLES-23-11F-9M	21.99	20.99	5.69	-13	oui	25	GRAMS
Semelles intérieures isolantes en asclépiade	thermal-insoles	44237625000155	12 femme - 10 homme	INSOLES-23-12F-10M	21.99	20.99	5.69	7	oui	25	GRAMS
Semelles intérieures isolantes en asclépiade	thermal-insoles	44237625032923	11 homme	INSOLES-23-11M	21.99	20.99	5.69	-5	oui	25	GRAMS
Semelles intérieures isolantes en asclépiade	thermal-insoles	44237625065691	12 homme	INSOLES-23-12M	21.99	20.99	5.69	9	oui	25	GRAMS
Semelles intérieures isolantes en asclépiade	thermal-insoles	48822015066331	13 homme		21.99	20.99	5.45	-2	oui	25	GRAMS
Semelles intérieures isolantes en asclépiade	thermal-insoles	48822015819995	14 homme		21.99	20.99	5.45	0	oui	25	GRAMS
Semelles intérieures isolantes en asclépiade - ancienne version	semelles-interieures-isolantes-en-asclepiade-imparfait	47910129991899	6 femme		15.99	20.99	5.69	0	oui	25	GRAMS
Semelles intérieures isolantes en asclépiade - ancienne version	semelles-interieures-isolantes-en-asclepiade-imparfait	47910130024667	7 femme		15.99	20.99	5.69	0	oui	25	GRAMS
Semelles intérieures isolantes en asclépiade - ancienne version	semelles-interieures-isolantes-en-asclepiade-imparfait	47910130057435	8 femme - 6 homme		15.99	20.99	5.69	0	oui	25	GRAMS
Semelles intérieures isolantes en asclépiade - ancienne version	semelles-interieures-isolantes-en-asclepiade-imparfait	47910099189979	9 femme - 7 homme	INSOLES-23-9F-7M	15.99	20.99	5.69	0	oui	25	GRAMS
Semelles intérieures isolantes en asclépiade - ancienne version	semelles-interieures-isolantes-en-asclepiade-imparfait	47910099222747	10 femme - 8 homme	INSOLES-23-10F-8M	15.99	20.99	5.69	-1	oui	25	GRAMS
Semelles intérieures isolantes en asclépiade - ancienne version	semelles-interieures-isolantes-en-asclepiade-imparfait	47910099255515	11 femme - 9 homme	INSOLES-23-11F-9M	15.99	20.99	5.69	0	oui	25	GRAMS
Semelles intérieures isolantes en asclépiade - ancienne version	semelles-interieures-isolantes-en-asclepiade-imparfait	47910099288283	12 femme - 10 homme	INSOLES-23-12F-10M	15.99	20.99	5.69	0	oui	25	GRAMS
Semelles intérieures isolantes en asclépiade - ancienne version	semelles-interieures-isolantes-en-asclepiade-imparfait	47910099321051	11 homme	INSOLES-23-11M	15.99	20.99	5.69	0	oui	25	GRAMS
Semelles intérieures isolantes en asclépiade - ancienne version	semelles-interieures-isolantes-en-asclepiade-imparfait	47910099353819	12 homme	INSOLES-23-12M	15.99	20.99	5.69	27	oui	25	GRAMS
Semences d’asclépiade stratifiées à froid  - prêtes à semer	graines-semences-asclepiade-stratifiees-froid	48320836796635	1 sachet / Tuberosa		9.99	19.99	1.1	673	oui	14	GRAMS
Semences d’asclépiade stratifiées à froid  - prêtes à semer	graines-semences-asclepiade-stratifiees-froid	48320836632795	1 sachet / Syriaca		9.99	19.99	1.1	127	oui	14	GRAMS
Semences d’asclépiade stratifiées à froid  - prêtes à semer	graines-semences-asclepiade-stratifiees-froid	48320807305435	1 sachet / Incarnata	SDBMB-MW-INC	9.99	19.99	1.5	123	oui	14	GRAMS
Semences d’asclépiade stratifiées à froid  - prêtes à semer	graines-semences-asclepiade-stratifiees-froid	48320836600027	1 sachet / Exaltata (rare)		9.99	19.99	1.1	52	oui	14	GRAMS
Semences d’asclépiade stratifiées à froid  - prêtes à semer	graines-semences-asclepiade-stratifiees-froid	48320836567259	1 sachet / Speciosa		9.99	19.99	1.1	18	oui	14	GRAMS
Semences d’asclépiade stratifiées à froid  - prêtes à semer	graines-semences-asclepiade-stratifiees-froid	48320836665563	1 sachet / Verticillata		9.99	19.99	1.1	39	oui	14	GRAMS
Semences d’asclépiade stratifiées à froid  - prêtes à semer	graines-semences-asclepiade-stratifiees-froid	48320836731099	1 sachet / Fascicularis		9.99	19.99	1.1	467	oui	14	GRAMS
Semences d’asclépiade stratifiées à froid  - prêtes à semer	graines-semences-asclepiade-stratifiees-froid	48320836763867	1 sachet / Sullivantii		9.99	19.99	1.1	432	oui	14	GRAMS
Semences d’asclépiade stratifiées à froid  - prêtes à semer	graines-semences-asclepiade-stratifiees-froid	48361429663963	1 sachet / Viridis		9.99	19.99	1.1	18	oui	14	GRAMS
Semences d’asclépiade stratifiées à froid  - prêtes à semer	graines-semences-asclepiade-stratifiees-froid	48325265785051	5 sachets / Tuberosa		29.99	49.99	5.5	167	oui	80	GRAMS
Semences d’asclépiade stratifiées à froid  - prêtes à semer	graines-semences-asclepiade-stratifiees-froid	48325265621211	5 sachets / Syriaca		29.99	49.99	5.5	33	oui	80	GRAMS
Semences d’asclépiade stratifiées à froid  - prêtes à semer	graines-semences-asclepiade-stratifiees-froid	48325265522907	5 sachets / Incarnata		29.99	49.99	5.5	73	oui	80	GRAMS
Semences d’asclépiade stratifiées à froid  - prêtes à semer	graines-semences-asclepiade-stratifiees-froid	48325265588443	5 sachets / Exaltata (rare)		29.99	49.99	5.5	81	oui	80	GRAMS
Semences d’asclépiade stratifiées à froid  - prêtes à semer	graines-semences-asclepiade-stratifiees-froid	48325265555675	5 sachets / Speciosa		29.99	49.99	5.5	33	oui	80	GRAMS
Semences d’asclépiade stratifiées à froid  - prêtes à semer	graines-semences-asclepiade-stratifiees-froid	48325265653979	5 sachets / Verticillata		29.99	49.99	5.5	33	oui	80	GRAMS
Semences d’asclépiade stratifiées à froid  - prêtes à semer	graines-semences-asclepiade-stratifiees-froid	48325265719515	5 sachets / Fascicularis		29.99	49.99	5.5	57	oui	80	GRAMS
Semences d’asclépiade stratifiées à froid  - prêtes à semer	graines-semences-asclepiade-stratifiees-froid	48325265752283	5 sachets / Sullivantii		29.99	49.99	5.5	45	oui	80	GRAMS
Semences d’asclépiade stratifiées à froid  - prêtes à semer	graines-semences-asclepiade-stratifiees-froid	48361429696731	5 sachets / Viridis		29.99	49.99	1.1	13	oui	80	GRAMS
Semences d’asclépiade stratifiées à froid  - prêtes à semer	graines-semences-asclepiade-stratifiees-froid	48325266079963	10 sachets / Tuberosa		59.99	99.99	11.0	131	oui	80	GRAMS
Semences d’asclépiade stratifiées à froid  - prêtes à semer	graines-semences-asclepiade-stratifiees-froid	48325265916123	10 sachets / Syriaca		59.99	99.99	11.0	35	oui	80	GRAMS
Semences d’asclépiade stratifiées à froid  - prêtes à semer	graines-semences-asclepiade-stratifiees-froid	48325265817819	10 sachets / Incarnata		59.99	99.99	11.0	35	oui	80	GRAMS
Semences d’asclépiade stratifiées à froid  - prêtes à semer	graines-semences-asclepiade-stratifiees-froid	48325265883355	10 sachets / Exaltata (rare)		59.99	99.99	11.0	14	oui	80	GRAMS
Semences d’asclépiade stratifiées à froid  - prêtes à semer	graines-semences-asclepiade-stratifiees-froid	48325265850587	10 sachets / Speciosa		59.99	99.99	11.0	12	oui	80	GRAMS
Semences d’asclépiade stratifiées à froid  - prêtes à semer	graines-semences-asclepiade-stratifiees-froid	48325265948891	10 sachets / Verticillata		59.99	99.99	11.0	24	oui	80	GRAMS
Semences d’asclépiade stratifiées à froid  - prêtes à semer	graines-semences-asclepiade-stratifiees-froid	48325266014427	10 sachets / Fascicularis		59.99	99.99	11.0	50	oui	80	GRAMS
Semences d’asclépiade stratifiées à froid  - prêtes à semer	graines-semences-asclepiade-stratifiees-froid	48325266047195	10 sachets / Sullivantii		59.99	99.99	11.0	21	oui	80	GRAMS
Semences d’asclépiade stratifiées à froid  - prêtes à semer	graines-semences-asclepiade-stratifiees-froid	48361429729499	10 sachets / Viridis		59.99	99.99	1.1	10	oui	80	GRAMS
Service de plantation d'asclépiade - Biodiversité & revenus agricoles	service-plantation-asclepiade-papillons-monarques	48354642821339	Mini-jardin (25 pi2)		119.99			25	oui	0	GRAMS
Service de plantation d'asclépiade - Biodiversité & revenus agricoles	service-plantation-asclepiade-papillons-monarques	48354642854107	Grand jardin (150 pi2)		249.99			49	oui	0	GRAMS
Service de plantation d'asclépiade - Biodiversité & revenus agricoles	service-plantation-asclepiade-papillons-monarques	48355519201499	Garde-manger à monarques (500 pi2)		399.99			10	oui	0	GRAMS
Service de plantation d'asclépiade - Biodiversité & revenus agricoles	service-plantation-asclepiade-papillons-monarques	48354642886875	Habitat à monarques (1500 pi2)		599.99			10	oui	0	GRAMS
Soie d'asclépiade pure en vrac	isolant-asclepiade-soie-amerique	46432995049691	2.5 grammes (4"x6")	MW-FL-2.5g	12.99		0.25	475	oui	5	GRAMS
Soie d'asclépiade pure en vrac	isolant-asclepiade-soie-amerique	46432995082459	5 grammes (6"x8")	MW-FL-5g	16.99		0.5	229	oui	10	GRAMS
Soie d'asclépiade pure en vrac	isolant-asclepiade-soie-amerique	46432995115227	15 grammes (11"x11")	MW-FL-15g	24.99		1.5	61	oui	20	GRAMS
Sous-plat	milkweed-large-trivet	44856482496731	Default Title	TRIVET-24-BK	24.99			0	oui	70	GRAMS
Sous-verres en bois Asclépiade et Monarque - gravés au laser	sous-verre-bois-cadeau-asclepiade-monarque	47883641815259	2		19.99			-11	oui	1	GRAMS
Sous-verres en bois Asclépiade et Monarque - gravés au laser	sous-verre-bois-cadeau-asclepiade-monarque	47883641848027	4		29.99			10	oui	1	GRAMS
Sous-verres en bois Asclépiade et Monarque - gravés au laser	sous-verre-bois-cadeau-asclepiade-monarque	47883641880795	8		46.99			18	oui	1	GRAMS
Tuque de ville isolée à l'asclépiade	tuque-ville-asclepiade	46021755961563	Noir	FISHBEANIE-24-BK	39.99		17.28	8	oui	70	GRAMS
Tuque de ville isolée à l'asclépiade	tuque-ville-asclepiade	46021756092635	Gris cendré	FISHBEANIE-24-GREY	39.99		17.28	72	oui	70	GRAMS
Tuque de ville isolée à l'asclépiade	tuque-ville-asclepiade	46021756027099	Jaune paille	FISHBEANIE-24-YEL	39.99		17.28	14	oui	70	GRAMS
Tuque sport en asclépiade	tuque-sport-asclepiade	46021773459675	S/M	SPORTBEANIE-24-BK-S/M	49.99	49.99	14.48	23	oui	20	GRAMS
Tuque sport en asclépiade	tuque-sport-asclepiade	46021773492443	M/L	SPORTBEANIE-24-BK-M/L	49.99	49.99	14.48	172	oui	20	GRAMS
Veste sans manche isolée à l'asclépiade	veste-sans-manche-asclepiade	46831932244187	Femme / S		199.99	239.99	60.0	1	oui	250	GRAMS
Veste sans manche isolée à l'asclépiade	veste-sans-manche-asclepiade	46831932276955	Femme / M		199.99	239.99	60.0	-1	oui	250	GRAMS
Veste sans manche isolée à l'asclépiade	veste-sans-manche-asclepiade	46831932309723	Femme / L		199.99	239.99	60.0	-6	oui	250	GRAMS
Veste sans manche isolée à l'asclépiade	veste-sans-manche-asclepiade	46831932342491	Femme / XL		199.99	239.99	60.0	3	oui	250	GRAMS
Veste sans manche isolée à l'asclépiade	veste-sans-manche-asclepiade	46851717169371	Femme / 2XL		199.99	239.99	50.0	0	oui	0	GRAMS
Veste sans manche isolée à l'asclépiade	veste-sans-manche-asclepiade	46831932211419	Femme / XS		199.99	239.99	60.0	2	oui	250	GRAMS
Veste sans manche isolée à l'asclépiade	veste-sans-manche-asclepiade	46831932375259	Homme / S		199.99	239.99	60.0	0	oui	250	GRAMS
Veste sans manche isolée à l'asclépiade	veste-sans-manche-asclepiade	46831932408027	Homme / M		199.99	239.99	60.0	-1	oui	250	GRAMS
Veste sans manche isolée à l'asclépiade	veste-sans-manche-asclepiade	46831932440795	Homme / L		199.99	239.99	60.0	-3	oui	250	GRAMS
Veste sans manche isolée à l'asclépiade	veste-sans-manche-asclepiade	46831932473563	Homme / XL		199.99	239.99	60.0	1	oui	250	GRAMS
Veste sans manche isolée à l'asclépiade	veste-sans-manche-asclepiade	46831932506331	Homme / 2XL		199.99	239.99	60.0	0	oui	250	GRAMS
